"","Date","P","R"
"1",1981-01-01,0,0.18349316591616
"2",1981-01-02,0.497246111545297,0.171260288188416
"3",1981-01-03,0,0.168813712642867
"4",1981-01-04,0.560405554963482,0.166367137097318
"5",1981-01-05,0,0.16392056155177
"6",1981-01-06,0,0.16392056155177
"7",1981-01-07,3.50298998673757,0.173706863733965
"8",1981-01-08,0.0766522218503265,0.173706863733965
"9",1981-01-09,0,0.166367137097318
"10",1981-01-10,0,0.16392056155177
"11",1981-01-11,0,0.159027410460672
"12",1981-01-12,0,0.146794532732928
"13",1981-01-13,0,0.14190138164183
"14",1981-01-14,0,0.159027410460672
"15",1981-01-15,0,0.159027410460672
"16",1981-01-16,0,0.156580834915123
"17",1981-01-17,0.732831664456262,0.151687683824026
"18",1981-01-18,0,0.149241108278477
"19",1981-01-19,0,0.144347957187379
"20",1981-01-20,0,0.149241108278477
"21",1981-01-21,0,0.146794532732928
"22",1981-01-22,0,0.139454806096282
"23",1981-01-23,0,0.139454806096282
"24",1981-01-24,0,0.139454806096282
"25",1981-01-25,0,0.134561655005184
"26",1981-01-26,0,0.134561655005184
"27",1981-01-27,0,0.144347957187379
"28",1981-01-28,0,0.161473986006221
"29",1981-01-29,0,0.149241108278477
"30",1981-01-30,0,0.137008230550733
"31",1981-01-31,0,0.134561655005184
"32",1981-02-01,0.000744999983347954,0.124775352822989
"33",1981-02-02,1.91481557276514,0.910126102944154
"34",1981-02-03,7.98416502147251,1.2330740749566
"35",1981-02-04,0.00852611113639754,0.415917842743296
"36",1981-02-05,0.154628888593469,0.281356187738112
"37",1981-02-06,0,0.227531525736038
"38",1981-02-07,0.000910555550621616,0.215298648008294
"39",1981-02-08,3.20896332417593,0.423257569379942
"40",1981-02-09,1.78444056092368,0.582284979840614
"41",1981-02-10,0,0.357200029650125
"42",1981-02-11,0.724636674245198,0.499101411291955
"43",1981-02-12,6.63107942612965,1.36518915441623
"44",1981-02-13,0,0.587178130931712
"45",1981-02-14,0,0.403684965015552
"46",1981-02-15,0,0.337627425285734
"47",1981-02-16,0,0.300928792102502
"48",1981-02-17,0.190554444286558,0.293589065465856
"49",1981-02-18,0,0.3058219431936
"50",1981-02-19,0,0.308268518739149
"51",1981-02-20,7.1087899898953,2.00129879625892
"52",1981-02-21,17.3124756389194,3.62093180741222
"53",1981-02-22,3.53643221653831,2.74016461101466
"54",1981-02-23,0.000413888895056315,1.52666314042245
"55",1981-02-24,12.29142384847,3.2539454755799
"56",1981-02-25,0.61586666153537,3.18054820921344
"57",1981-02-26,4.59996110163796,2.3413727970902
"58",1981-02-27,0.456022779040866,1.87897001898148
"59",1981-02-28,0,1.43613984523715
"60",1981-03-01,0.321508888471356,1.29179188804977
"61",1981-03-02,0,0.797583627848909
"62",1981-03-03,0,0.738865814755738
"63",1981-03-04,0,0.660575397298176
"64",1981-03-05,0,0.707060332663603
"65",1981-03-06,0.109680554892557,0.680148001662567
"66",1981-03-07,0.0633249996176195,0.648342519570432
"67",1981-03-08,0.831006113953059,0.648342519570432
"68",1981-03-09,0,0.599411008659456
"69",1981-03-10,0,0.562712375476224
"70",1981-03-11,0,0.535800044475187
"71",1981-03-12,0,0.511334289019699
"72",1981-03-13,0,0.491761684655309
"73",1981-03-14,0,0.467295929199821
"74",1981-03-15,0,0.420810993834394
"75",1981-03-16,0,0.411024691652198
"76",1981-03-17,0,0.413471267197747
"77",1981-03-18,0.000910555550621616,0.406131540561101
"78",1981-03-19,0,0.384112360651162
"79",1981-03-20,0,0.376772634014515
"80",1981-03-21,0,0.369432907377869
"81",1981-03-22,0,0.359646605195674
"82",1981-03-23,0,0.354753454104576
"83",1981-03-24,0,0.354753454104576
"84",1981-03-25,0,0.354753454104576
"85",1981-03-26,0.57216000003947,0.359646605195674
"86",1981-03-27,0.66180833274126,0.357200029650125
"87",1981-03-28,0.00894000003145387,0.364539756286771
"88",1981-03-29,0,0.335180849740186
"89",1981-03-30,0,0.340074000831283
"90",1981-03-31,2.1297894500494,0.389005511742259
"91",1981-04-01,0,0.352306878559027
"92",1981-04-02,4.28896499305302,0.59207128202281
"93",1981-04-03,0,0.474635655836467
"94",1981-04-04,0.0003311111037102,0.376772634014515
"95",1981-04-05,0.00190388889258934,0.369432907377869
"96",1981-04-06,5.23867448896831,0.660575397298176
"97",1981-04-07,0,0.518674015656346
"98",1981-04-08,0,0.403684965015552
"99",1981-04-09,0,0.359646605195674
"100",1981-04-10,0.874298885967998,0.34741372746793
"101",1981-04-11,0,0.327841123103539
"102",1981-04-12,0,0.313161669830246
"103",1981-04-13,0,0.293589065465856
"104",1981-04-14,0,0.474635655836467
"105",1981-04-15,7.55918387752109,0.670361699480371
"106",1981-04-16,0,0.462402778108723
"107",1981-04-17,0,0.381665785105613
"108",1981-04-18,0.0557922223628394,0.357200029650125
"109",1981-04-19,0,0.322947972012442
"110",1981-04-20,0,0.3058219431936
"111",1981-04-21,0,0.291142489920307
"112",1981-04-22,0,0.276463036647014
"113",1981-04-23,0.0317866666191775,0.28624933882921
"114",1981-04-24,3.38494888162613,0.401238389470003
"115",1981-04-25,1.26600333775414,0.406131540561101
"116",1981-04-26,0,0.34741372746793
"117",1981-04-27,0,0.3058219431936
"118",1981-04-28,0,0.291142489920307
"119",1981-04-29,2.50253778709306,0.430597296016589
"120",1981-04-30,1.01212389070458,0.406131540561101
"121",1981-05-01,0.0173005554618107,0.342520576376832
"122",1981-05-02,0.153138889243516,0.320501396466893
"123",1981-05-03,0.0828605550294742,0.313161669830246
"124",1981-05-04,0.299572778806504,0.281356187738112
"125",1981-05-05,0,0.266676734464819
"126",1981-05-06,0,0.26423015891927
"127",1981-05-07,0,0.254443856737075
"128",1981-05-08,0,0.232424676827136
"129",1981-05-09,0,0.222638374644941
"130",1981-05-10,0.00331111099084632,0.227531525736038
"131",1981-05-11,1.66292278061973,0.269123310010368
"132",1981-05-12,6.31048108079697,0.609197310841651
"133",1981-05-13,0.417200001282824,0.494208260200858
"134",1981-05-14,0,0.352306878559027
"135",1981-05-15,0,0.330287698649088
"136",1981-05-16,9.56431006378597,1.14499735531684
"137",1981-05-17,2.24004945936468,0.893000074125312
"138",1981-05-18,0,0.518674015656346
"139",1981-05-19,0,0.401238389470003
"140",1981-05-20,0,0.354753454104576
"141",1981-05-21,0,0.322947972012442
"142",1981-05-22,0,0.300928792102502
"143",1981-05-23,0,0.281356187738112
"144",1981-05-24,0,0.261783583373722
"145",1981-05-25,0,0.242210979009331
"146",1981-05-26,0,0.232424676827136
"147",1981-05-27,0,0.227531525736038
"148",1981-05-28,0,0.220191799099392
"149",1981-05-29,7.11930272409651,0.533353468929639
"150",1981-05-30,0.506351666835654,0.379219209560064
"151",1981-05-31,0,0.291142489920307
"152",1981-06-01,0,0.24465755455488
"153",1981-06-02,0,0.22508495019049
"154",1981-06-03,0.646328888750739,0.237317827918234
"155",1981-06-04,2.70352220564418,0.315608245375795
"156",1981-06-05,1.2565666702191,0.313161669830246
"157",1981-06-06,0,0.259337007828173
"158",1981-06-07,0.47282666294401,0.281356187738112
"159",1981-06-08,0.0917177777321388,0.227531525736038
"160",1981-06-09,0.912625001973577,0.22508495019049
"161",1981-06-10,0.413474998667836,0.215298648008294
"162",1981-06-11,0.00918833331298082,0.212852072462746
"163",1981-06-12,0,0.198172619189453
"164",1981-06-13,3.86009332291286,0.310715094284698
"165",1981-06-14,0.719752780146068,0.269123310010368
"166",1981-06-15,2.75467889851994,0.291142489920307
"167",1981-06-16,1.60141889512539,0.42815072047104
"168",1981-06-17,0,0.283802763283661
"169",1981-06-18,0,0.222638374644941
"170",1981-06-19,0,0.205512345826099
"171",1981-06-20,0.0711888880686213,0.330287698649088
"172",1981-06-21,3.01989885873263,0.484421958018663
"173",1981-06-22,0.843753890428277,0.359646605195674
"174",1981-06-23,2.74524220532841,0.354753454104576
"175",1981-06-24,0,0.276463036647014
"176",1981-06-25,0,0.251997281191526
"177",1981-06-26,4.76253668371836,0.330287698649088
"178",1981-06-27,0,0.291142489920307
"179",1981-06-28,0,0.22508495019049
"180",1981-06-29,0,0.200619194735002
"181",1981-06-30,0,0.185939741461709
"182",1981-07-01,0,0.181046590370611
"183",1981-07-02,1.93741389046775,0.278909612192563
"184",1981-07-03,2.15735444744428,0.291142489920307
"185",1981-07-04,4.10933723264271,0.533353468929639
"186",1981-07-05,11.0599389078352,1.14989050640794
"187",1981-07-06,1.31169666106171,0.961504189400678
"188",1981-07-07,0,0.521120591201894
"189",1981-07-08,0,0.376772634014515
"190",1981-07-09,0,0.303375367648051
"191",1981-07-10,0.0769833325068985,0.26423015891927
"192",1981-07-11,0,0.232424676827136
"193",1981-07-12,0,0.210405496917197
"194",1981-07-13,0,0.198172619189453
"195",1981-07-14,0.611231114872008,0.195726043643904
"196",1981-07-15,0,0.188386317007258
"197",1981-07-16,0,0.166367137097318
"198",1981-07-17,0,0.166367137097318
"199",1981-07-18,0,0.16392056155177
"200",1981-07-19,0.282603334880123,0.159027410460672
"201",1981-07-20,1.48461943181356,0.185939741461709
"202",1981-07-21,5.36557278219858,0.288695914374758
"203",1981-07-22,0.759486115058264,0.254443856737075
"204",1981-07-23,0,0.195726043643904
"205",1981-07-24,0,0.166367137097318
"206",1981-07-25,0,0.159027410460672
"207",1981-07-26,0,0.151687683824026
"208",1981-07-27,0.274491112068295,0.151687683824026
"209",1981-07-28,0,0.144347957187379
"210",1981-07-29,1.20284389038881,0.144347957187379
"211",1981-07-30,0,0.134561655005184
"212",1981-07-31,0,0.127221928368538
"213",1981-08-01,0,0.119882201731891
"214",1981-08-02,0,0.112542475095245
"215",1981-08-03,0,0.107649324004147
"216",1981-08-04,0,0.110095899549696
"217",1981-08-05,0,0.178600014825062
"218",1981-08-06,3.63386169240211,0.168813712642867
"219",1981-08-07,0,0.129668503914086
"220",1981-08-08,0,0.12232877727744
"221",1981-08-09,0.512725555042425,0.12232877727744
"222",1981-08-10,0,0.119882201731891
"223",1981-08-11,0,0.124775352822989
"224",1981-08-12,0.151731664154058,0.127221928368538
"225",1981-08-13,0.490623890704579,0.127221928368538
"226",1981-08-14,0,0.107649324004147
"227",1981-08-15,0.0968500011656434,0.105202748458598
"228",1981-08-16,2.2273016799291,0.161473986006221
"229",1981-08-17,0,0.129668503914086
"230",1981-08-18,0,0.107649324004147
"231",1981-08-19,0,0.10275617291305
"232",1981-08-20,0,0.097863021821952
"233",1981-08-21,0,0.097863021821952
"234",1981-08-22,0,0.0954164462764032
"235",1981-08-23,0,0.0929698707308544
"236",1981-08-24,0.0155622220131465,0.0905232951853056
"237",1981-08-25,0.0398161111462655,0.0929698707308544
"238",1981-08-26,0,0.0929698707308544
"239",1981-08-27,0,0.0929698707308544
"240",1981-08-28,0,0.0929698707308544
"241",1981-08-29,0,0.0905232951853056
"242",1981-08-30,8.27777759275504e-05,0.085630144094208
"243",1981-08-31,0.00413888895056315,0.085630144094208
"244",1981-09-01,3.64073221180175,0.16392056155177
"245",1981-09-02,0.761390004105039,0.132115079459635
"246",1981-09-03,0,0.105202748458598
"247",1981-09-04,0,0.100309597367501
"248",1981-09-05,0.29460610958344,0.0954164462764032
"249",1981-09-06,1.13612499337002,0.0905232951853056
"250",1981-09-07,0,0.0831835685486592
"251",1981-09-08,0.223251665007013,0.0905232951853056
"252",1981-09-09,8.94281449307335,0.467295929199821
"253",1981-09-10,0,0.352306878559027
"254",1981-09-11,0,0.173706863733965
"255",1981-09-12,0,0.132115079459635
"256",1981-09-13,0.0001655555518551,0.117435626186342
"257",1981-09-14,0,0.10275617291305
"258",1981-09-15,3.86456333443855,0.151687683824026
"259",1981-09-16,5.89104611174266,0.308268518739149
"260",1981-09-17,1.46640833017561,0.249550705645978
"261",1981-09-18,0.0633250000030837,0.178600014825062
"262",1981-09-19,0.234923332769631,0.146794532732928
"263",1981-09-20,0.0372499998766515,0.129668503914086
"264",1981-09-21,0.167045555738111,0.117435626186342
"265",1981-09-22,0,0.119882201731891
"266",1981-09-23,5.44520496400199,0.198172619189453
"267",1981-09-24,0.143453887887299,0.171260288188416
"268",1981-09-25,0,0.129668503914086
"269",1981-09-26,0,0.114989050640794
"270",1981-09-27,0,0.107649324004147
"271",1981-09-28,0.0541366673993567,0.10275617291305
"272",1981-09-29,0,0.100309597367501
"273",1981-09-30,0,0.0954164462764032
"274",1981-10-01,0.123587221510501,0.144347957187379
"275",1981-10-02,12.3381932739682,0.760884994665677
"276",1981-10-03,0.359007223495179,0.477082231382016
"277",1981-10-04,0,0.254443856737075
"278",1981-10-05,0.00960222211552576,0.190832892552806
"279",1981-10-06,0,0.166367137097318
"280",1981-10-07,1.0197394449181,0.171260288188416
"281",1981-10-08,0.351971110213135,0.156580834915123
"282",1981-10-09,0,0.14190138164183
"283",1981-10-10,0,0.134561655005184
"284",1981-10-11,0,0.127221928368538
"285",1981-10-12,0,0.12232877727744
"286",1981-10-13,0,0.12232877727744
"287",1981-10-14,0,0.119882201731891
"288",1981-10-15,0,0.12232877727744
"289",1981-10-16,0,0.12232877727744
"290",1981-10-17,0,0.119882201731891
"291",1981-10-18,0,0.220191799099392
"292",1981-10-19,11.581438876258,0.599411008659456
"293",1981-10-20,0,0.374326058468966
"294",1981-10-21,0,0.234871252372685
"295",1981-10-22,0,0.193279468098355
"296",1981-10-23,2.00247722687986,0.222638374644941
"297",1981-10-24,10.4291722190645,0.685041152753664
"298",1981-10-25,0,0.464849353654272
"299",1981-10-26,6.55914558018578,0.650789095115981
"300",1981-10-27,1.56267889457279,0.626323339660493
"301",1981-10-28,3.93235829149353,0.633663066297139
"302",1981-10-29,0,0.477082231382016
"303",1981-10-30,0,0.337627425285734
"304",1981-10-31,0,0.278909612192563
"305",1981-11-01,0,0.249550705645978
"306",1981-11-02,0,0.247104130100429
"307",1981-11-03,0,0.22508495019049
"308",1981-11-04,0,0.215298648008294
"309",1981-11-05,0,0.207958921371648
"310",1981-11-06,3.28189056566027,0.28624933882921
"311",1981-11-07,0.100161111447236,0.293589065465856
"312",1981-11-08,0,0.237317827918234
"313",1981-11-09,0.00289722223455707,0.210405496917197
"314",1981-11-10,0,0.198172619189453
"315",1981-11-11,0.00629111104758663,0.190832892552806
"316",1981-11-12,0.0216049998871361,0.188386317007258
"317",1981-11-13,0,0.181046590370611
"318",1981-11-14,0,0.173706863733965
"319",1981-11-15,0.103968888353556,0.176153439279514
"320",1981-11-16,1.88385666603512,0.20306577028055
"321",1981-11-17,0.27043500013815,0.198172619189453
"322",1981-11-18,5.75793944570753,0.344967151922381
"323",1981-11-19,0.0633250002035251,0.320501396466893
"324",1981-11-20,0.458837220307855,0.357200029650125
"325",1981-11-21,3.75662111647925,0.413471267197747
"326",1981-11-22,0,0.318054820921344
"327",1981-11-23,0,0.261783583373722
"328",1981-11-24,0,0.234871252372685
"329",1981-11-25,0,0.222638374644941
"330",1981-11-26,0,0.210405496917197
"331",1981-11-27,0.683164997789594,0.210405496917197
"332",1981-11-28,0,0.210405496917197
"333",1981-11-29,0,0.200619194735002
"334",1981-11-30,0,0.190832892552806
"335",1981-12-01,0,0.210405496917197
"336",1981-12-02,14.7544766830868,1.64654534215434
"337",1981-12-03,1.19241389244133,1.08138639113257
"338",1981-12-04,0,0.601857584205005
"339",1981-12-05,0.00215222223579056,0.440383598198784
"340",1981-12-06,0.0391538887846596,0.374326058468966
"341",1981-12-07,0.322667775900414,0.335180849740186
"342",1981-12-08,0,0.320501396466893
"343",1981-12-09,0.0178799996928623,0.308268518739149
"344",1981-12-10,0,0.293589065465856
"345",1981-12-11,0,0.274016461101466
"346",1981-12-12,0,0.274016461101466
"347",1981-12-13,0,0.261783583373722
"348",1981-12-14,0,0.256890432282624
"349",1981-12-15,8.83793500063155,0.665468548389274
"350",1981-12-16,8.80424443181355,1.56580834915123
"351",1981-12-17,0.0730100002800011,1.03979460685824
"352",1981-12-18,1.49918833246496,0.650789095115981
"353",1981-12-19,0,0.511334289019699
"354",1981-12-20,0,0.349860303013478
"355",1981-12-21,0,0.261783583373722
"356",1981-12-22,0.084433334838185,0.38655893619671
"357",1981-12-23,2.22622555997637,0.53090689338409
"358",1981-12-24,0.693926118373871,0.648342519570432
"359",1981-12-25,0,0.513780864565248
"360",1981-12-26,0.00761555549326457,0.423257569379942
"361",1981-12-27,0,0.393898662833357
"362",1981-12-28,1.77889445312818,0.401238389470003
"363",1981-12-29,0.785395552555719,0.435490447107686
"364",1981-12-30,0,0.40857811610665
"365",1981-12-31,0,0.357200029650125
"366",1982-01-01,0.791024449891514,0.711953483754701
"367",1982-01-02,4.45750055070055,1.09361926886031
"368",1982-01-03,0.0101816668553899,0.685041152753664
"369",1982-01-04,7.1893327638838,3.22947972012442
"370",1982-01-05,13.1278933813307,4.33043871562138
"371",1982-01-06,0,2.3511590992724
"372",1982-01-07,0.160009445000129,1.45571244960154
"373",1982-01-08,0,0.574945253203968
"374",1982-01-09,0,0.748652116937933
"375",1982-01-10,0.225735000458857,0.658128821752627
"376",1982-01-11,0.0903933337644364,0.555372648839578
"377",1982-01-12,0,0.513780864565248
"378",1982-01-13,0,0.48931510910976
"379",1982-01-14,5.71613669003381,0.464849353654272
"380",1982-01-15,0.569511109899213,0.440383598198784
"381",1982-01-16,0,0.391452087287808
"382",1982-01-17,0.0502461109902295,0.36698633183232
"383",1982-01-18,0.339968333258707,0.342520576376832
"384",1982-01-19,0,0.330287698649088
"385",1982-01-20,0.391787220110495,0.3058219431936
"386",1982-01-21,0,0.293589065465856
"387",1982-01-22,0,0.281356187738112
"388",1982-01-23,0.762548889668451,0.269123310010368
"389",1982-01-24,3.22444276372592,0.24465755455488
"390",1982-01-25,1.76954058478545,0.411024691652198
"391",1982-01-26,0,0.36698633183232
"392",1982-01-27,0,0.330287698649088
"393",1982-01-28,0.0192044449248869,0.293589065465856
"394",1982-01-29,0,0.278909612192563
"395",1982-01-30,0,0.154134259369574
"396",1982-01-31,0.0003311111037102,0.271569885555917
"397",1982-02-01,13.979676600986,2.76463036647014
"398",1982-02-02,0.021191111901775,1.93279468098355
"399",1982-02-03,7.17840611553191,2.66676734464819
"400",1982-02-04,4.16844054513508,3.54753454104576
"401",1982-02-05,0,2.44412897000325
"402",1982-02-06,0.0460244444333432,1.40433436314501
"403",1982-02-07,0,0.97863021821952
"404",1982-02-08,0,0.822049383304397
"405",1982-02-09,1.21012833183341,0.758438419120128
"406",1982-02-10,1.18819222782718,0.702167181572506
"407",1982-02-11,0,0.599411008659456
"408",1982-02-12,0,0.560265799930675
"409",1982-02-13,0,0.543139771111834
"410",1982-02-14,0,0.491761684655309
"411",1982-02-15,0,0.526013742292992
"412",1982-02-16,0,0.758438419120128
"413",1982-02-17,0,0.831835685486592
"414",1982-02-18,0,0.636109641842688
"415",1982-02-19,0.0234261109112866,0.548032922202931
"416",1982-02-20,1.20160222021904,0.572498677658419
"417",1982-02-21,0,0.621430188569395
"418",1982-02-22,0.516616111821599,0.560265799930675
"419",1982-02-23,0,0.533353468929639
"420",1982-02-24,0,0.503994562383053
"421",1982-02-25,0,0.455063051472077
"422",1982-02-26,0,0.403684965015552
"423",1982-02-27,0,0.401238389470003
"424",1982-02-28,0,0.391452087287808
"425",1982-03-01,0.00546333330372971,0.379219209560064
"426",1982-03-02,0.576133331557115,0.396345238378906
"427",1982-03-03,0,0.389005511742259
"428",1982-03-04,0,0.340074000831283
"429",1982-03-05,2.82595055839751,0.486868533564211
"430",1982-03-06,0,0.526013742292992
"431",1982-03-07,0.742268337480309,0.633663066297139
"432",1982-03-08,3.68468720738092,1.03734803131269
"433",1982-03-09,0.0147344444388938,0.648342519570432
"434",1982-03-10,0.861551110479565,0.511334289019699
"435",1982-03-11,0.065394445156782,0.503994562383053
"436",1982-03-12,0.839615004499752,0.604304159750554
"437",1982-03-13,0.124332221863895,0.685041152753664
"438",1982-03-14,0.407349443665498,0.69238087939031
"439",1982-03-15,0,0.604304159750554
"440",1982-03-16,0,0.540693195566285
"441",1982-03-17,2.69665166650878,0.599411008659456
"442",1982-03-18,1.14796221685409,0.675254850571469
"443",1982-03-19,0,0.609197310841651
"444",1982-03-20,0,0.560265799930675
"445",1982-03-21,0.0232605555136171,0.533353468929639
"446",1982-03-22,0.970652222143278,0.555372648839578
"447",1982-03-23,0,0.521120591201894
"448",1982-03-24,0,0.481975382473114
"449",1982-03-25,0,0.459956202563174
"450",1982-03-26,0.369188887606065,0.513780864565248
"451",1982-03-27,0.516202223759145,0.494208260200858
"452",1982-03-28,0,0.42815072047104
"453",1982-03-29,0.409005000463789,0.401238389470003
"454",1982-03-30,0.051487778400071,0.403684965015552
"455",1982-03-31,0.00720166676781243,0.477082231382016
"456",1982-04-01,3.38544555176629,0.621430188569395
"457",1982-04-02,0,0.506441137928602
"458",1982-04-03,0,1.01043570031165
"459",1982-04-04,13.1670471401215,2.38051800581898
"460",1982-04-05,0.0557922236117431,1.40922751423611
"461",1982-04-06,0.364967224472098,0.934591858399642
"462",1982-04-07,6.23142834091185,0.802476778940006
"463",1982-04-08,0.0102644443383647,0.782904174575616
"464",1982-04-09,0,0.768224721302323
"465",1982-04-10,0,0.807369930031104
"466",1982-04-11,0,0.919912405126349
"467",1982-04-12,0.174412777857338,0.868534318669824
"468",1982-04-13,0.0145688890720614,0.768224721302323
"469",1982-04-14,0.601132222261695,0.707060332663603
"470",1982-04-15,0,0.626323339660493
"471",1982-04-16,0,0.572498677658419
"472",1982-04-17,0,0.555372648839578
"473",1982-04-18,3.57674499336878,0.702167181572506
"474",1982-04-19,0,0.626323339660493
"475",1982-04-20,0,0.540693195566285
"476",1982-04-21,0.0251644444678807,0.499101411291955
"477",1982-04-22,0.147923889005453,0.486868533564211
"478",1982-04-23,0,0.44772332483543
"479",1982-04-24,0,0.42815072047104
"480",1982-04-25,0,0.413471267197747
"481",1982-04-26,0,0.599411008659456
"482",1982-04-27,12.6308127689362,1.68569055088312
"483",1982-04-28,2.12109778377745,1.127871326498
"484",1982-04-29,0.706094437142212,0.841621987668787
"485",1982-04-30,0,0.660575397298176
"486",1982-05-01,0,0.572498677658419
"487",1982-05-02,0,0.513780864565248
"488",1982-05-03,0.0233433329503362,0.481975382473114
"489",1982-05-04,0.205619999536209,0.46974250474537
"490",1982-05-05,0,0.437937022653235
"491",1982-05-06,0,0.418364418288845
"492",1982-05-07,0,0.403684965015552
"493",1982-05-08,0,0.384112360651162
"494",1982-05-09,0.00496666667900152,0.371879482923418
"495",1982-05-10,0,0.364539756286771
"496",1982-05-11,0,0.342520576376832
"497",1982-05-12,0,0.335180849740186
"498",1982-05-13,0,0.327841123103539
"499",1982-05-14,0,0.320501396466893
"500",1982-05-15,0,0.3058219431936
"501",1982-05-16,0,0.288695914374758
"502",1982-05-17,0,0.28624933882921
"503",1982-05-18,0,0.271569885555917
"504",1982-05-19,0.235999446277403,0.28624933882921
"505",1982-05-20,0.202971111138248,0.344967151922381
"506",1982-05-21,1.7486805516084,0.376772634014515
"507",1982-05-22,0.064152778579543,0.303375367648051
"508",1982-05-23,0.254872778202096,0.296035641011405
"509",1982-05-24,2.50866333680683,0.381665785105613
"510",1982-05-25,2.4495600045787,0.477082231382016
"511",1982-05-26,0,0.379219209560064
"512",1982-05-27,0,0.308268518739149
"513",1982-05-28,0,0.276463036647014
"514",1982-05-29,9.93854831059774,0.787797325666714
"515",1982-05-30,2.23127499960528,0.946824736127386
"516",1982-05-31,1.3092133422465,0.711953483754701
"517",1982-06-01,6.12944609753292,0.548032922202931
"518",1982-06-02,15.0023134015401,2.4465755455488
"519",1982-06-03,0.00124166665433182,1.55112889587794
"520",1982-06-04,0.344107221669622,0.812263081122202
"521",1982-06-05,6.53505722443263,6.26323339660493
"522",1982-06-06,38.3631956938637,17.6398096834069
"523",1982-06-07,23.9686363900503,9.93309671492813
"524",1982-06-08,0.302138891047488,5.38246620020736
"525",1982-06-09,0,2.71569885555917
"526",1982-06-10,0,1.75664124170404
"527",1982-06-11,0,1.36763572996178
"528",1982-06-12,0,1.03734803131269
"529",1982-06-13,0.342037778211964,1.10829872213361
"530",1982-06-14,10.0685094753901,1.79578645043282
"531",1982-06-15,0.0639872226268054,1.51443026269471
"532",1982-06-16,0,1.10829872213361
"533",1982-06-17,3.05971500094731,1.43858642078269
"534",1982-06-18,0,1.10829872213361
"535",1982-06-19,0,0.880767196397568
"536",1982-06-20,0.102396111597721,0.817156232213299
"537",1982-06-21,1.11352666552199,0.753545268029031
"538",1982-06-22,0.621247219607233,0.716846634845798
"539",1982-06-23,1.06841278117233,0.702167181572506
"540",1982-06-24,0,0.658128821752627
"541",1982-06-25,0,0.594517857568358
"542",1982-06-26,0,0.548032922202931
"543",1982-06-27,0.00935388888025449,0.565158951021773
"544",1982-06-28,0.446006663173437,0.513780864565248
"545",1982-06-29,0,0.572498677658419
"546",1982-06-30,4.39963888888889,0.660575397298176
"547",1982-07-01,0,0.540693195566285
"548",1982-07-02,0,0.464849353654272
"549",1982-07-03,0,0.42815072047104
"550",1982-07-04,0,0.413471267197747
"551",1982-07-05,0,0.376772634014515
"552",1982-07-06,0,0.374326058468966
"553",1982-07-07,0,0.369432907377869
"554",1982-07-08,0,0.357200029650125
"555",1982-07-09,0,0.342520576376832
"556",1982-07-10,0,0.32539454755799
"557",1982-07-11,0,0.310715094284698
"558",1982-07-12,0,0.335180849740186
"559",1982-07-13,1.9500789000988,0.342520576376832
"560",1982-07-14,0,0.327841123103539
"561",1982-07-15,0,0.303375367648051
"562",1982-07-16,0,0.288695914374758
"563",1982-07-17,0.000413888895056315,0.271569885555917
"564",1982-07-18,0,0.26423015891927
"565",1982-07-19,0,0.261783583373722
"566",1982-07-20,0.462148332208394,0.484421958018663
"567",1982-07-21,8.46973943307665,0.596964433113907
"568",1982-07-22,0,0.389005511742259
"569",1982-07-23,0,0.288695914374758
"570",1982-07-24,0,0.26423015891927
"571",1982-07-25,0,0.249550705645978
"572",1982-07-26,0,0.249550705645978
"573",1982-07-27,0,0.207958921371648
"574",1982-07-28,5.53137666098277,0.445276749289882
"575",1982-07-29,5.54867724148431,0.638556217388237
"576",1982-07-30,0,0.374326058468966
"577",1982-07-31,0,0.288695914374758
"578",1982-08-01,0,0.261783583373722
"579",1982-08-02,0,0.237317827918234
"580",1982-08-03,0,0.227531525736038
"581",1982-08-04,0,0.212852072462746
"582",1982-08-05,0,0.210405496917197
"583",1982-08-06,0,0.178600014825062
"584",1982-08-07,0,0.188386317007258
"585",1982-08-08,0.0598483350176572,0.185939741461709
"586",1982-08-09,5.8370750205252,0.445276749289882
"587",1982-08-10,8.66509497600132,0.907679527398605
"588",1982-08-11,0.13277555645785,0.533353468929639
"589",1982-08-12,0.507344998697439,0.352306878559027
"590",1982-08-13,0,0.296035641011405
"591",1982-08-14,0,0.254443856737075
"592",1982-08-15,0,0.229978101281587
"593",1982-08-16,0,0.20306577028055
"594",1982-08-17,0.28814944307651,0.239764403463782
"595",1982-08-18,0.791107222163015,0.222638374644941
"596",1982-08-19,0,0.20306577028055
"597",1982-08-20,0,0.195726043643904
"598",1982-08-21,0,0.200619194735002
"599",1982-08-22,0,0.193279468098355
"600",1982-08-23,0.0817844447595999,0.195726043643904
"601",1982-08-24,1.5048172174659,0.195726043643904
"602",1982-08-25,0.763707776434514,0.207958921371648
"603",1982-08-26,6.44218053976696,0.24465755455488
"604",1982-08-27,0,0.220191799099392
"605",1982-08-28,0,0.207958921371648
"606",1982-08-29,0,0.195726043643904
"607",1982-08-30,0,0.195726043643904
"608",1982-08-31,0,0.195726043643904
"609",1982-09-01,0.323081668773459,0.207958921371648
"610",1982-09-02,6.7065727743043,0.24465755455488
"611",1982-09-03,1.24373611308469,0.298482216556954
"612",1982-09-04,0,0.26423015891927
"613",1982-09-05,0,0.215298648008294
"614",1982-09-06,0,0.198172619189453
"615",1982-09-07,0,0.193279468098355
"616",1982-09-08,0,0.193279468098355
"617",1982-09-09,0,0.190832892552806
"618",1982-09-10,0,0.18349316591616
"619",1982-09-11,0,0.168813712642867
"620",1982-09-12,0,0.168813712642867
"621",1982-09-13,0,0.166367137097318
"622",1982-09-14,0,0.168813712642867
"623",1982-09-15,0,0.171260288188416
"624",1982-09-16,0.317535556167363,0.159027410460672
"625",1982-09-17,0.224907223377998,0.159027410460672
"626",1982-09-18,0,0.149241108278477
"627",1982-09-19,0,0.154134259369574
"628",1982-09-20,0,0.190832892552806
"629",1982-09-21,3.69097834406958,0.28624933882921
"630",1982-09-22,1.12221833278073,0.239764403463782
"631",1982-09-23,0.768426104558839,0.207958921371648
"632",1982-09-24,0.138652777546499,0.195726043643904
"633",1982-09-25,0,0.171260288188416
"634",1982-09-26,0,0.159027410460672
"635",1982-09-27,2.12606444570753,0.322947972012442
"636",1982-09-28,3.14779054355621,0.330287698649088
"637",1982-09-29,0,0.242210979009331
"638",1982-09-30,0,0.200619194735002
"639",1982-10-01,0,0.173706863733965
"640",1982-10-02,0,0.159027410460672
"641",1982-10-03,0,0.151687683824026
"642",1982-10-04,0,0.151687683824026
"643",1982-10-05,0,0.156580834915123
"644",1982-10-06,0,0.137008230550733
"645",1982-10-07,0,0.146794532732928
"646",1982-10-08,0.540621671620343,0.146794532732928
"647",1982-10-09,2.72512722056442,0.171260288188416
"648",1982-10-10,0.60311888637073,0.195726043643904
"649",1982-10-11,0,0.146794532732928
"650",1982-10-12,1.66813778062651,0.159027410460672
"651",1982-10-13,0,0.146794532732928
"652",1982-10-14,1.57128778709306,0.195726043643904
"653",1982-10-15,0,0.171260288188416
"654",1982-10-16,0,0.159027410460672
"655",1982-10-17,0.0430444439603016,0.146794532732928
"656",1982-10-18,0.0134100000548901,0.146794532732928
"657",1982-10-19,0,0.146794532732928
"658",1982-10-20,0,0.159027410460672
"659",1982-10-21,0.696657779475052,0.195726043643904
"660",1982-10-22,0,0.195726043643904
"661",1982-10-23,0,0.171260288188416
"662",1982-10-24,0,0.146794532732928
"663",1982-10-25,0,0.18349316591616
"664",1982-10-26,7.42326274998982,0.48931510910976
"665",1982-10-27,0,0.36698633183232
"666",1982-10-28,0,0.24465755455488
"667",1982-10-29,0,0.220191799099392
"668",1982-10-30,0,0.195726043643904
"669",1982-10-31,0,0.171260288188416
"670",1982-11-01,0.0134100000394715,0.159027410460672
"671",1982-11-02,0,0.159027410460672
"672",1982-11-03,0,0.134561655005184
"673",1982-11-04,0.110177222288214,0.134561655005184
"674",1982-11-05,6.11827113384672,0.293589065465856
"675",1982-11-06,0.0490044448138731,0.269123310010368
"676",1982-11-07,0,0.195726043643904
"677",1982-11-08,0,0.159027410460672
"678",1982-11-09,0,0.171260288188416
"679",1982-11-10,0,0.146794532732928
"680",1982-11-11,0,0.134561655005184
"681",1982-11-12,0,0.134561655005184
"682",1982-11-13,12.8630872879028,0.85630144094208
"683",1982-11-14,1.11758279052708,0.6116438863872
"684",1982-11-15,0.670003331833415,0.389005511742259
"685",1982-11-16,0,0.318054820921344
"686",1982-11-17,0,0.271569885555917
"687",1982-11-18,0,0.247104130100429
"688",1982-11-19,0,0.229978101281587
"689",1982-11-20,0,0.220191799099392
"690",1982-11-21,0,0.210405496917197
"691",1982-11-22,0,0.205512345826099
"692",1982-11-23,0.0048011110963093,0.20306577028055
"693",1982-11-24,0.1458544453011,0.198172619189453
"694",1982-11-25,0,0.188386317007258
"695",1982-11-26,0,0.176153439279514
"696",1982-11-27,0.00389055551485056,0.18349316591616
"697",1982-11-28,0,0.185939741461709
"698",1982-11-29,6.0174478137758,0.398791813924455
"699",1982-11-30,0.503620002249876,0.349860303013478
"700",1982-12-01,0,0.269123310010368
"701",1982-12-02,0.00397333344496374,0.229978101281587
"702",1982-12-03,0.0668844443988056,0.217745223553843
"703",1982-12-04,0.0378294436914019,0.215298648008294
"704",1982-12-05,0,0.207958921371648
"705",1982-12-06,0.560819447404808,0.217745223553843
"706",1982-12-07,0,0.210405496917197
"707",1982-12-08,0,0.205512345826099
"708",1982-12-09,0,0.210405496917197
"709",1982-12-10,0,0.190832892552806
"710",1982-12-11,0.217043332567956,0.176153439279514
"711",1982-12-12,0.00455277776852664,0.176153439279514
"712",1982-12-13,0.56106777902113,0.176153439279514
"713",1982-12-14,0,0.181046590370611
"714",1982-12-15,0,0.198172619189453
"715",1982-12-16,0.684820549792714,0.59207128202281
"716",1982-12-17,6.63968832259707,0.623876764114944
"717",1982-12-18,0,0.411024691652198
"718",1982-12-19,0,0.303375367648051
"719",1982-12-20,0.50469611134794,0.274016461101466
"720",1982-12-21,0.289391112783717,0.266676734464819
"721",1982-12-22,0,0.254443856737075
"722",1982-12-23,0.984972775883145,0.24465755455488
"723",1982-12-24,0.90153277575918,0.276463036647014
"724",1982-12-25,0.0528122224602848,0.298482216556954
"725",1982-12-26,0.173419442834746,0.320501396466893
"726",1982-12-27,0.934147223560554,0.300928792102502
"727",1982-12-28,0.113736666668517,0.26423015891927
"728",1982-12-29,0.0181283332519233,0.259337007828173
"729",1982-12-30,0,0.242210979009331
"730",1982-12-31,0,0.234871252372685
"731",1983-01-01,0,0.232424676827136
"732",1983-01-02,0,0.222638374644941
"733",1983-01-03,0,0.222638374644941
"734",1983-01-04,0,0.207958921371648
"735",1983-01-05,0,0.20306577028055
"736",1983-01-06,4.2168655719757,0.384112360651162
"737",1983-01-07,0.805096664614148,0.381665785105613
"738",1983-01-08,0,0.3058219431936
"739",1983-01-09,0,0.269123310010368
"740",1983-01-10,0,0.251997281191526
"741",1983-01-11,15.2464249873691,2.06001660935209
"742",1983-01-12,0,1.59027410460672
"743",1983-01-13,0,0.689934303844762
"744",1983-01-14,0,0.479528806927565
"745",1983-01-15,0.00322833327659302,0.435490447107686
"746",1983-01-16,8.49208947096929,0.403684965015552
"747",1983-01-17,0.13592111050917,0.391452087287808
"748",1983-01-18,0,0.36698633183232
"749",1983-01-19,0,0.354753454104576
"750",1983-01-20,0,0.342520576376832
"751",1983-01-21,0,0.330287698649088
"752",1983-01-22,0,0.269123310010368
"753",1983-01-23,0,0.484421958018663
"754",1983-01-24,9.36870603974661,1.03490145576714
"755",1983-01-25,0,0.924805556217446
"756",1983-01-26,0,0.697274030481408
"757",1983-01-27,0,0.552926073294029
"758",1983-01-28,0,0.462402778108723
"759",1983-01-29,0,0.42815072047104
"760",1983-01-30,0,0.418364418288845
"761",1983-01-31,2.13012056676547,0.572498677658419
"762",1983-02-01,0,0.606750735296102
"763",1983-02-02,0.234343889587042,0.572498677658419
"764",1983-02-03,13.1430416666667,4.40383598198784
"765",1983-02-04,0.613880004164246,2.69123310010368
"766",1983-02-05,0.0001655555518551,1.2232877727744
"767",1983-02-06,0.00629111103216808,0.97863021821952
"768",1983-02-07,3.80943333175446,0.85630144094208
"769",1983-02-08,3.14116833554374,0.73397266366464
"770",1983-02-09,0,0.680148001662567
"771",1983-02-10,0,0.609197310841651
"772",1983-02-11,0,0.567605526567322
"773",1983-02-12,10.1992155940798,0.501547986837504
"774",1983-02-13,0.479945552444705,0.582284979840614
"775",1983-02-14,0,0.548032922202931
"776",1983-02-15,0,0.528460317838541
"777",1983-02-16,0,0.464849353654272
"778",1983-02-17,0.0112577781428894,0.440383598198784
"779",1983-02-18,1.52791222948498,0.415917842743296
"780",1983-02-19,0,0.440383598198784
"781",1983-02-20,0,0.604304159750554
"782",1983-02-21,0,0.577391828749517
"783",1983-02-22,0,0.623876764114944
"784",1983-02-23,0,0.677701426117018
"785",1983-02-24,0.134099999253742,0.729079512573542
"786",1983-02-25,0,0.69238087939031
"787",1983-02-26,0,0.641002792933786
"788",1983-02-27,0,0.57005210211287
"789",1983-02-28,0,0.577391828749517
"790",1983-03-01,0.0840194463748484,0.636109641842688
"791",1983-03-02,4.8213088854154,1.46305217623818
"792",1983-03-03,0.316956110795338,1.29668503914086
"793",1983-03-04,0.00413888888888889,0.939485009490739
"794",1983-03-05,0.902194999092155,0.89789322521641
"795",1983-03-06,0,0.804923354485555
"796",1983-03-07,3.1197288898362,0.954164462764032
"797",1983-03-08,0.917426116400295,1.36763572996178
"798",1983-03-09,9.21606389204662,2.76463036647014
"799",1983-03-10,0.0939527774509043,2.06001660935209
"800",1983-03-11,1.82467055018743,1.57070150024233
"801",1983-03-12,4.9112055571344,2.37317827918234
"802",1983-03-13,0.177558332494564,1.88141659452703
"803",1983-03-14,0,1.22084119722885
"804",1983-03-15,0,0.976183642673971
"805",1983-03-16,0,0.83672883657769
"806",1983-03-17,0,0.763331570211226
"807",1983-03-18,0,0.826942534395494
"808",1983-03-19,17.1487411414252,4.52616475926528
"809",1983-03-20,4.67636499463189,5.65158951021773
"810",1983-03-21,0,3.37627425285734
"811",1983-03-22,5.98715113258362,3.42520576376832
"812",1983-03-23,0.00836055563079816,2.1505399045374
"813",1983-03-24,0,1.38965490987172
"814",1983-03-25,0,1.14744393086239
"815",1983-03-26,0,0.976183642673971
"816",1983-03-27,0,0.89789322521641
"817",1983-03-28,9.97968887625801,2.59337007828173
"818",1983-03-29,0.591778330451914,2.40498376127447
"819",1983-03-30,0,1.32604394568745
"820",1983-03-31,0,1.03000830467604
"821",1983-04-01,0,0.907679527398605
"822",1983-04-02,0,0.807369930031104
"823",1983-04-03,2.49724001042048,1.80312617706947
"824",1983-04-04,9.30264948738945,2.76463036647014
"825",1983-04-05,0.000248333327782651,1.60984670897111
"826",1983-04-06,0,1.13031790204355
"827",1983-04-07,0,0.95905761385513
"828",1983-04-08,1.18678499707911,1.09117269331477
"829",1983-04-09,4.76816551592616,1.53155629151355
"830",1983-04-10,0.831751114722755,3.44967151922381
"831",1983-04-11,26.6449249242147,8.22049383304397
"832",1983-04-12,0.0339388890554092,4.99101411291955
"833",1983-04-13,0,2.49550705645978
"834",1983-04-14,0,1.74930151506739
"835",1983-04-15,0,1.48262478060257
"836",1983-04-16,0.277553889145454,2.34381937263575
"837",1983-04-17,20.1141719822354,6.82594577208115
"838",1983-04-18,0.00968499979894193,4.62402778108723
"839",1983-04-19,4.30750719759198,3.96345238378906
"840",1983-04-20,6.90060386615328,4.62402778108723
"841",1983-04-21,0.704770001361768,3.20501396466893
"842",1983-04-22,0.00554611123384286,2.09671524253532
"843",1983-04-23,0,1.64899191769989
"844",1983-04-24,1.62790778835614,4.13471267197747
"845",1983-04-25,18.3500949128469,6.21430188569395
"846",1983-04-26,0.677949999802644,3.96345238378906
"847",1983-04-27,0,2.43923581891215
"848",1983-04-28,0,1.85939741461709
"849",1983-04-29,0,1.55112889587794
"850",1983-04-30,0.198997776706496,1.33583024786965
"851",1983-05-01,0.00504944445492905,1.20371516841001
"852",1983-05-02,0.127229444746032,1.10585214658806
"853",1983-05-03,0,1.03979460685824
"854",1983-05-04,1.96133665135172,1.15233708195349
"855",1983-05-05,1.16377278890875,1.13031790204355
"856",1983-05-06,0,0.973737067128423
"857",1983-05-07,0,0.910126102944154
"858",1983-05-08,0,0.851408289850982
"859",1983-05-09,2.11579999921057,0.829389109941043
"860",1983-05-10,0,0.804923354485555
"861",1983-05-11,0.00231777780306422,0.768224721302323
"862",1983-05-12,0,0.731526088119091
"863",1983-05-13,0,0.685041152753664
"864",1983-05-14,0,0.658128821752627
"865",1983-05-15,0.305863888944395,0.65323567066153
"866",1983-05-16,2.19866054876646,0.702167181572506
"867",1983-05-17,4.07597778251435,0.77556444793897
"868",1983-05-18,0,0.778011023484519
"869",1983-05-19,0,0.760884994665677
"870",1983-05-20,1.62103722553783,0.69238087939031
"871",1983-05-21,0.0673811107459997,0.658128821752627
"872",1983-05-22,0.261826111765475,0.633663066297139
"873",1983-05-23,6.39607335164811,0.792690476757811
"874",1983-05-24,0.901781114545135,0.883213771943117
"875",1983-05-25,0.227721667420326,0.804923354485555
"876",1983-05-26,0,0.721739785936896
"877",1983-05-27,10.89380392615,2.25818922854154
"878",1983-05-28,3.36624113698469,1.91566865216471
"879",1983-05-29,0.129298889776381,1.09117269331477
"880",1983-05-30,2.92006887894207,2.35849882590904
"881",1983-05-31,6.06446553881962,2.10650154471752
"882",1983-06-01,0.00347666671230561,1.34316997450629
"883",1983-06-02,0.463472776376538,1.03490145576714
"884",1983-06-03,0.0664705561359104,0.878320620852019
"885",1983-06-04,6.40327500947315,1.68079739979203
"886",1983-06-05,0.0429616666160938,1.60250698233446
"887",1983-06-06,2.1355838768951,1.01532885140275
"888",1983-06-07,0.176233887802189,0.851408289850982
"889",1983-06-08,0,0.790243901212262
"890",1983-06-09,0,0.731526088119091
"891",1983-06-10,0,0.675254850571469
"892",1983-06-11,0,0.616537037478298
"893",1983-06-12,0,0.567605526567322
"894",1983-06-13,0,0.533353468929639
"895",1983-06-14,0,0.503994562383053
"896",1983-06-15,0,0.472189080290918
"897",1983-06-16,0.982903329465125,0.677701426117018
"898",1983-06-17,0.0724305559256011,0.596964433113907
"899",1983-06-18,0,0.48931510910976
"900",1983-06-19,0,0.459956202563174
"901",1983-06-20,0.429202780966337,0.44772332483543
"902",1983-06-21,0,0.437937022653235
"903",1983-06-22,0,0.425704144925491
"904",1983-06-23,0,0.40857811610665
"905",1983-06-24,0,0.396345238378906
"906",1983-06-25,0,0.376772634014515
"907",1983-06-26,0,0.364539756286771
"908",1983-06-27,0,0.440383598198784
"909",1983-06-28,5.96612557734384,0.985969944856167
"910",1983-06-29,7.34122998926375,0.626323339660493
"911",1983-06-30,0,0.450169900380979
"912",1983-07-01,0,0.459956202563174
"913",1983-07-02,0,0.44772332483543
"914",1983-07-03,0.0101816664853444,0.445276749289882
"915",1983-07-04,0,0.40857811610665
"916",1983-07-05,0.247671116707432,0.445276749289882
"917",1983-07-06,5.16483667108748,0.538246620020736
"918",1983-07-07,0,0.425704144925491
"919",1983-07-08,0,0.357200029650125
"920",1983-07-09,0.000662222207420404,0.344967151922381
"921",1983-07-10,0,0.327841123103539
"922",1983-07-11,0,0.318054820921344
"923",1983-07-12,0,0.308268518739149
"924",1983-07-13,0,0.315608245375795
"925",1983-07-14,0,0.293589065465856
"926",1983-07-15,0,0.259337007828173
"927",1983-07-16,0,0.274016461101466
"928",1983-07-17,0,0.274016461101466
"929",1983-07-18,0,0.22508495019049
"930",1983-07-19,8.27777759275504e-05,0.222638374644941
"931",1983-07-20,0.314969445699515,0.249550705645978
"932",1983-07-21,0,0.249550705645978
"933",1983-07-22,1.41293388146824,0.254443856737075
"934",1983-07-23,0,0.242210979009331
"935",1983-07-24,1.04664221874873,0.374326058468966
"936",1983-07-25,4.39599667014016,0.381665785105613
"937",1983-07-26,0,0.298482216556954
"938",1983-07-27,0,0.259337007828173
"939",1983-07-28,0,0.24465755455488
"940",1983-07-29,0,0.239764403463782
"941",1983-07-30,0,0.247104130100429
"942",1983-07-31,1.38528610214984,0.274016461101466
"943",1983-08-01,0,0.234871252372685
"944",1983-08-02,1.18049388999409,0.237317827918234
"945",1983-08-03,0,0.227531525736038
"946",1983-08-04,0.0735894436167761,0.215298648008294
"947",1983-08-05,0.158850555057844,0.215298648008294
"948",1983-08-06,0.00298000008757743,0.215298648008294
"949",1983-08-07,0.156036112742395,0.220191799099392
"950",1983-08-08,0,0.217745223553843
"951",1983-08-09,0.041057778124387,0.212852072462746
"952",1983-08-10,0.00380777780059725,0.198172619189453
"953",1983-08-11,0.31298277761249,0.24465755455488
"954",1983-08-12,6.41875447665319,0.63121649075159
"955",1983-08-13,5.41615002526176,0.533353468929639
"956",1983-08-14,0,0.342520576376832
"957",1983-08-15,0,0.26423015891927
"958",1983-08-16,0,0.242210979009331
"959",1983-08-17,0,0.22508495019049
"960",1983-08-18,0.0073672220883891,0.26423015891927
"961",1983-08-19,2.00669888557328,0.254443856737075
"962",1983-08-20,0,0.22508495019049
"963",1983-08-21,0,0.195726043643904
"964",1983-08-22,0,0.185939741461709
"965",1983-08-23,0,0.188386317007258
"966",1983-08-24,0,0.181046590370611
"967",1983-08-25,0,0.166367137097318
"968",1983-08-26,0,0.16392056155177
"969",1983-08-27,0,0.159027410460672
"970",1983-08-28,0.445758328689262,0.357200029650125
"971",1983-08-29,1.78551667495569,0.371879482923418
"972",1983-08-30,0.376059442530076,0.249550705645978
"973",1983-08-31,0,0.220191799099392
"974",1983-09-01,0.0243366668011165,0.193279468098355
"975",1983-09-02,0,0.178600014825062
"976",1983-09-03,0,0.168813712642867
"977",1983-09-04,0,0.161473986006221
"978",1983-09-05,0,0.156580834915123
"979",1983-09-06,0,0.161473986006221
"980",1983-09-07,0,0.16392056155177
"981",1983-09-08,0,0.146794532732928
"982",1983-09-09,0,0.139454806096282
"983",1983-09-10,0.00157277778887914,0.14190138164183
"984",1983-09-11,0,0.137008230550733
"985",1983-09-12,0,0.134561655005184
"986",1983-09-13,1.3616116588513,0.156580834915123
"987",1983-09-14,0,0.154134259369574
"988",1983-09-15,0,0.14190138164183
"989",1983-09-16,0,0.134561655005184
"990",1983-09-17,0.180786665601552,0.134561655005184
"991",1983-09-18,0.0221016668510727,0.132115079459635
"992",1983-09-19,0.0500805552687703,0.134561655005184
"993",1983-09-20,0,0.129668503914086
"994",1983-09-21,0.254790005190505,0.139454806096282
"995",1983-09-22,10.2389488105774,0.658128821752627
"996",1983-09-23,0,0.327841123103539
"997",1983-09-24,0,0.234871252372685
"998",1983-09-25,0,0.205512345826099
"999",1983-09-26,0,0.193279468098355
"1000",1983-09-27,0,0.188386317007258
"1001",1983-09-28,0,0.185939741461709
"1002",1983-09-29,0.0749138900514486,0.181046590370611
"1003",1983-09-30,0,0.274016461101466
"1004",1983-10-01,6.16686160951192,0.694827454935859
"1005",1983-10-02,15.5937605353461,1.8349316591616
"1006",1983-10-03,5.64734831279951,0.866087743124275
"1007",1983-10-04,0,0.53090689338409
"1008",1983-10-05,0,0.332734274194637
"1009",1983-10-06,0.665285002013047,0.310715094284698
"1010",1983-10-07,0,0.28624933882921
"1011",1983-10-08,0,0.251997281191526
"1012",1983-10-09,0,0.232180019272581
"1013",1983-10-10,0,0.212362757353636
"1014",1983-10-11,0.109432219884151,0.214320017790075
"1015",1983-10-12,0.609161664969391,0.293589065465856
"1016",1983-10-13,13.2787144709693,0.579838404295066
"1017",1983-10-14,1.24671611813704,0.491761684655309
"1018",1983-10-15,0,0.332734274194637
"1019",1983-10-16,0,0.247104130100429
"1020",1983-10-17,0,0.259337007828173
"1021",1983-10-18,0,0.269123310010368
"1022",1983-10-19,4.94423385699589,0.73397266366464
"1023",1983-10-20,0,0.562712375476224
"1024",1983-10-21,0,0.293589065465856
"1025",1983-10-22,0,0.24465755455488
"1026",1983-10-23,0,0.293589065465856
"1027",1983-10-24,15.0306232916514,1.31136449241416
"1028",1983-10-25,0.900539448075824,1.27955901032202
"1029",1983-10-26,0.0192872223770246,0.787797325666714
"1030",1983-10-27,0.12731222336998,0.572498677658419
"1031",1983-10-28,0,0.430597296016589
"1032",1983-10-29,0,0.374326058468966
"1033",1983-10-30,0,0.340074000831283
"1034",1983-10-31,0,0.354753454104576
"1035",1983-11-01,0,0.313161669830246
"1036",1983-11-02,0,0.298482216556954
"1037",1983-11-03,0,0.313161669830246
"1038",1983-11-04,2.17689002186722,0.337627425285734
"1039",1983-11-05,0,0.315608245375795
"1040",1983-11-06,0,0.308268518739149
"1041",1983-11-07,0,0.300928792102502
"1042",1983-11-08,0,0.291142489920307
"1043",1983-11-09,0,0.303375367648051
"1044",1983-11-10,0,0.340074000831283
"1045",1983-11-11,7.45910557252831,0.721739785936896
"1046",1983-11-12,0.993912777225176,0.685041152753664
"1047",1983-11-13,0,0.599411008659456
"1048",1983-11-14,3.79304333825742,0.496654835746406
"1049",1983-11-15,0,0.384112360651162
"1050",1983-11-16,9.67655678918628,0.819602807758848
"1051",1983-11-17,2.07407999163204,0.988416520401715
"1052",1983-11-18,0,0.658128821752627
"1053",1983-11-19,0.00331111117586907,0.543139771111834
"1054",1983-11-20,0,0.50888771347415
"1055",1983-11-21,3.89477723990548,0.540693195566285
"1056",1983-11-22,0.0240883333808225,0.543139771111834
"1057",1983-11-23,0,0.521120591201894
"1058",1983-11-24,0.23806889241789,0.518674015656346
"1059",1983-11-25,8.42148001294667,1.83737823470715
"1060",1983-11-26,2.26388943416211,1.60006040678892
"1061",1983-11-27,0,0.9174658295808
"1062",1983-11-28,3.51706225212559,0.73397266366464
"1063",1983-11-29,7.58633497852749,1.51198368714916
"1064",1983-11-30,0,1.04958090904044
"1065",1983-12-01,0,0.770671296847872
"1066",1983-12-02,0,0.665468548389274
"1067",1983-12-03,0.352881665763754,0.63121649075159
"1068",1983-12-04,0.00355944438030324,0.963950764946227
"1069",1983-12-05,7.36217278851404,1.23552065050214
"1070",1983-12-06,0,1.05692063567708
"1071",1983-12-07,6.64854554229314,1.70037000415642
"1072",1983-12-08,0,1.29423846359532
"1073",1983-12-09,0,0.846515138759885
"1074",1983-12-10,0.0446999998180609,0.743758965846835
"1075",1983-12-11,0,0.685041152753664
"1076",1983-12-12,0.0114233332938618,0.729079512573542
"1077",1983-12-13,12.9722711654239,2.66676734464819
"1078",1983-12-14,8.39722605048286,5.45586346657382
"1079",1983-12-15,0.13699722158081,3.40074000831283
"1080",1983-12-16,0.00629111106300521,1.79578645043282
"1081",1983-12-17,0,1.26977270813983
"1082",1983-12-18,0,1.03245488022159
"1083",1983-12-19,0,0.895446649670861
"1084",1983-12-20,0,0.79513705230336
"1085",1983-12-21,0,0.702167181572506
"1086",1983-12-22,1.96829000173675,1.3235973701419
"1087",1983-12-23,9.36373951201969,1.79089329934172
"1088",1983-12-24,0.0296344441983642,1.21594804613775
"1089",1983-12-25,0.10156833336047,0.851408289850982
"1090",1983-12-26,0,0.729079512573542
"1091",1983-12-27,0.105541667391339,0.667915123934823
"1092",1983-12-28,0.100078336138278,0.648342519570432
"1093",1983-12-29,8.39507388952044,3.22947972012442
"1094",1983-12-30,0,1.98417276744008
"1095",1983-12-31,0,0.998202822583911
"1096",1984-01-01,0,0.785350750121165
"1097",1984-01-02,0.0439549999580616,0.711953483754701
"1098",1984-01-03,0.0507427776766319,0.682594577208115
"1099",1984-01-04,0,0.663021972843725
"1100",1984-01-05,0,0.658128821752627
"1101",1984-01-06,0.108107777689584,0.648342519570432
"1102",1984-01-07,0.0174661110753401,0.641002792933786
"1103",1984-01-08,0,0.6116438863872
"1104",1984-01-09,0,0.587178130931712
"1105",1984-01-10,0.0917177776396274,0.562712375476224
"1106",1984-01-11,3.34240110890069,0.538246620020736
"1107",1984-01-12,1.39613000397922,0.506441137928602
"1108",1984-01-13,0,0.499101411291955
"1109",1984-01-14,0.484581114372447,0.48931510910976
"1110",1984-01-15,0.00612555568075428,0.486868533564211
"1111",1984-01-16,0,0.464849353654272
"1112",1984-01-17,0.183683887697342,0.459956202563174
"1113",1984-01-18,0,0.44772332483543
"1114",1984-01-19,2.46884722222222,0.455063051472077
"1115",1984-01-20,8.27777759275504e-05,0.442830173744333
"1116",1984-01-21,0,0.425704144925491
"1117",1984-01-22,0,0.398791813924455
"1118",1984-01-23,0,0.403684965015552
"1119",1984-01-24,0.0600966660943298,0.513780864565248
"1120",1984-01-25,3.31525000789432,0.956611038309581
"1121",1984-01-26,0,0.934591858399642
"1122",1984-01-27,0,0.707060332663603
"1123",1984-01-28,0.00149000005920728,0.604304159750554
"1124",1984-01-29,0,0.535800044475187
"1125",1984-01-30,0.342865553226735,0.496654835746406
"1126",1984-01-31,3.27336443307665,0.511334289019699
"1127",1984-02-01,0,0.474635655836467
"1128",1984-02-02,0,0.433043871562138
"1129",1984-02-03,0,0.526013742292992
"1130",1984-02-04,2.51942444188003,1.5388960181502
"1131",1984-02-05,0.00604277767354829,1.23552065050214
"1132",1984-02-06,3.51375110732186,0.990863095947264
"1133",1984-02-07,0.0001655555518551,0.787797325666714
"1134",1984-02-08,0,0.633663066297139
"1135",1984-02-09,0,0.567605526567322
"1136",1984-02-10,0,0.528460317838541
"1137",1984-02-11,0.177475555797935,0.552926073294029
"1138",1984-02-12,1.05856222958366,0.699720606026957
"1139",1984-02-13,0.0540538893304766,0.677701426117018
"1140",1984-02-14,0.432513887347031,0.670361699480371
"1141",1984-02-15,3.5549744368659,1.34806312559739
"1142",1984-02-16,5.4391622373793,1.93768783207465
"1143",1984-02-17,0.182938888469504,1.25998640595763
"1144",1984-02-18,0.282189443780213,1.02022200249385
"1145",1984-02-19,0.0414716664643751,0.900339800761959
"1146",1984-02-20,0.156863889360697,0.824495958849946
"1147",1984-02-21,0.928021669498749,0.768224721302323
"1148",1984-02-22,0,0.699720606026957
"1149",1984-02-23,0,0.648342519570432
"1150",1984-02-24,8.5988727695677,1.84961111243489
"1151",1984-02-25,0.0838538894815784,1.77132069497733
"1152",1984-02-26,0.684986114349009,1.09606584440586
"1153",1984-02-27,0.00645666658402317,0.831835685486592
"1154",1984-02-28,0.443026664041809,2.17745223553843
"1155",1984-02-29,12.5540778598785,3.32734274194637
"1156",1984-03-01,0,1.97193988971233
"1157",1984-03-02,0,1.25020010377544
"1158",1984-03-03,0,1.0177754269483
"1159",1984-03-04,0,0.888106923034215
"1160",1984-03-05,0,0.895446649670861
"1161",1984-03-06,5.26665332354441,1.30157819023196
"1162",1984-03-07,0.000910555550621616,1.15723023304458
"1163",1984-03-08,0,0.895446649670861
"1164",1984-03-09,2.41562113226784,0.812263081122202
"1165",1984-03-10,0,0.753545268029031
"1166",1984-03-11,0,0.71440005930025
"1167",1984-03-12,0.00612555548031298,0.667915123934823
"1168",1984-03-13,0.148337776805792,0.641002792933786
"1169",1984-03-14,16.0100499873691,1.29913161468641
"1170",1984-03-15,0.00240055554815465,1.30402476577751
"1171",1984-03-16,0,1.23552065050214
"1172",1984-03-17,0.140804998872595,1.35295627668849
"1173",1984-03-18,0,1.30157819023196
"1174",1984-03-19,1.10731833120187,1.2135014705922
"1175",1984-03-20,0.25876333325439,1.19392886622781
"1176",1984-03-21,0,1.15478365749903
"1177",1984-03-22,1.73071778109339,1.4239069675094
"1178",1984-03-23,0,1.24286037713879
"1179",1984-03-24,0,0.981076793765069
"1180",1984-03-25,0,0.866087743124275
"1181",1984-03-26,0,0.814709656667751
"1182",1984-03-27,0,0.758438419120128
"1183",1984-03-28,0,0.721739785936896
"1184",1984-03-29,4.63952889299393,0.853854865396531
"1185",1984-03-30,7.0252671950658,0.998202822583911
"1186",1984-03-31,0,1.05447406013153
"1187",1984-04-01,0,1.2330740749566
"1188",1984-04-02,0,1.36274257887068
"1189",1984-04-03,0,1.31381106795971
"1190",1984-04-04,0,1.19148229068227
"1191",1984-04-05,8.91359393183391,3.52306878559027
"1192",1984-04-06,5.99418722316953,5.35800044475187
"1193",1984-04-07,0,2.78909612192563
"1194",1984-04-08,0,1.71749603297526
"1195",1984-04-09,0,1.35295627668849
"1196",1984-04-10,0,1.16946311077233
"1197",1984-04-11,0,1.05447406013153
"1198",1984-04-12,0,0.95905761385513
"1199",1984-04-13,0,0.893000074125312
"1200",1984-04-14,0.958070003656049,1.10829872213361
"1201",1984-04-15,3.00284665721325,1.70037000415642
"1202",1984-04-16,7.84940274620057,3.42520576376832
"1203",1984-04-17,5.40406447728475,3.64539756286771
"1204",1984-04-18,0,2.01597824953221
"1205",1984-04-19,2.20445500840743,1.59272068015227
"1206",1984-04-20,0.0973466663564452,1.3333836723241
"1207",1984-04-21,0,1.15723023304458
"1208",1984-04-22,0,1.00798912476611
"1209",1984-04-23,0.163320557101112,0.993309671492813
"1210",1984-04-24,5.40869998105367,1.38476175878062
"1211",1984-04-25,0.920488884349664,1.27466585923093
"1212",1984-04-26,0.00281444444321096,1.03245488022159
"1213",1984-04-27,0,0.895446649670861
"1214",1984-04-28,0,0.817156232213299
"1215",1984-04-29,0,0.768224721302323
"1216",1984-04-30,0,0.736419239210189
"1217",1984-05-01,0,0.711953483754701
"1218",1984-05-02,0,0.660575397298176
"1219",1984-05-03,0,0.63121649075159
"1220",1984-05-04,10.7647532588111,1.73217548624855
"1221",1984-05-05,1.73386334154341,1.85939741461709
"1222",1984-05-06,0,1.20860831950111
"1223",1984-05-07,1.22362110904749,0.900339800761959
"1224",1984-05-08,0,0.890553498579763
"1225",1984-05-09,4.59358722474839,1.03734803131269
"1226",1984-05-10,0,0.873427469760922
"1227",1984-05-11,0,0.753545268029031
"1228",1984-05-12,0.370099442724965,0.716846634845798
"1229",1984-05-13,0.949792218970755,0.780457599030067
"1230",1984-05-14,2.86113111000591,0.785350750121165
"1231",1984-05-15,0,0.711953483754701
"1232",1984-05-16,0.0115888887994612,0.648342519570432
"1233",1984-05-17,0,0.601857584205005
"1234",1984-05-18,0,0.567605526567322
"1235",1984-05-19,0,0.538246620020736
"1236",1984-05-20,0.0579444438739576,0.526013742292992
"1237",1984-05-21,1.48172222222222,0.555372648839578
"1238",1984-05-22,0,0.523567166747443
"1239",1984-05-23,0,0.560265799930675
"1240",1984-05-24,6.04468174182043,0.782904174575616
"1241",1984-05-25,0,0.621430188569395
"1242",1984-05-26,0.0151483333647872,0.540693195566285
"1243",1984-05-27,0.728361669952672,0.589624706477261
"1244",1984-05-28,0.0387399991032563,0.704613757118055
"1245",1984-05-29,17.5166884015401,2.81356187738112
"1246",1984-05-30,18.3433899962107,5.84731555386163
"1247",1984-05-31,17.3457522462209,8.07369930031104
"1248",1984-06-01,4.58663390594057,6.41002792933786
"1249",1984-06-02,8.70135168308681,5.55372648839578
"1250",1984-06-03,2.03194611134794,4.55063051472077
"1251",1984-06-04,0.0001655555518551,2.83802763283661
"1252",1984-06-05,0,1.86918371679928
"1253",1984-06-06,0,1.43858642078269
"1254",1984-06-07,0.0003311111037102,1.2135014705922
"1255",1984-06-08,0,1.05692063567708
"1256",1984-06-09,0,0.922358980671898
"1257",1984-06-10,0,0.829389109941043
"1258",1984-06-11,0,0.760884994665677
"1259",1984-06-12,0,0.69238087939031
"1260",1984-06-13,0,0.65323567066153
"1261",1984-06-14,0.30536722111702,0.626323339660493
"1262",1984-06-15,0.221844443926381,0.596964433113907
"1263",1984-06-16,0,0.557819224385127
"1264",1984-06-17,0,0.528460317838541
"1265",1984-06-18,0.21580166660746,0.53090689338409
"1266",1984-06-19,4.59615335512162,0.773117872393421
"1267",1984-06-20,0,0.601857584205005
"1268",1984-06-21,0,0.503994562383053
"1269",1984-06-22,0,0.462402778108723
"1270",1984-06-23,0,0.440383598198784
"1271",1984-06-24,0,0.430597296016589
"1272",1984-06-25,6.0609060997433,0.707060332663603
"1273",1984-06-26,0,0.565158951021773
"1274",1984-06-27,0,0.450169900380979
"1275",1984-06-28,0,0.413471267197747
"1276",1984-06-29,3.56325222253801,0.557819224385127
"1277",1984-06-30,0.0333594440225925,0.596964433113907
"1278",1984-07-01,1.31161389122634,0.552926073294029
"1279",1984-07-02,2.21819609358576,0.516227440110797
"1280",1984-07-03,0.0124994441650601,0.440383598198784
"1281",1984-07-04,0.193368885676894,0.398791813924455
"1282",1984-07-05,1.01270333755678,0.420810993834394
"1283",1984-07-06,4.54888722790612,0.829389109941043
"1284",1984-07-07,9.16739054197735,2.39519745909228
"1285",1984-07-08,4.76021886670589,2.12852072462746
"1286",1984-07-09,4.90003056816177,1.00064939812946
"1287",1984-07-10,0,0.65323567066153
"1288",1984-07-11,0,0.567605526567322
"1289",1984-07-12,1.31360056293673,0.540693195566285
"1290",1984-07-13,0,0.499101411291955
"1291",1984-07-14,0,0.430597296016589
"1292",1984-07-15,0,0.398791813924455
"1293",1984-07-16,0.945404999328984,0.440383598198784
"1294",1984-07-17,3.74726721085441,0.521120591201894
"1295",1984-07-18,1.28578720580207,0.596964433113907
"1296",1984-07-19,4.57496222474839,0.601857584205005
"1297",1984-07-20,0,0.455063051472077
"1298",1984-07-21,0,0.467295929199821
"1299",1984-07-22,2.53689053506984,0.484421958018663
"1300",1984-07-23,0.669754995930733,0.418364418288845
"1301",1984-07-24,0,0.393898662833357
"1302",1984-07-25,0,0.381665785105613
"1303",1984-07-26,0,0.371879482923418
"1304",1984-07-27,1.86498335267438,0.411024691652198
"1305",1984-07-28,1.67674665681852,0.389005511742259
"1306",1984-07-29,0,0.384112360651162
"1307",1984-07-30,0.849465549905578,0.371879482923418
"1308",1984-07-31,0,0.364539756286771
"1309",1984-08-01,0,0.352306878559027
"1310",1984-08-02,0.668347773292825,0.342520576376832
"1311",1984-08-03,0,0.335180849740186
"1312",1984-08-04,0,0.322947972012442
"1313",1984-08-05,0.00240055554815465,0.313161669830246
"1314",1984-08-06,0.0285583331575617,0.3058219431936
"1315",1984-08-07,0,0.406131540561101
"1316",1984-08-08,0.510821666489045,0.293589065465856
"1317",1984-08-09,0,0.276463036647014
"1318",1984-08-10,0,0.259337007828173
"1319",1984-08-11,0,0.223372347308605
"1320",1984-08-12,0.355778887427825,0.261783583373722
"1321",1984-08-13,0.201067223494562,0.709506908209152
"1322",1984-08-14,0.118455000173921,0.577391828749517
"1323",1984-08-15,0.159512778976725,0.374326058468966
"1324",1984-08-16,0.00289722221913851,0.34741372746793
"1325",1984-08-17,2.74284166982439,0.389005511742259
"1326",1984-08-18,0,0.359646605195674
"1327",1984-08-19,0,0.293589065465856
"1328",1984-08-20,1.75116388208005,0.278909612192563
"1329",1984-08-21,0,0.274016461101466
"1330",1984-08-22,0,0.261783583373722
"1331",1984-08-23,0.195438333189632,0.256890432282624
"1332",1984-08-24,0.00041388887963775,0.249550705645978
"1333",1984-08-25,0,0.24465755455488
"1334",1984-08-26,0,0.24465755455488
"1335",1984-08-27,0,0.244412897000325
"1336",1984-08-28,0,0.243923581891215
"1337",1984-08-29,0,0.242210979009331
"1338",1984-08-30,0,0.241477006345667
"1339",1984-08-31,1.50183721389373,0.204289058053325
"1340",1984-09-01,0,0.137986860768952
"1341",1984-09-02,0,0.196460016307569
"1342",1984-09-03,0.707667213420073,0.240743033682002
"1343",1984-09-04,6.56030444823371,0.459956202563174
"1344",1984-09-05,0.381853887862631,0.364539756286771
"1345",1984-09-06,0,0.269123310010368
"1346",1984-09-07,0,0.23462659481813
"1347",1984-09-08,0,0.22410631997227
"1348",1984-09-09,0,0.218723853772063
"1349",1984-09-10,0,0.210894812026307
"1350",1984-09-11,0,0.206001660935209
"1351",1984-09-12,1.37377998847432,0.230712073945252
"1352",1984-09-13,0,0.230467416390697
"1353",1984-09-14,0,0.216521935781069
"1354",1984-09-15,0.979095557693185,0.308268518739149
"1355",1984-09-16,1.07520055716402,0.236583855254569
"1356",1984-09-17,1.30631610642818,0.208937551589868
"1357",1984-09-18,0,0.200129879625892
"1358",1984-09-19,0,0.203310427835105
"1359",1984-09-20,0,0.191077550107361
"1360",1984-09-21,0,0.183248508361605
"1361",1984-09-22,0,0.182759193252495
"1362",1984-09-23,0,0.179578645043282
"1363",1984-09-24,0.00115888889382283,0.177866042161398
"1364",1984-09-25,0,0.175664124170404
"1365",1984-09-26,0.0118372220193139,0.175174809061294
"1366",1984-09-27,0.327137778113285,0.163675903997215
"1367",1984-09-28,0.625634441962672,0.169058370197422
"1368",1984-09-29,0,0.177132069497733
"1369",1984-09-30,0,0.169303027751977
"1370",1984-10-01,0,0.192545495434691
"1371",1984-10-02,6.5153560965856,0.315608245375795
"1372",1984-10-03,0.0213566668831433,0.254443856737075
"1373",1984-10-04,0.0031455555777583,0.207958921371648
"1374",1984-10-05,0,0.180067960152392
"1375",1984-10-06,0,0.167345767315538
"1376",1984-10-07,0,0.160006040678892
"1377",1984-10-08,0,0.165143849324544
"1378",1984-10-09,0,0.166611794651873
"1379",1984-10-10,0,0.160006040678892
"1380",1984-10-11,0.00413888895056315,0.157804122687898
"1381",1984-10-12,0,0.158782752906117
"1382",1984-10-13,0,0.156091519806013
"1383",1984-10-14,0,0.147528505396593
"1384",1984-10-15,0,0.148017820505702
"1385",1984-10-16,0,0.146060560069263
"1386",1984-10-17,0,0.14190138164183
"1387",1984-10-18,0,0.149730423387587
"1388",1984-10-19,0,0.148996450723922
"1389",1984-10-20,0.00993333346593298,0.151443026269471
"1390",1984-10-21,0,0.138720833432617
"1391",1984-10-22,0.573815559196804,0.237807143027343
"1392",1984-10-23,12.6544873131646,0.937038433945191
"1393",1984-10-24,0.871318893743887,0.420810993834394
"1394",1984-10-25,0,0.256890432282624
"1395",1984-10-26,3.40200110732186,0.278909612192563
"1396",1984-10-27,0.284341668220858,0.271569885555917
"1397",1984-10-28,0.115723333290778,0.228020840845148
"1398",1984-10-29,4.90276218843459,0.579838404295066
"1399",1984-10-30,0.626213889678318,0.315608245375795
"1400",1984-10-31,0,0.241966321454776
"1401",1984-11-01,0,0.207469606262538
"1402",1984-11-02,0.0330283334122764,0.200129879625892
"1403",1984-11-03,0,0.181780563034276
"1404",1984-11-04,0,0.175419466615849
"1405",1984-11-05,6.31685502084096,0.40857811610665
"1406",1984-11-06,0.854432222335703,0.40857811610665
"1407",1984-11-07,0.234426664973092,0.278909612192563
"1408",1984-11-08,0,0.223372347308605
"1409",1984-11-09,0,0.206001660935209
"1410",1984-11-10,0.222672221809005,0.207469606262538
"1411",1984-11-11,0.156118887681307,0.330287698649088
"1412",1984-11-12,6.43613782695929,0.599411008659456
"1413",1984-11-13,1.97888555110391,0.403684965015552
"1414",1984-11-14,0,0.283802763283661
"1415",1984-11-15,0,0.240987691236557
"1416",1984-11-16,0.489796110262472,0.235849882590904
"1417",1984-11-17,0,0.216766593335624
"1418",1984-11-18,0,0.206980291153429
"1419",1984-11-19,0,0.20453371560788
"1420",1984-11-20,0,0.19450275587113
"1421",1984-11-21,0,0.190343577443697
"1422",1984-11-22,0,0.183737823470715
"1423",1984-11-23,0,0.178844672379617
"1424",1984-11-24,0,0.177621384606843
"1425",1984-11-25,0,0.175664124170404
"1426",1984-11-26,0,0.175908781724959
"1427",1984-11-27,0,0.171015630633861
"1428",1984-11-28,0,0.171015630633861
"1429",1984-11-29,4.38399389887517,0.337627425285734
"1430",1984-11-30,0,0.318054820921344
"1431",1984-12-01,0.0464383338988863,0.242210979009331
"1432",1984-12-02,0,0.204778373162435
"1433",1984-12-03,0.00231777775680853,0.296035641011405
"1434",1984-12-04,5.18213723580044,0.445276749289882
"1435",1984-12-05,0,0.315608245375795
"1436",1984-12-06,7.43634163824716,0.584731555386163
"1437",1984-12-07,0.0474316661615547,0.560265799930675
"1438",1984-12-08,0,0.359646605195674
"1439",1984-12-09,0,0.28624933882921
"1440",1984-12-10,0,0.266676734464819
"1441",1984-12-11,0.0126650000252864,0.26423015891927
"1442",1984-12-12,0,0.269123310010368
"1443",1984-12-13,0,0.276463036647014
"1444",1984-12-14,0,0.283802763283661
"1445",1984-12-15,0.286742221055345,0.276463036647014
"1446",1984-12-16,0.028558332864609,0.271569885555917
"1447",1984-12-17,0.192872220686533,0.271569885555917
"1448",1984-12-18,0,0.269123310010368
"1449",1984-12-19,0,0.281356187738112
"1450",1984-12-20,2.26264777904087,0.337627425285734
"1451",1984-12-21,0,0.303375367648051
"1452",1984-12-22,3.67698889224395,0.572498677658419
"1453",1984-12-23,0,0.496654835746406
"1454",1984-12-24,0,0.384112360651162
"1455",1984-12-25,0.86916667049047,0.352306878559027
"1456",1984-12-26,1.28942945688352,0.320501396466893
"1457",1984-12-27,0.174826665996884,0.291142489920307
"1458",1984-12-28,1.78899333041244,0.291142489920307
"1459",1984-12-29,0.0236744442236506,0.308268518739149
"1460",1984-12-30,0.0474316662386473,0.310715094284698
"1461",1984-12-31,0.0206944443365145,0.288695914374758
"1462",1985-01-01,0.100243888991885,0.288695914374758
"1463",1985-01-02,1.12975110732184,0.349860303013478
"1464",1985-01-03,1.47584498784277,0.389005511742259
"1465",1985-01-04,0.0044700001159476,0.344967151922381
"1466",1985-01-05,0.877941102743149,0.320501396466893
"1467",1985-01-06,0,0.288695914374758
"1468",1985-01-07,0.0696161107577176,0.283802763283661
"1469",1985-01-08,0.418772779040866,0.281356187738112
"1470",1985-01-09,0,0.251997281191526
"1471",1985-01-10,0,0.247104130100429
"1472",1985-01-11,0,0.24465755455488
"1473",1985-01-12,0,0.234871252372685
"1474",1985-01-13,0,0.231446046608917
"1475",1985-01-14,0,0.227531525736038
"1476",1985-01-15,0.221099444158893,0.220191799099392
"1477",1985-01-16,0.0975949998538319,0.217745223553843
"1478",1985-01-17,0.678777775310806,0.210405496917197
"1479",1985-01-18,1.97996167898178,0.205512345826099
"1480",1985-01-19,0.0501633334455806,0.20306577028055
"1481",1985-01-20,0.0413061106812416,0.195726043643904
"1482",1985-01-21,0.195024443847438,0.190832892552806
"1483",1985-01-22,0,0.188386317007258
"1484",1985-01-23,0,0.185939741461709
"1485",1985-01-24,0,0.18349316591616
"1486",1985-01-25,0.0931250001233485,0.181046590370611
"1487",1985-01-26,0,0.178600014825062
"1488",1985-01-27,0,0.176153439279514
"1489",1985-01-28,0,0.173706863733965
"1490",1985-01-29,0,0.171260288188416
"1491",1985-01-30,0,0.171260288188416
"1492",1985-01-31,0,0.168813712642867
"1493",1985-02-01,1.6100277758042,0.166367137097318
"1494",1985-02-02,0.724884999000261,0.166367137097318
"1495",1985-02-03,1.26277500083877,0.16392056155177
"1496",1985-02-04,1.0100544453967,0.161473986006221
"1497",1985-02-05,0,0.159027410460672
"1498",1985-02-06,2.99506553329363,0.159027410460672
"1499",1985-02-07,0.546830003966887,0.159027410460672
"1500",1985-02-08,0,0.159027410460672
"1501",1985-02-09,0,0.156580834915123
"1502",1985-02-10,0,0.156580834915123
"1503",1985-02-11,0,0.156580834915123
"1504",1985-02-12,0,0.518674015656346
"1505",1985-02-13,9.37930169571771,1.26977270813983
"1506",1985-02-14,0,0.743758965846835
"1507",1985-02-15,0,0.464849353654272
"1508",1985-02-16,0,0.364539756286771
"1509",1985-02-17,0,0.32539454755799
"1510",1985-02-18,0,0.315608245375795
"1511",1985-02-19,0,0.315608245375795
"1512",1985-02-20,0,0.332734274194637
"1513",1985-02-21,0,0.315608245375795
"1514",1985-02-22,0,0.318054820921344
"1515",1985-02-23,0,0.379219209560064
"1516",1985-02-24,0,0.440383598198784
"1517",1985-02-25,0.0205288891547049,0.445276749289882
"1518",1985-02-26,0,0.401238389470003
"1519",1985-02-27,0.0696988892583177,0.364539756286771
"1520",1985-02-28,0,0.332734274194637
"1521",1985-03-01,0,0.310715094284698
"1522",1985-03-02,0,0.308268518739149
"1523",1985-03-03,0,0.283802763283661
"1524",1985-03-04,0,0.271569885555917
"1525",1985-03-05,5.06873166603513,0.423257569379942
"1526",1985-03-06,0,0.457509627017626
"1527",1985-03-07,0,0.362093180741222
"1528",1985-03-08,2.23682112121582,0.420810993834394
"1529",1985-03-09,0.0586894437493757,0.435490447107686
"1530",1985-03-10,0,0.359646605195674
"1531",1985-03-11,0,0.330287698649088
"1532",1985-03-12,5.7205238547855,0.998202822583911
"1533",1985-03-13,4.19327387057411,1.04468775794934
"1534",1985-03-14,0,0.665468548389274
"1535",1985-03-15,0,0.511334289019699
"1536",1985-03-16,0,0.440383598198784
"1537",1985-03-17,0,0.413471267197747
"1538",1985-03-18,0,0.38655893619671
"1539",1985-03-19,0,0.362093180741222
"1540",1985-03-20,0,0.359646605195674
"1541",1985-03-21,0,0.340074000831283
"1542",1985-03-22,0,0.32539454755799
"1543",1985-03-23,0,0.322947972012442
"1544",1985-03-24,0,0.315608245375795
"1545",1985-03-25,0,0.300928792102502
"1546",1985-03-26,0,0.293589065465856
"1547",1985-03-27,0,0.288695914374758
"1548",1985-03-28,0,0.291142489920307
"1549",1985-03-29,0,0.288695914374758
"1550",1985-03-30,0.128636665487455,0.278909612192563
"1551",1985-03-31,0.0379122224386989,0.26423015891927
"1552",1985-04-01,4.01058331754472,0.415917842743296
"1553",1985-04-02,0.246843332780732,0.369432907377869
"1554",1985-04-03,0,0.315608245375795
"1555",1985-04-04,0.695416112512352,0.3058219431936
"1556",1985-04-05,0,0.288695914374758
"1557",1985-04-06,0,0.274016461101466
"1558",1985-04-07,0.00587722232213452,0.254443856737075
"1559",1985-04-08,2.72214722537994,0.320501396466893
"1560",1985-04-09,0.175074999016296,0.318054820921344
"1561",1985-04-10,0,0.269123310010368
"1562",1985-04-11,0,0.254443856737075
"1563",1985-04-12,0,0.243923581891215
"1564",1985-04-13,0,0.23413727970902
"1565",1985-04-14,0.0637388888364657,0.227042210626929
"1566",1985-04-15,0.0110922221747331,0.238296458136453
"1567",1985-04-16,0.787713335030609,0.251997281191526
"1568",1985-04-17,0.443440554509559,0.254443856737075
"1569",1985-04-18,0,0.23462659481813
"1570",1985-04-19,0,0.227776183290593
"1571",1985-04-20,0.485905559280679,0.223127689754051
"1572",1985-04-21,0,0.222393717090386
"1573",1985-04-22,0,0.281356187738112
"1574",1985-04-23,3.06161889394124,0.340074000831283
"1575",1985-04-24,0,0.278909612192563
"1576",1985-04-25,0,0.256890432282624
"1577",1985-04-26,0.0197011112412438,0.23511590992724
"1578",1985-04-27,0.21207666818632,0.21456467534463
"1579",1985-04-28,0,0.205512345826099
"1580",1985-04-29,0.148254999384491,0.199885222071337
"1581",1985-04-30,0,0.196704673862124
"1582",1985-05-01,0,0.185450426352599
"1583",1985-05-02,0.371010000434186,0.231690704163471
"1584",1985-05-03,8.71120222727457,1.14989050640794
"1585",1985-05-04,4.69176166733768,1.00064939812946
"1586",1985-05-05,0,0.55047949774848
"1587",1985-05-06,2.98041388257344,0.496654835746406
"1588",1985-05-07,2.1732477695677,0.462402778108723
"1589",1985-05-08,0,0.371879482923418
"1590",1985-05-09,0,0.318054820921344
"1591",1985-05-10,0,0.300928792102502
"1592",1985-05-11,0,0.281356187738112
"1593",1985-05-12,0,0.296035641011405
"1594",1985-05-13,1.37286944710877,0.281356187738112
"1595",1985-05-14,0,0.251997281191526
"1596",1985-05-15,0,0.22459563508138
"1597",1985-05-16,0,0.222883032199496
"1598",1985-05-17,0,0.222883032199496
"1599",1985-05-18,1.61259388841523,0.241721663900221
"1600",1985-05-19,0.240883332065928,0.23462659481813
"1601",1985-05-20,0.142543333076768,0.213830702680965
"1602",1985-05-21,0,0.199151249407672
"1603",1985-05-22,0.845906107144224,0.200129879625892
"1604",1985-05-23,0,0.184227138579825
"1605",1985-05-24,0,0.174196178843075
"1606",1985-05-25,0,0.164165219106324
"1607",1985-05-26,0,0.150219738496696
"1608",1985-05-27,0,0.15242165648769
"1609",1985-05-28,1.53130611119005,0.28624933882921
"1610",1985-05-29,10.2450744747586,0.63121649075159
"1611",1985-05-30,0,0.374326058468966
"1612",1985-05-31,0,0.249550705645978
"1613",1985-06-01,4.06281611853175,0.415917842743296
"1614",1985-06-02,0,0.313161669830246
"1615",1985-06-03,0.572987773635736,0.222638374644941
"1616",1985-06-04,0,0.192300837880136
"1617",1985-06-05,0,0.28624933882921
"1618",1985-06-06,6.030940568818,0.42815072047104
"1619",1985-06-07,0,0.291142489920307
"1620",1985-06-08,0,0.229978101281587
"1621",1985-06-09,0.909727771906389,0.239030430800118
"1622",1985-06-10,0.46115499636862,0.216521935781069
"1623",1985-06-11,0,0.189364947225477
"1624",1985-06-12,0,0.189364947225477
"1625",1985-06-13,1.40904332962301,0.206001660935209
"1626",1985-06-14,0,0.179089329934172
"1627",1985-06-15,0,0.165388506879099
"1628",1985-06-16,5.73285781085492,0.499101411291955
"1629",1985-06-17,2.63845889488856,0.384112360651162
"1630",1985-06-18,1.56946667179797,0.364539756286771
"1631",1985-06-19,0.188733335436425,0.269123310010368
"1632",1985-06-20,0,0.209671524253532
"1633",1985-06-21,0.211331666244815,0.188875632116367
"1634",1985-06-22,0,0.172728233515745
"1635",1985-06-23,0.197921666760412,0.181291247925166
"1636",1985-06-24,0.637471666341025,0.179823302597837
"1637",1985-06-25,0.454615556680495,0.165633164433654
"1638",1985-06-26,0,0.156091519806013
"1639",1985-06-27,0.486650546852085,0.151687683824026
"1640",1985-06-28,1.86614221874873,0.207958921371648
"1641",1985-06-29,1.91241499976317,0.259337007828173
"1642",1985-06-30,0.0221016668510727,0.238785773245563
"1643",1985-07-01,0.681509445277663,0.186429056570819
"1644",1985-07-02,0,0.170037000415642
"1645",1985-07-03,0.154214997185187,0.16343124644266
"1646",1985-07-04,0,0.16294193133355
"1647",1985-07-05,0.103223888339371,0.143858642078269
"1648",1985-07-06,0,0.155846862251459
"1649",1985-07-07,1.48172223011653,0.184961111243489
"1650",1985-07-08,1.02925888611231,0.156825492469678
"1651",1985-07-09,0,0.139454806096282
"1652",1985-07-10,1.27808888375759,0.152666314042245
"1653",1985-07-11,0,0.145571244960154
"1654",1985-07-12,0,0.129179188804977
"1655",1985-07-13,1.52294555176629,0.167835082424648
"1656",1985-07-14,0.0499150011508414,0.149241108278477
"1657",1985-07-15,7.48965048419104,0.251997281191526
"1658",1985-07-16,1.44149221914344,0.300928792102502
"1659",1985-07-17,0.0498322217097092,0.201842482507776
"1660",1985-07-18,0,0.152666314042245
"1661",1985-07-19,0,0.136763572996178
"1662",1985-07-20,0,0.13187042190508
"1663",1985-07-21,0,0.130402476577751
"1664",1985-07-22,8.59887281693353,0.403684965015552
"1665",1985-07-23,0,0.269123310010368
"1666",1985-07-24,0,0.178110699715953
"1667",1985-07-25,0,0.158293437797007
"1668",1985-07-26,1.68328610440095,0.362093180741222
"1669",1985-07-27,6.86964499692121,0.442830173744333
"1670",1985-07-28,0,0.229733443727032
"1671",1985-07-29,0.863537772414586,0.179578645043282
"1672",1985-07-30,0,0.165633164433654
"1673",1985-07-31,0.120938335672021,0.437937022653235
"1674",1985-08-01,20.6018160593245,2.02331797616886
"1675",1985-08-02,0,1.04713433349489
"1676",1985-08-03,0,0.38655893619671
"1677",1985-08-04,0,0.256890432282624
"1678",1985-08-05,0,0.210160839362642
"1679",1985-08-06,0,0.174685493952184
"1680",1985-08-07,0,0.228999471063368
"1681",1985-08-08,5.3520799955792,0.472189080290918
"1682",1985-08-09,4.05577998847431,0.462402778108723
"1683",1985-08-10,0,0.274016461101466
"1684",1985-08-11,0,0.195970701198459
"1685",1985-08-12,1.42684054375357,0.180312617706947
"1686",1985-08-13,0,0.163675903997215
"1687",1985-08-14,0,0.153155629151355
"1688",1985-08-15,0,0.137742203214397
"1689",1985-08-16,0.279374999552862,0.121350147059221
"1690",1985-08-17,0.0263233332846107,0.116946311077233
"1691",1985-08-18,0,0.118658913959117
"1692",1985-08-19,0.203798886430553,0.116701653522678
"1693",1985-08-20,0.00314555554692117,0.113521105313464
"1694",1985-08-21,0,0.118658913959117
"1695",1985-08-22,0,0.114499735531684
"1696",1985-08-23,0,0.106670693785928
"1697",1985-08-24,0,0.0990863095947264
"1698",1985-08-25,1.42311554946461,0.172238918406636
"1699",1985-08-26,11.6862355732388,0.484421958018663
"1700",1985-08-27,3.98583274414804,0.594517857568358
"1701",1985-08-28,0,0.393898662833357
"1702",1985-08-29,0,0.216766593335624
"1703",1985-08-30,0.52348666834914,0.209916181808087
"1704",1985-08-31,2.96824555837777,0.261783583373722
"1705",1985-09-01,0,0.197438646525788
"1706",1985-09-02,0,0.157804122687898
"1707",1985-09-03,0.858985008800298,0.148017820505702
"1708",1985-09-04,0,0.148017820505702
"1709",1985-09-05,1.32460999589496,0.308268518739149
"1710",1985-09-06,1.89453500793378,0.352306878559027
"1711",1985-09-07,1.89792887977097,0.501547986837504
"1712",1985-09-08,0,0.288695914374758
"1713",1985-09-09,3.13603610242739,0.342520576376832
"1714",1985-09-10,2.60658944728639,0.357200029650125
"1715",1985-09-11,1.78162611718972,0.440383598198784
"1716",1985-09-12,0,0.288695914374758
"1717",1985-09-13,0,0.206980291153429
"1718",1985-09-14,0,0.167590424870093
"1719",1985-09-15,0,0.151443026269471
"1720",1985-09-16,0,0.139454806096282
"1721",1985-09-17,0,0.134806312559739
"1722",1985-09-18,0,0.126732613259428
"1723",1985-09-19,0,0.125020010377544
"1724",1985-09-20,0,0.120860831950111
"1725",1985-09-21,0,0.112542475095245
"1726",1985-09-22,0,0.104468775794934
"1727",1985-09-23,0,0.099820282258391
"1728",1985-09-24,2.19932277825144,0.241477006345667
"1729",1985-09-25,3.83716388257344,0.579838404295066
"1730",1985-09-26,0,0.357200029650125
"1731",1985-09-27,2.55832999557919,0.479528806927565
"1732",1985-09-28,7.22062276167339,0.53090689338409
"1733",1985-09-29,0,0.521120591201894
"1734",1985-09-30,2.62289670977203,0.403684965015552
"1735",1985-10-01,0,0.266676734464819
"1736",1985-10-02,0,0.242210979009331
"1737",1985-10-03,1.04854610976908,0.234871252372685
"1738",1985-10-04,3.73865833806991,0.227531525736038
"1739",1985-10-05,1.09183888212322,0.472189080290918
"1740",1985-10-06,2.98248333343202,0.511334289019699
"1741",1985-10-07,1.86754946988014,0.420810993834394
"1742",1985-10-08,0,0.32539454755799
"1743",1985-10-09,0,0.308268518739149
"1744",1985-10-10,0,0.288695914374758
"1745",1985-10-11,0.00885722219385208,0.254443856737075
"1746",1985-10-12,0,0.234871252372685
"1747",1985-10-13,1.65936333611607,0.266676734464819
"1748",1985-10-14,0.379453336446649,0.251997281191526
"1749",1985-10-15,2.15677501342032,0.254443856737075
"1750",1985-10-16,0,0.229978101281587
"1751",1985-10-17,0,0.207958921371648
"1752",1985-10-18,0,0.205512345826099
"1753",1985-10-19,0.156532779228356,0.20306577028055
"1754",1985-10-20,0.0453622219175514,0.190832892552806
"1755",1985-10-21,0.327303333325933,0.185939741461709
"1756",1985-10-22,0,0.181046590370611
"1757",1985-10-23,0,0.18349316591616
"1758",1985-10-24,0,0.185939741461709
"1759",1985-10-25,1.64015889962514,0.210405496917197
"1760",1985-10-26,0,0.188386317007258
"1761",1985-10-27,0,0.181046590370611
"1762",1985-10-28,0,0.166367137097318
"1763",1985-10-29,0,0.166367137097318
"1764",1985-10-30,0,0.166367137097318
"1765",1985-10-31,0,0.168813712642867
"1766",1985-11-01,0,0.161473986006221
"1767",1985-11-02,0,0.166367137097318
"1768",1985-11-03,0,0.154134259369574
"1769",1985-11-04,0.173584999897621,0.146794532732928
"1770",1985-11-05,7.88325890594057,0.587178130931712
"1771",1985-11-06,5.62955111047956,0.831835685486592
"1772",1985-11-07,0.592357777304119,0.528460317838541
"1773",1985-11-08,0.208434444534489,0.34741372746793
"1774",1985-11-09,0,0.298482216556954
"1775",1985-11-10,0.238813888099459,0.256890432282624
"1776",1985-11-11,0.589543333076769,0.274016461101466
"1777",1985-11-12,2.99903889836204,0.557819224385127
"1778",1985-11-13,5.31764440970952,0.699720606026957
"1779",1985-11-14,0.074831110795339,0.518674015656346
"1780",1985-11-15,1.88733332938618,0.472189080290918
"1781",1985-11-16,0.0996644455934358,0.437937022653235
"1782",1985-11-17,12.8094471653832,1.76887411943178
"1783",1985-11-18,0,1.14989050640794
"1784",1985-11-19,0.128057223183724,0.689934303844762
"1785",1985-11-20,0.0108438891553217,0.545586346657383
"1786",1985-11-21,0,0.455063051472077
"1787",1985-11-22,0.614376666656798,0.484421958018663
"1788",1985-11-23,1.71209278726081,0.587178130931712
"1789",1985-11-24,0,0.48931510910976
"1790",1985-11-25,1.22651832909261,0.406131540561101
"1791",1985-11-26,1.83675612382094,0.437937022653235
"1792",1985-11-27,5.39115114837222,0.614090461932749
"1793",1985-11-28,2.02433055960139,0.873427469760922
"1794",1985-11-29,1.23189890067114,1.05202748458598
"1795",1985-11-30,0,0.731526088119091
"1796",1985-12-01,0.0174661112295257,0.596964433113907
"1797",1985-12-02,4.02117888273132,0.77556444793897
"1798",1985-12-03,0.198004444736781,0.724186361482445
"1799",1985-12-04,0,0.565158951021773
"1800",1985-12-05,0,0.494208260200858
"1801",1985-12-06,0.442364444008407,0.479528806927565
"1802",1985-12-07,0.00231777771055284,0.455063051472077
"1803",1985-12-08,0,0.440383598198784
"1804",1985-12-09,0,0.418364418288845
"1805",1985-12-10,0,0.403684965015552
"1806",1985-12-11,0.0507427774916093,0.44772332483543
"1807",1985-12-12,4.84547997347514,0.687487728299213
"1808",1985-12-13,0,0.628769915206042
"1809",1985-12-14,0.959973892826173,0.552926073294029
"1810",1985-12-15,0,0.467295929199821
"1811",1985-12-16,0.214642778515402,0.411024691652198
"1812",1985-12-17,0.0269855555845424,0.393898662833357
"1813",1985-12-18,0.000662222207420404,0.374326058468966
"1814",1985-12-19,0,0.342520576376832
"1815",1985-12-20,0,0.320501396466893
"1816",1985-12-21,0.136831665134678,0.330287698649088
"1817",1985-12-22,0.0729272222573766,0.318054820921344
"1818",1985-12-23,1.63957943797111,0.335180849740186
"1819",1985-12-24,0.000413888895056315,0.34741372746793
"1820",1985-12-25,0.129629999954978,0.34741372746793
"1821",1985-12-26,0,0.315608245375795
"1822",1985-12-27,0,0.296035641011405
"1823",1985-12-28,0,0.283802763283661
"1824",1985-12-29,0,0.288695914374758
"1825",1985-12-30,0,0.269123310010368
"1826",1985-12-31,0,0.269123310010368
"1827",1986-01-01,0,0.271569885555917
"1828",1986-01-02,0,0.278909612192563
"1829",1986-01-03,0,0.562712375476224
"1830",1986-01-04,4.72387942928738,0.609197310841651
"1831",1986-01-05,3.25358057292304,0.545586346657383
"1832",1986-01-06,0.190140555884896,0.413471267197747
"1833",1986-01-07,0,0.327841123103539
"1834",1986-01-08,0,0.281356187738112
"1835",1986-01-09,0,0.274016461101466
"1836",1986-01-10,0,0.256890432282624
"1837",1986-01-11,0,0.259337007828173
"1838",1986-01-12,0,0.259337007828173
"1839",1986-01-13,0,0.256890432282624
"1840",1986-01-14,0,0.237317827918234
"1841",1986-01-15,0,0.229978101281587
"1842",1986-01-16,0,0.222638374644941
"1843",1986-01-17,0,0.220191799099392
"1844",1986-01-18,0,0.227531525736038
"1845",1986-01-19,0.0795494440232094,0.342520576376832
"1846",1986-01-20,5.27923553376727,0.826942534395494
"1847",1986-01-21,0.21704333542039,0.628769915206042
"1848",1986-01-22,0,0.401238389470003
"1849",1986-01-23,0,0.32539454755799
"1850",1986-01-24,0,0.293589065465856
"1851",1986-01-25,0,0.283802763283661
"1852",1986-01-26,11.6311883383857,3.03375367648051
"1853",1986-01-27,11.6274632373386,5.28460317838541
"1854",1986-01-28,0.632173890901936,2.6423015891927
"1855",1986-01-29,0,1.12542475095245
"1856",1986-01-30,0.0001655555518551,0.885660347488666
"1857",1986-01-31,0,0.716846634845798
"1858",1986-02-01,0,0.626323339660493
"1859",1986-02-02,2.49202500059207,1.2232877727744
"1860",1986-02-03,0.875954439836761,0.880767196397568
"1861",1986-02-04,0,0.758438419120128
"1862",1986-02-05,3.04605665498311,0.85630144094208
"1863",1986-02-06,0,0.782904174575616
"1864",1986-02-07,0.0248333330557992,0.685041152753664
"1865",1986-02-08,2.21985166384445,0.6116438863872
"1866",1986-02-09,0,0.587178130931712
"1867",1986-02-10,0.765942775228165,0.557819224385127
"1868",1986-02-11,0.029137777681566,0.526013742292992
"1869",1986-02-12,1.14158834058129,0.50888771347415
"1870",1986-02-13,0.495756114276851,0.484421958018663
"1871",1986-02-14,0,0.440383598198784
"1872",1986-02-15,0.190057778062713,0.464849353654272
"1873",1986-02-16,0,0.423257569379942
"1874",1986-02-17,0.787713338931504,0.6116438863872
"1875",1986-02-18,4.5859716527727,0.85630144094208
"1876",1986-02-19,5.32766052903071,1.32115079459635
"1877",1986-02-20,1.33578499905268,1.0275617291305
"1878",1986-02-21,0.0137411112973673,1.32115079459635
"1879",1986-02-22,2.7752905529307,1.81046590370611
"1880",1986-02-23,0,1.32115079459635
"1881",1986-02-24,0.876120004023012,0.97863021821952
"1882",1986-02-25,0,0.73397266366464
"1883",1986-02-26,0,0.55047949774848
"1884",1986-02-27,0,0.577391828749517
"1885",1986-02-28,0,0.533353468929639
"1886",1986-03-01,0,0.506441137928602
"1887",1986-03-02,0,0.511334289019699
"1888",1986-03-03,0,0.499101411291955
"1889",1986-03-04,0,0.511334289019699
"1890",1986-03-05,0,0.535800044475187
"1891",1986-03-06,0,0.560265799930675
"1892",1986-03-07,0,0.545586346657383
"1893",1986-03-08,0,0.462402778108723
"1894",1986-03-09,0,0.437937022653235
"1895",1986-03-10,0.173585000730223,0.435490447107686
"1896",1986-03-11,0.697733884625963,0.455063051472077
"1897",1986-03-12,0.0626627763463185,0.548032922202931
"1898",1986-03-13,1.68692833696471,0.689934303844762
"1899",1986-03-14,3.49313943465552,1.19392886622781
"1900",1986-03-15,8.37769053329363,3.10715094284698
"1901",1986-03-16,0.00115888889382283,2.21415086872166
"1902",1986-03-17,2.46528779853363,1.17680283740897
"1903",1986-03-18,0,0.927252131762995
"1904",1986-03-19,1.15979944752322,0.983523369310618
"1905",1986-03-20,1.51508167235056,1.0177754269483
"1906",1986-03-21,0,0.817156232213299
"1907",1986-03-22,0,0.697274030481408
"1908",1986-03-23,0,0.650789095115981
"1909",1986-03-24,0,0.614090461932749
"1910",1986-03-25,0,0.584731555386163
"1911",1986-03-26,0,0.562712375476224
"1912",1986-03-27,0.0490872223893593,0.557819224385127
"1913",1986-03-28,1.46723612794818,0.724186361482445
"1914",1986-03-29,0,0.707060332663603
"1915",1986-03-30,0,0.589624706477261
"1916",1986-03-31,0.352716108885903,0.53090689338409
"1917",1986-04-01,0,0.491761684655309
"1918",1986-04-02,0,0.46974250474537
"1919",1986-04-03,0,0.442830173744333
"1920",1986-04-04,0,0.430597296016589
"1921",1986-04-05,0.252058335115719,0.437937022653235
"1922",1986-04-06,0.700465559295481,0.474635655836467
"1923",1986-04-07,3.34115944539177,0.594517857568358
"1924",1986-04-08,1.02594777627786,0.6116438863872
"1925",1986-04-09,0.63076666311423,0.582284979840614
"1926",1986-04-10,0,0.50888771347415
"1927",1986-04-11,0.00140722219076835,0.464849353654272
"1928",1986-04-12,0.211745555371149,0.457509627017626
"1929",1986-04-13,0,0.445276749289882
"1930",1986-04-14,0,0.420810993834394
"1931",1986-04-15,0,0.401238389470003
"1932",1986-04-16,0.540042220820984,0.393898662833357
"1933",1986-04-17,0.577457782139381,0.401238389470003
"1934",1986-04-18,0,0.36698633183232
"1935",1986-04-19,0,0.340074000831283
"1936",1986-04-20,0,0.330287698649088
"1937",1986-04-21,0.104465554793262,0.393898662833357
"1938",1986-04-22,3.56449388604693,0.503994562383053
"1939",1986-04-23,0.605105554766125,0.494208260200858
"1940",1986-04-24,2.6476472372214,0.557819224385127
"1941",1986-04-25,0.351805556295646,0.437937022653235
"1942",1986-04-26,0.343610553194664,0.418364418288845
"1943",1986-04-27,0.38590999951524,0.442830173744333
"1944",1986-04-28,0.673562776074953,0.415917842743296
"1945",1986-04-29,0,0.374326058468966
"1946",1986-04-30,0,0.349860303013478
"1947",1986-05-01,0,0.332734274194637
"1948",1986-05-02,0.328710553157661,0.32539454755799
"1949",1986-05-03,0,0.322947972012442
"1950",1986-05-04,0,0.300928792102502
"1951",1986-05-05,0,0.303375367648051
"1952",1986-05-06,0,0.296035641011405
"1953",1986-05-07,0.593682224432628,0.308268518739149
"1954",1986-05-08,0.89234444799688,0.327841123103539
"1955",1986-05-09,0.0658911106713736,0.293589065465856
"1956",1986-05-10,0,0.271569885555917
"1957",1986-05-11,0,0.251997281191526
"1958",1986-05-12,0,0.247104130100429
"1959",1986-05-13,0,0.232424676827136
"1960",1986-05-14,0,0.227531525736038
"1961",1986-05-15,0,0.227531525736038
"1962",1986-05-16,0,0.227531525736038
"1963",1986-05-17,1.17784500955211,0.237317827918234
"1964",1986-05-18,0,0.22508495019049
"1965",1986-05-19,0.0483422223135002,0.215298648008294
"1966",1986-05-20,0,0.215298648008294
"1967",1986-05-21,0.861799444562859,0.281356187738112
"1968",1986-05-22,2.8954010931121,0.298482216556954
"1969",1986-05-23,0.895490004499752,0.269123310010368
"1970",1986-05-24,0.347087226043559,0.227531525736038
"1971",1986-05-25,0.176813333559678,0.220191799099392
"1972",1986-05-26,0,0.205512345826099
"1973",1986-05-27,0.168866666407635,0.195726043643904
"1974",1986-05-28,0,0.20306577028055
"1975",1986-05-29,0,0.185939741461709
"1976",1986-05-30,0,0.176153439279514
"1977",1986-05-31,0,0.168813712642867
"1978",1986-06-01,2.99721777418587,0.296035641011405
"1979",1986-06-02,0.208103332058526,0.207958921371648
"1980",1986-06-03,0,0.181046590370611
"1981",1986-06-04,0,0.166367137097318
"1982",1986-06-05,0,0.161473986006221
"1983",1986-06-06,7.75081442991893,0.354753454104576
"1984",1986-06-07,9.58516992547777,0.773117872393421
"1985",1986-06-08,2.15487111253208,0.582284979840614
"1986",1986-06-09,0.46272777995488,0.406131540561101
"1987",1986-06-10,0,0.281356187738112
"1988",1986-06-11,0,0.242210979009331
"1989",1986-06-12,1.02718944570753,0.59207128202281
"1990",1986-06-13,9.77464836427901,0.69238087939031
"1991",1986-06-14,0,0.437937022653235
"1992",1986-06-15,0.00571166661609378,0.3058219431936
"1993",1986-06-16,0,0.259337007828173
"1994",1986-06-17,0.435907780708537,0.227531525736038
"1995",1986-06-18,0,0.205512345826099
"1996",1986-06-19,0,0.190832892552806
"1997",1986-06-20,0.977522784961596,0.212852072462746
"1998",1986-06-21,0,0.195726043643904
"1999",1986-06-22,0,0.193279468098355
"2000",1986-06-23,0,0.181046590370611
"2001",1986-06-24,1.09804722893238,0.190832892552806
"2002",1986-06-25,0.90517499427663,0.181046590370611
"2003",1986-06-26,0,0.178600014825062
"2004",1986-06-27,0.00124166666975038,0.181046590370611
"2005",1986-06-28,1.13935333716207,0.20306577028055
"2006",1986-06-29,0,0.195726043643904
"2007",1986-06-30,0,0.188386317007258
"2008",1986-07-01,0,0.176153439279514
"2009",1986-07-02,6.93917832512324,0.403684965015552
"2010",1986-07-03,4.49011501042049,0.450169900380979
"2011",1986-07-04,0.00339388896721518,0.276463036647014
"2012",1986-07-05,0,0.227531525736038
"2013",1986-07-06,0,0.212852072462746
"2014",1986-07-07,0.0506599999932157,0.198172619189453
"2015",1986-07-08,0,0.18349316591616
"2016",1986-07-09,0.128222778565975,0.168813712642867
"2017",1986-07-10,0.0869994447972212,0.151687683824026
"2018",1986-07-11,0,0.149241108278477
"2019",1986-07-12,0.67141055138761,0.278909612192563
"2020",1986-07-13,5.73376834481955,0.411024691652198
"2021",1986-07-14,7.98449606121911,0.403684965015552
"2022",1986-07-15,0.0213566664668421,0.281356187738112
"2023",1986-07-16,0.00836055552286822,0.251997281191526
"2024",1986-07-17,0,0.234871252372685
"2025",1986-07-18,0,0.200619194735002
"2026",1986-07-19,0,0.178600014825062
"2027",1986-07-20,0.0233433335362416,0.166367137097318
"2028",1986-07-21,0.0117544444746648,0.173706863733965
"2029",1986-07-22,0,0.149241108278477
"2030",1986-07-23,0,0.144347957187379
"2031",1986-07-24,0,0.137008230550733
"2032",1986-07-25,0,0.134561655005184
"2033",1986-07-26,0.302801111080891,0.129668503914086
"2034",1986-07-27,4.27381666738208,0.278909612192563
"2035",1986-07-28,4.4734766436153,0.322947972012442
"2036",1986-07-29,0,0.247104130100429
"2037",1986-07-30,1.48089444424709,0.254443856737075
"2038",1986-07-31,3.6807966713243,0.271569885555917
"2039",1986-08-01,0.0918833334998539,0.24465755455488
"2040",1986-08-02,0.0070361110309346,0.232424676827136
"2041",1986-08-03,2.97619218440851,0.22508495019049
"2042",1986-08-04,0.240469442153246,0.212852072462746
"2043",1986-08-05,0,0.210405496917197
"2044",1986-08-06,0.270269442782323,0.181046590370611
"2045",1986-08-07,0.000496666670983865,0.173706863733965
"2046",1986-08-08,1.00997166165378,0.16392056155177
"2047",1986-08-09,0.214808333635537,0.171260288188416
"2048",1986-08-10,0,0.149241108278477
"2049",1986-08-11,3.36938666635089,0.215298648008294
"2050",1986-08-12,0,0.173706863733965
"2051",1986-08-13,0,0.151687683824026
"2052",1986-08-14,0,0.259337007828173
"2053",1986-08-15,0,0.146794532732928
"2054",1986-08-16,0.271262776448081,0.073397266366464
"2055",1986-08-17,0.0201977780201576,0.0782904174575616
"2056",1986-08-18,7.97332107384999,0.127221928368538
"2057",1986-08-19,1.60216389046775,0.127221928368538
"2058",1986-08-20,0.136500554925245,0.168813712642867
"2059",1986-08-21,0.397829997706953,0.18349316591616
"2060",1986-08-22,3.69594499021106,0.340074000831283
"2061",1986-08-23,0.0672155551633072,0.227531525736038
"2062",1986-08-24,1.3227888865206,0.207958921371648
"2063",1986-08-25,0.330697219008995,0.156580834915123
"2064",1986-08-26,0,0.132115079459635
"2065",1986-08-27,0.0394022219274194,0.129668503914086
"2066",1986-08-28,0.327303334482325,0.134561655005184
"2067",1986-08-29,0.50842110976908,0.129668503914086
"2068",1986-08-30,0,0.119882201731891
"2069",1986-08-31,0,0.10275617291305
"2070",1986-09-01,0,0.100309597367501
"2071",1986-09-02,0,0.107649324004147
"2072",1986-09-03,0,0.10275617291305
"2073",1986-09-04,0.540373334083291,0.107649324004147
"2074",1986-09-05,0.599807778093551,0.117435626186342
"2075",1986-09-06,0.295020001361767,0.12232877727744
"2076",1986-09-07,0,0.105202748458598
"2077",1986-09-08,0.0871650004570063,0.097863021821952
"2078",1986-09-09,0,0.0954164462764032
"2079",1986-09-10,0.0001655555518551,0.0905232951853056
"2080",1986-09-11,0,0.0954164462764032
"2081",1986-09-12,0,0.10275617291305
"2082",1986-09-13,0,0.0880767196397568
"2083",1986-09-14,0,0.0782904174575616
"2084",1986-09-15,0,0.0758438419120128
"2085",1986-09-16,2.27191890499327,0.127221928368538
"2086",1986-09-17,0,0.112542475095245
"2087",1986-09-18,0.000413888895056315,0.100309597367501
"2088",1986-09-19,0.0136583332130685,0.100309597367501
"2089",1986-09-20,0,0.0905232951853056
"2090",1986-09-21,0.306940001049079,0.0929698707308544
"2091",1986-09-22,0.107693888640342,0.0905232951853056
"2092",1986-09-23,1.30192888470491,0.137008230550733
"2093",1986-09-24,0.562061108940178,0.119882201731891
"2094",1986-09-25,0.227307778926152,0.100309597367501
"2095",1986-09-26,0,0.105202748458598
"2096",1986-09-27,0.469101662919339,0.097863021821952
"2097",1986-09-28,0,0.0929698707308544
"2098",1986-09-29,0,0.100309597367501
"2099",1986-09-30,0,0.10275617291305
"2100",1986-10-01,0.0111750001511019,0.0954164462764032
"2101",1986-10-02,3.51416498200098,0.188386317007258
"2102",1986-10-03,0.725547226958803,0.181046590370611
"2103",1986-10-04,5.49081555500296,0.459956202563174
"2104",1986-10-05,0.247505555651151,0.274016461101466
"2105",1986-10-06,2.11604833941503,0.159027410460672
"2106",1986-10-07,0,0.112542475095245
"2107",1986-10-08,0,0.110095899549696
"2108",1986-10-09,0,0.114989050640794
"2109",1986-10-10,0.201481111849969,0.0880767196397568
"2110",1986-10-11,0,0.0954164462764032
"2111",1986-10-12,0,0.097863021821952
"2112",1986-10-13,0.0004966666555653,0.105202748458598
"2113",1986-10-14,2.87073332701789,0.173706863733965
"2114",1986-10-15,0.604691665285163,0.154134259369574
"2115",1986-10-16,0,0.127221928368538
"2116",1986-10-17,0,0.119882201731891
"2117",1986-10-18,8.27777759275504e-05,0.105202748458598
"2118",1986-10-19,0,0.0954164462764032
"2119",1986-10-20,0,0.097863021821952
"2120",1986-10-21,0,0.100309597367501
"2121",1986-10-22,0,0.10275617291305
"2122",1986-10-23,0,0.110095899549696
"2123",1986-10-24,0.143039999824845,0.097863021821952
"2124",1986-10-25,0,0.097863021821952
"2125",1986-10-26,0.101568332126985,0.127221928368538
"2126",1986-10-27,4.49168774525323,0.212852072462746
"2127",1986-10-28,0.0243366661226998,0.200619194735002
"2128",1986-10-29,0,0.149241108278477
"2129",1986-10-30,0,0.124775352822989
"2130",1986-10-31,0,0.110095899549696
"2131",1986-11-01,0,0.12232877727744
"2132",1986-11-02,0,0.12232877727744
"2133",1986-11-03,0.0520672217060087,0.114989050640794
"2134",1986-11-04,0,0.129668503914086
"2135",1986-11-05,0,0.105202748458598
"2136",1986-11-06,4.69449332449172,0.227531525736038
"2137",1986-11-07,0.176399443724089,0.22508495019049
"2138",1986-11-08,0.726292222177817,0.452616475926528
"2139",1986-11-09,4.46346057659386,0.584731555386163
"2140",1986-11-10,3.77044499810538,0.337627425285734
"2141",1986-11-11,0.0154794444068232,0.281356187738112
"2142",1986-11-12,4.30179556597603,0.340074000831283
"2143",1986-11-13,0,0.259337007828173
"2144",1986-11-14,0,0.200619194735002
"2145",1986-11-15,0,0.188386317007258
"2146",1986-11-16,0.0153966665538028,0.176153439279514
"2147",1986-11-17,0,0.159027410460672
"2148",1986-11-18,0.0926283346241754,0.149241108278477
"2149",1986-11-19,6.47289111932119,0.247104130100429
"2150",1986-11-20,2.81278888948096,0.281356187738112
"2151",1986-11-21,17.4348212159475,3.4741372746793
"2152",1986-11-22,0.490127219562211,1.77621384606843
"2153",1986-11-23,0,0.785350750121165
"2154",1986-11-24,2.03111832449171,0.641002792933786
"2155",1986-11-25,0,0.557819224385127
"2156",1986-11-26,0.232853887862629,1.12053159986135
"2157",1986-11-27,9.86611776688365,2.71569885555917
"2158",1986-11-28,0,1.45081929851044
"2159",1986-11-29,0,0.804923354485555
"2160",1986-11-30,0,0.574945253203968
"2161",1986-12-01,3.17146500128653,0.48931510910976
"2162",1986-12-02,0.557673895265389,0.484421958018663
"2163",1986-12-03,16.1483717411889,3.18054820921344
"2164",1986-12-04,0.197093889155322,3.30287698649088
"2165",1986-12-05,0,1.35295627668849
"2166",1986-12-06,0,0.883213771943117
"2167",1986-12-07,0,0.746205541392384
"2168",1986-12-08,0,0.660575397298176
"2169",1986-12-09,1.01096500292089,0.609197310841651
"2170",1986-12-10,2.63440278172493,0.751098692483482
"2171",1986-12-11,0.0753277770654401,0.724186361482445
"2172",1986-12-12,1.52923667266634,0.69238087939031
"2173",1986-12-13,0,0.582284979840614
"2174",1986-12-14,0,0.491761684655309
"2175",1986-12-15,0,0.494208260200858
"2176",1986-12-16,0,0.494208260200858
"2177",1986-12-17,0.0471005555512383,0.491761684655309
"2178",1986-12-18,0,0.755991843574579
"2179",1986-12-19,14.6980223359002,3.03375367648051
"2180",1986-12-20,0.103554999720616,2.20191799099392
"2181",1986-12-21,0,1.46794532732928
"2182",1986-12-22,0.0852611117494396,1.07649324004147
"2183",1986-12-23,0,0.787797325666714
"2184",1986-12-24,0,0.711953483754701
"2185",1986-12-25,5.48245498373772,1.60495355788001
"2186",1986-12-26,2.86220722200266,1.83737823470715
"2187",1986-12-27,0,1.10829872213361
"2188",1986-12-28,0,0.822049383304397
"2189",1986-12-29,0,0.721739785936896
"2190",1986-12-30,0,0.675254850571469
"2191",1986-12-31,0.813457219103973,0.638556217388237
"2192",1987-01-01,0,0.57005210211287
"2193",1987-01-02,9.31299659909142,1.94747413425685
"2194",1987-01-03,2.92437333704366,1.82025220588831
"2195",1987-01-04,0,1.14499735531684
"2196",1987-01-05,0.776455559555131,0.875874045306471
"2197",1987-01-06,0,0.741312390301286
"2198",1987-01-07,0,0.729079512573542
"2199",1987-01-08,0,0.682594577208115
"2200",1987-01-09,0,0.606750735296102
"2201",1987-01-10,0,0.648342519570432
"2202",1987-01-11,3.183550559779,0.893000074125312
"2203",1987-01-12,1.29431332891869,0.890553498579763
"2204",1987-01-13,0.00778111118388673,0.716846634845798
"2205",1987-01-14,0,0.606750735296102
"2206",1987-01-15,0.000248333327782651,0.618983613023847
"2207",1987-01-16,0,0.687487728299213
"2208",1987-01-17,0,0.645895944024883
"2209",1987-01-18,0,0.587178130931712
"2210",1987-01-19,2.89291778188281,0.677701426117018
"2211",1987-01-20,6.17207666571936,0.685041152753664
"2212",1987-01-21,0,0.628769915206042
"2213",1987-01-22,0.00620833333333332,0.587178130931712
"2214",1987-01-23,8.22562777619892,0.618983613023847
"2215",1987-01-24,0,0.6116438863872
"2216",1987-01-25,0,0.594517857568358
"2217",1987-01-26,0.580106665048334,0.577391828749517
"2218",1987-01-27,0.26968999986185,0.560265799930675
"2219",1987-01-28,0,0.540693195566285
"2220",1987-01-29,0,0.513780864565248
"2221",1987-01-30,0.00604277767354829,0.503994562383053
"2222",1987-01-31,1.82169054957562,0.494208260200858
"2223",1987-02-01,0,0.457509627017626
"2224",1987-02-02,0.572242778293375,0.477082231382016
"2225",1987-02-03,0,0.491761684655309
"2226",1987-02-04,0,0.477082231382016
"2227",1987-02-05,0,0.46974250474537
"2228",1987-02-06,0,0.440383598198784
"2229",1987-02-07,0,0.415917842743296
"2230",1987-02-08,0,0.445276749289882
"2231",1987-02-09,2.64698499589496,0.526013742292992
"2232",1987-02-10,0.667933879494666,0.516227440110797
"2233",1987-02-11,0,0.491761684655309
"2234",1987-02-12,0,0.462402778108723
"2235",1987-02-13,0,0.420810993834394
"2236",1987-02-14,0,0.349860303013478
"2237",1987-02-15,0,0.337627425285734
"2238",1987-02-16,0,0.332734274194637
"2239",1987-02-17,0,0.330287698649088
"2240",1987-02-18,0,0.32539454755799
"2241",1987-02-19,0,0.320501396466893
"2242",1987-02-20,0,0.318054820921344
"2243",1987-02-21,0,0.354753454104576
"2244",1987-02-22,0,0.369432907377869
"2245",1987-02-23,1.00450833451748,0.398791813924455
"2246",1987-02-24,0.196762776633104,0.369432907377869
"2247",1987-02-25,0,0.340074000831283
"2248",1987-02-26,0,0.337627425285734
"2249",1987-02-27,0,0.342520576376832
"2250",1987-02-28,0.00471833335121887,0.352306878559027
"2251",1987-03-01,3.21459220769671,2.22883032199496
"2252",1987-03-02,11.5201005441878,2.19457826435727
"2253",1987-03-03,0.280947776031163,1.24286037713879
"2254",1987-03-04,0,0.929698707308544
"2255",1987-03-05,0,0.792690476757811
"2256",1987-03-06,0,0.753545268029031
"2257",1987-03-07,0,0.900339800761959
"2258",1987-03-08,0,1.1131918732247
"2259",1987-03-09,0,1.1131918732247
"2260",1987-03-10,0,0.944378160581837
"2261",1987-03-11,0,0.765778145756775
"2262",1987-03-12,0.0028144444277924,0.699720606026957
"2263",1987-03-13,0.88845389615165,0.694827454935859
"2264",1987-03-14,0,0.665468548389274
"2265",1987-03-15,0,0.594517857568358
"2266",1987-03-16,0.0211083330002924,0.555372648839578
"2267",1987-03-17,0,0.528460317838541
"2268",1987-03-18,0,0.50888771347415
"2269",1987-03-19,0,0.459956202563174
"2270",1987-03-20,0,0.455063051472077
"2271",1987-03-21,0.00124166671600607,0.445276749289882
"2272",1987-03-22,1.38909389038881,0.462402778108723
"2273",1987-03-23,0,0.484421958018663
"2274",1987-03-24,0,0.44772332483543
"2275",1987-03-25,0,0.420810993834394
"2276",1987-03-26,0.204792222517025,0.403684965015552
"2277",1987-03-27,0,0.393898662833357
"2278",1987-03-28,1.52898833956983,0.445276749289882
"2279",1987-03-29,0.278878332897296,0.450169900380979
"2280",1987-03-30,0.801371677263536,0.396345238378906
"2281",1987-03-31,15.7736367689768,4.23257569379942
"2282",1987-04-01,14.7197099469503,6.89934303844762
"2283",1987-04-02,0,3.40074000831283
"2284",1987-04-03,0,1.729728910703
"2285",1987-04-04,1.84801388617522,3.32734274194637
"2286",1987-04-05,16.2740283945931,7.19293210391347
"2287",1987-04-06,9.96147786145741,5.43139771111834
"2288",1987-04-07,4.05056496779124,3.49860303013478
"2289",1987-04-08,0,2.34871252372685
"2290",1987-04-09,0,1.58538095351562
"2291",1987-04-10,0,1.328490521233
"2292",1987-04-11,0,1.127871326498
"2293",1987-04-12,0,1.00309597367501
"2294",1987-04-13,9.14172951454586,2.71569885555917
"2295",1987-04-14,2.79002499368456,2.66676734464819
"2296",1987-04-15,0,1.54868232033239
"2297",1987-04-16,0.000744999983347954,1.20616174395556
"2298",1987-04-17,0.572491112068296,1.36763572996178
"2299",1987-04-18,5.21864221480157,1.76398096834069
"2300",1987-04-19,8.27777759275504e-05,1.48507135614812
"2301",1987-04-20,1.7892416582358,1.15967680859013
"2302",1987-04-21,0.104051667208783,1.03734803131269
"2303",1987-04-22,0,0.944378160581837
"2304",1987-04-23,0,0.863641167578726
"2305",1987-04-24,0.173502222291297,0.910126102944154
"2306",1987-04-25,3.7522338895599,1.30402476577751
"2307",1987-04-26,0,1.127871326498
"2308",1987-04-27,1.78270223913145,0.885660347488666
"2309",1987-04-28,0.718593891868988,0.870980894215373
"2310",1987-04-29,2.05280611316363,0.949271311672935
"2311",1987-04-30,0.0102644446621546,0.858748016487629
"2312",1987-05-01,0,0.748652116937933
"2313",1987-05-02,0,0.697274030481408
"2314",1987-05-03,0.120276109625378,0.69238087939031
"2315",1987-05-04,7.76033385541703,1.33827682341519
"2316",1987-05-05,1.59761112689972,1.2135014705922
"2317",1987-05-06,1.12635722561677,1.05202748458598
"2318",1987-05-07,0.00331111109877626,0.9174658295808
"2319",1987-05-08,0,0.780457599030067
"2320",1987-05-09,0,0.711953483754701
"2321",1987-05-10,0,0.667915123934823
"2322",1987-05-11,0,0.616537037478298
"2323",1987-05-12,0,0.589624706477261
"2324",1987-05-13,0,0.55047949774848
"2325",1987-05-14,0,0.538246620020736
"2326",1987-05-15,0.0790527774601554,0.57005210211287
"2327",1987-05-16,0.617273890186515,0.540693195566285
"2328",1987-05-17,0.0001655555518551,0.526013742292992
"2329",1987-05-18,0.522079442905056,0.457509627017626
"2330",1987-05-19,1.58254555610816,0.484421958018663
"2331",1987-05-20,0,0.48931510910976
"2332",1987-05-21,0.00372500000925114,0.479528806927565
"2333",1987-05-22,0,0.459956202563174
"2334",1987-05-23,0.0004966666555653,0.445276749289882
"2335",1987-05-24,0.126898333210602,0.40857811610665
"2336",1987-05-25,0,0.38655893619671
"2337",1987-05-26,0.525556113657023,0.376772634014515
"2338",1987-05-27,1.5699633360174,0.418364418288845
"2339",1987-05-28,1.08480277738306,0.467295929199821
"2340",1987-05-29,0.401554997454088,0.445276749289882
"2341",1987-05-30,0,0.376772634014515
"2342",1987-05-31,0.00231777778764566,0.283802763283661
"2343",1987-06-01,0.626296665403577,0.308268518739149
"2344",1987-06-02,0.455939999013829,0.291142489920307
"2345",1987-06-03,8.44233999305303,0.381665785105613
"2346",1987-06-04,0.824383883244462,0.354753454104576
"2347",1987-06-05,4.17017887878419,0.391452087287808
"2348",1987-06-06,0,0.342520576376832
"2349",1987-06-07,0,0.274016461101466
"2350",1987-06-08,0.530191664298375,0.298482216556954
"2351",1987-06-09,0,0.278909612192563
"2352",1987-06-10,0,0.242210979009331
"2353",1987-06-11,0,0.232424676827136
"2354",1987-06-12,0.0125822224035445,0.247104130100429
"2355",1987-06-13,0.799881663096345,0.296035641011405
"2356",1987-06-14,0.425146664934853,0.335180849740186
"2357",1987-06-15,1.48246723107125,0.315608245375795
"2358",1987-06-16,0,0.242210979009331
"2359",1987-06-17,0,0.215298648008294
"2360",1987-06-18,0,0.210405496917197
"2361",1987-06-19,0,0.210405496917197
"2362",1987-06-20,0,0.198172619189453
"2363",1987-06-21,1.16153777895206,0.195726043643904
"2364",1987-06-22,0.854101106729772,0.210405496917197
"2365",1987-06-23,0.155373888237609,0.217745223553843
"2366",1987-06-24,0.00604277781231536,0.210405496917197
"2367",1987-06-25,0,0.198172619189453
"2368",1987-06-26,0.329538334586553,0.24465755455488
"2369",1987-06-27,3.11012664050692,0.398791813924455
"2370",1987-06-28,0.707005000432952,0.38655893619671
"2371",1987-06-29,2.53432446419686,0.266676734464819
"2372",1987-06-30,0,0.227531525736038
"2373",1987-07-01,0.309919999301849,0.205512345826099
"2374",1987-07-02,0.612307221348915,0.190832892552806
"2375",1987-07-03,1.52600832375532,0.220191799099392
"2376",1987-07-04,0.0169694447127274,0.239764403463782
"2377",1987-07-05,0,0.198172619189453
"2378",1987-07-06,0.633498334391664,0.18349316591616
"2379",1987-07-07,0,0.168813712642867
"2380",1987-07-08,1.00417722766929,0.195726043643904
"2381",1987-07-09,0.0408094448120228,0.220191799099392
"2382",1987-07-10,0,0.193279468098355
"2383",1987-07-11,0.0605933335054044,0.168813712642867
"2384",1987-07-12,0.283927778647385,0.156580834915123
"2385",1987-07-13,1.25085501294666,0.159027410460672
"2386",1987-07-14,0,0.195726043643904
"2387",1987-07-15,0.637057781177261,0.161473986006221
"2388",1987-07-16,0,0.139454806096282
"2389",1987-07-17,0,0.139454806096282
"2390",1987-07-18,0,0.132115079459635
"2391",1987-07-19,0,0.127221928368538
"2392",1987-07-20,0,0.12232877727744
"2393",1987-07-21,0.621412774896974,0.127221928368538
"2394",1987-07-22,0,0.12232877727744
"2395",1987-07-23,0.0124994444580128,0.117435626186342
"2396",1987-07-24,0.00289722223455707,0.117435626186342
"2397",1987-07-25,0.00256611110000975,0.112542475095245
"2398",1987-07-26,0.510324998939203,0.112542475095245
"2399",1987-07-27,0.710067775567372,0.114989050640794
"2400",1987-07-28,0,0.112542475095245
"2401",1987-07-29,0,0.107649324004147
"2402",1987-07-30,0,0.110095899549696
"2403",1987-07-31,0.518437220440453,0.110095899549696
"2404",1987-08-01,0,0.105202748458598
"2405",1987-08-02,0.00372500005550682,0.105202748458598
"2406",1987-08-03,4.66328608269162,0.234871252372685
"2407",1987-08-04,1.82516722427474,0.227531525736038
"2408",1987-08-05,0.00190388892342647,0.151687683824026
"2409",1987-08-06,1.45531611162424,0.195726043643904
"2410",1987-08-07,0,0.161473986006221
"2411",1987-08-08,0,0.127221928368538
"2412",1987-08-09,0.393773891481674,0.16392056155177
"2413",1987-08-10,5.75644945896996,0.242210979009331
"2414",1987-08-11,0.0943666662842863,0.188386317007258
"2415",1987-08-12,0,0.139454806096282
"2416",1987-08-13,0,0.119882201731891
"2417",1987-08-14,0,0.107649324004147
"2418",1987-08-15,0,0.105202748458598
"2419",1987-08-16,0,0.10275617291305
"2420",1987-08-17,0,0.105202748458598
"2421",1987-08-18,0,0.105202748458598
"2422",1987-08-19,0.00422166661856075,0.10275617291305
"2423",1987-08-20,1.59132000205252,0.110095899549696
"2424",1987-08-21,0,0.100309597367501
"2425",1987-08-22,0,0.100309597367501
"2426",1987-08-23,0.326061668676013,0.0954164462764032
"2427",1987-08-24,0.13285833130425,0.0954164462764032
"2428",1987-08-25,0,0.0954164462764032
"2429",1987-08-26,0,0.0954164462764032
"2430",1987-08-27,3.0673305413458,0.195726043643904
"2431",1987-08-28,8.30658444065518,0.349860303013478
"2432",1987-08-29,3.80264556538397,0.704613757118055
"2433",1987-08-30,0.0192044442773072,0.406131540561101
"2434",1987-08-31,3.14795610724906,0.220191799099392
"2435",1987-09-01,1.57045999826325,0.207958921371648
"2436",1987-09-02,0,0.168813712642867
"2437",1987-09-03,0.418607225447169,0.149241108278477
"2438",1987-09-04,0,0.132115079459635
"2439",1987-09-05,0,0.119882201731891
"2440",1987-09-06,0.178634443103646,0.112542475095245
"2441",1987-09-07,0.863786112865744,0.16392056155177
"2442",1987-09-08,2.00082166303529,0.171260288188416
"2443",1987-09-09,5.15043333964878,0.3058219431936
"2444",1987-09-10,0.141632777356543,0.256890432282624
"2445",1987-09-11,0,0.171260288188416
"2446",1987-09-12,0.737715559125877,0.144347957187379
"2447",1987-09-13,1.85281498125165,0.932145282854093
"2448",1987-09-14,18.5625028472477,1.78110699715953
"2449",1987-09-15,0,0.831835685486592
"2450",1987-09-16,0,0.28624933882921
"2451",1987-09-17,0.695747221334113,0.278909612192563
"2452",1987-09-18,3.33726890538799,0.420810993834394
"2453",1987-09-19,4.31984112208418,0.787797325666714
"2454",1987-09-20,0.0698644449951954,0.560265799930675
"2455",1987-09-21,2.44931165806804,0.36698633183232
"2456",1987-09-22,0.0607588886872141,0.300928792102502
"2457",1987-09-23,0,0.261783583373722
"2458",1987-09-24,0,0.237317827918234
"2459",1987-09-25,0.00894000000061674,0.217745223553843
"2460",1987-09-26,0,0.200619194735002
"2461",1987-09-27,0,0.190832892552806
"2462",1987-09-28,0,0.18349316591616
"2463",1987-09-29,0,0.181046590370611
"2464",1987-09-30,0.186332777575486,0.330287698649088
"2465",1987-10-01,4.70616499384246,0.298482216556954
"2466",1987-10-02,0,0.217745223553843
"2467",1987-10-03,0,0.188386317007258
"2468",1987-10-04,9.27417387215297,0.97863021821952
"2469",1987-10-05,4.12076058665911,0.748652116937933
"2470",1987-10-06,0.000413888895056315,0.418364418288845
"2471",1987-10-07,2.47116500173675,0.393898662833357
"2472",1987-10-08,0,0.396345238378906
"2473",1987-10-09,0,0.298482216556954
"2474",1987-10-10,0,0.259337007828173
"2475",1987-10-11,0.42398778131418,0.293589065465856
"2476",1987-10-12,0.732417781142726,0.327841123103539
"2477",1987-10-13,0.811718892516568,0.28624933882921
"2478",1987-10-14,0,0.24465755455488
"2479",1987-10-15,0,0.237317827918234
"2480",1987-10-16,0,0.227531525736038
"2481",1987-10-17,0,0.217745223553843
"2482",1987-10-18,0,0.215298648008294
"2483",1987-10-19,0.0370016668109843,0.217745223553843
"2484",1987-10-20,0,0.207958921371648
"2485",1987-10-21,1.32071943418185,0.232424676827136
"2486",1987-10-22,0.327386111703183,0.22508495019049
"2487",1987-10-23,0,0.210405496917197
"2488",1987-10-24,0,0.193279468098355
"2489",1987-10-25,0,0.193279468098355
"2490",1987-10-26,0.00273166665186485,0.195726043643904
"2491",1987-10-27,0.00910555576833171,0.193279468098355
"2492",1987-10-28,6.00188554324045,0.36698633183232
"2493",1987-10-29,0.383261108002729,0.403684965015552
"2494",1987-10-30,0.0046355555752913,0.296035641011405
"2495",1987-10-31,0,0.242210979009331
"2496",1987-11-01,0,0.217745223553843
"2497",1987-11-02,0,0.205512345826099
"2498",1987-11-03,0,0.20306577028055
"2499",1987-11-04,0,0.20306577028055
"2500",1987-11-05,0,0.200619194735002
"2501",1987-11-06,0,0.20306577028055
"2502",1987-11-07,0,0.193279468098355
"2503",1987-11-08,0,0.190832892552806
"2504",1987-11-09,0,0.198172619189453
"2505",1987-11-10,1.43048277335697,0.266676734464819
"2506",1987-11-11,3.12270890278287,0.455063051472077
"2507",1987-11-12,6.13954498863219,0.403684965015552
"2508",1987-11-13,0,0.393898662833357
"2509",1987-11-14,0,0.403684965015552
"2510",1987-11-15,0,0.376772634014515
"2511",1987-11-16,0,0.332734274194637
"2512",1987-11-17,0,0.303375367648051
"2513",1987-11-18,2.12722332954407,0.36698633183232
"2514",1987-11-19,0,0.342520576376832
"2515",1987-11-20,0.0341872215351709,0.300928792102502
"2516",1987-11-21,0,0.283802763283661
"2517",1987-11-22,0,0.251997281191526
"2518",1987-11-23,0,0.237317827918234
"2519",1987-11-24,0.00678777771857049,0.242210979009331
"2520",1987-11-25,0,0.242210979009331
"2521",1987-11-26,0.222589445143214,0.242210979009331
"2522",1987-11-27,0.119613888389327,0.234871252372685
"2523",1987-11-28,0,0.227531525736038
"2524",1987-11-29,0.259591109117183,0.229978101281587
"2525",1987-11-30,9.77175109153322,1.78844672379617
"2526",1987-12-01,4.03881056218678,1.37986860768952
"2527",1987-12-02,0,0.778011023484519
"2528",1987-12-03,0.0115061112856492,0.55047949774848
"2529",1987-12-04,0.725381667613983,0.48931510910976
"2530",1987-12-05,0.237241109000002,0.467295929199821
"2531",1987-12-06,0,0.418364418288845
"2532",1987-12-07,0.0852611117494396,0.379219209560064
"2533",1987-12-08,0,0.359646605195674
"2534",1987-12-09,0,0.352306878559027
"2535",1987-12-10,0,0.359646605195674
"2536",1987-12-11,2.2277983382278,0.430597296016589
"2537",1987-12-12,0.312072222724867,0.445276749289882
"2538",1987-12-13,0.236165000780796,0.425704144925491
"2539",1987-12-14,0.47729666474058,0.371879482923418
"2540",1987-12-15,0,0.435490447107686
"2541",1987-12-16,4.66295500446029,0.765778145756775
"2542",1987-12-17,0.00802944461959933,0.59207128202281
"2543",1987-12-18,0,0.442830173744333
"2544",1987-12-19,0,0.389005511742259
"2545",1987-12-20,0.702286667189664,0.430597296016589
"2546",1987-12-21,1.6368477798303,0.474635655836467
"2547",1987-12-22,0,0.435490447107686
"2548",1987-12-23,0,0.393898662833357
"2549",1987-12-24,0,0.364539756286771
"2550",1987-12-25,0.0422166663860488,0.359646605195674
"2551",1987-12-26,0.18434611121534,0.362093180741222
"2552",1987-12-27,0,0.344967151922381
"2553",1987-12-28,0.00769833331544781,0.327841123103539
"2554",1987-12-29,1.54761332970195,0.322947972012442
"2555",1987-12-30,0.0425477778443859,0.303375367648051
"2556",1987-12-31,0,0.293589065465856
"2557",1988-01-01,0.264971667574512,0.303375367648051
"2558",1988-01-02,0,0.335180849740186
"2559",1988-01-03,0,0.310715094284698
"2560",1988-01-04,3.63617944033939,0.293589065465856
"2561",1988-01-05,0.0903933331322753,0.28624933882921
"2562",1988-01-06,0,0.278909612192563
"2563",1988-01-07,0,0.274016461101466
"2564",1988-01-08,0.302470001272341,0.271569885555917
"2565",1988-01-09,3.14613501178223,0.269123310010368
"2566",1988-01-10,0.0324488886724122,0.269123310010368
"2567",1988-01-11,1.12031445210624,0.26423015891927
"2568",1988-01-12,0,0.259337007828173
"2569",1988-01-13,0.241545554627975,0.256890432282624
"2570",1988-01-14,0.141136110963093,0.256890432282624
"2571",1988-01-15,0,0.254443856737075
"2572",1988-01-16,0,0.249550705645978
"2573",1988-01-17,0.0110094445529911,0.269123310010368
"2574",1988-01-18,0.954841667650372,0.437937022653235
"2575",1988-01-19,3.70298110447989,0.577391828749517
"2576",1988-01-20,0.76081055577265,0.702167181572506
"2577",1988-01-21,3.40166999652651,0.839175412123239
"2578",1988-01-22,0,0.721739785936896
"2579",1988-01-23,0,0.523567166747443
"2580",1988-01-24,0,0.442830173744333
"2581",1988-01-25,0,0.440383598198784
"2582",1988-01-26,6.58762112437354,0.516227440110797
"2583",1988-01-27,0,0.459956202563174
"2584",1988-01-28,0,0.369432907377869
"2585",1988-01-29,0,0.342520576376832
"2586",1988-01-30,0,0.342520576376832
"2587",1988-01-31,0,0.384112360651162
"2588",1988-02-01,0,0.521120591201894
"2589",1988-02-02,0,0.888106923034215
"2590",1988-02-03,4.36280277935665,1.23062749941105
"2591",1988-02-04,1.84528222285377,0.868534318669824
"2592",1988-02-05,2.92379387736321,0.65323567066153
"2593",1988-02-06,0,0.548032922202931
"2594",1988-02-07,0,0.46974250474537
"2595",1988-02-08,0.0280616668103677,0.457509627017626
"2596",1988-02-09,0,0.435490447107686
"2597",1988-02-10,0,0.425704144925491
"2598",1988-02-11,0,0.40857811610665
"2599",1988-02-12,3.98550165802241,0.663021972843725
"2600",1988-02-13,9.02161890972985,0.863641167578726
"2601",1988-02-14,0,0.645895944024883
"2602",1988-02-15,0.00513222218460094,0.606750735296102
"2603",1988-02-16,6.51038946228557,1.40188778759946
"2604",1988-02-17,0,1.10340557104251
"2605",1988-02-18,0,0.853854865396531
"2606",1988-02-19,0.00844333336047001,0.961504189400678
"2607",1988-02-20,3.03794443670433,2.06735633598874
"2608",1988-02-21,0,2.02576455171441
"2609",1988-02-22,1.55953334547082,1.2330740749566
"2610",1988-02-23,0,1.06426036231373
"2611",1988-02-24,0.29071555534833,0.927252131762995
"2612",1988-02-25,0,0.846515138759885
"2613",1988-02-26,0,0.48931510910976
"2614",1988-02-27,0.124083888397345,0.538246620020736
"2615",1988-02-28,0,0.596964433113907
"2616",1988-02-29,0,0.57005210211287
"2617",1988-03-01,0,0.560265799930675
"2618",1988-03-02,0,0.523567166747443
"2619",1988-03-03,0.00935388878774313,0.538246620020736
"2620",1988-03-04,3.35506609879599,0.819602807758848
"2621",1988-03-05,1.73328387182548,1.03245488022159
"2622",1988-03-06,0,0.797583627848909
"2623",1988-03-07,0.766356665002078,0.67280827502592
"2624",1988-03-08,0,0.63121649075159
"2625",1988-03-09,0,0.621430188569395
"2626",1988-03-10,0.14014277703522,0.618983613023847
"2627",1988-03-11,0,0.604304159750554
"2628",1988-03-12,0,0.552926073294029
"2629",1988-03-13,0.00670500009682857,0.535800044475187
"2630",1988-03-14,0.636643890586163,0.533353468929639
"2631",1988-03-15,0.837711108545462,0.543139771111834
"2632",1988-03-16,0,0.518674015656346
"2633",1988-03-17,0,0.484421958018663
"2634",1988-03-18,0,0.464849353654272
"2635",1988-03-19,0,0.459956202563174
"2636",1988-03-20,0,0.437937022653235
"2637",1988-03-21,0,0.411024691652198
"2638",1988-03-22,0,0.384112360651162
"2639",1988-03-23,0,0.384112360651162
"2640",1988-03-24,0,0.393898662833357
"2641",1988-03-25,0.308595551371574,0.393898662833357
"2642",1988-03-26,0.257273334906644,0.601857584205005
"2643",1988-03-27,7.625157784409,1.25264667932099
"2644",1988-03-28,1.98352110717259,0.841621987668787
"2645",1988-03-29,0,0.609197310841651
"2646",1988-03-30,0,0.53090689338409
"2647",1988-03-31,0,0.494208260200858
"2648",1988-04-01,0,0.467295929199821
"2649",1988-04-02,0.239724444143474,0.459956202563174
"2650",1988-04-03,0.00190388889258934,0.445276749289882
"2651",1988-04-04,1.01237222577466,0.467295929199821
"2652",1988-04-05,0.404121111545297,0.474635655836467
"2653",1988-04-06,0,0.433043871562138
"2654",1988-04-07,0,0.411024691652198
"2655",1988-04-08,0,0.401238389470003
"2656",1988-04-09,0.00960222230054854,0.38655893619671
"2657",1988-04-10,0,0.364539756286771
"2658",1988-04-11,0,0.349860303013478
"2659",1988-04-12,0,0.344967151922381
"2660",1988-04-13,0,0.335180849740186
"2661",1988-04-14,0,0.32539454755799
"2662",1988-04-15,0.0256611112313759,0.330287698649088
"2663",1988-04-16,0.180041666851689,0.340074000831283
"2664",1988-04-17,0.0393194445369557,0.332734274194637
"2665",1988-04-18,0.636561109495244,0.342520576376832
"2666",1988-04-19,0.760148330728213,0.354753454104576
"2667",1988-04-20,0,0.322947972012442
"2668",1988-04-21,0,0.303375367648051
"2669",1988-04-22,0,0.288695914374758
"2670",1988-04-23,0.00422166674190926,0.276463036647014
"2671",1988-04-24,0.600883887931704,0.293589065465856
"2672",1988-04-25,0.426553888204923,0.298482216556954
"2673",1988-04-26,0,0.276463036647014
"2674",1988-04-27,0.0597655543738769,0.269123310010368
"2675",1988-04-28,7.04016720453899,0.792690476757811
"2676",1988-04-29,3.26069944318136,0.839175412123239
"2677",1988-04-30,0.293695557733273,0.55047949774848
"2678",1988-05-01,0,0.423257569379942
"2679",1988-05-02,0.0197838887704743,0.374326058468966
"2680",1988-05-03,0.0380777778363682,0.354753454104576
"2681",1988-05-04,0,0.335180849740186
"2682",1988-05-05,0.0957738896622839,0.315608245375795
"2683",1988-05-06,1.89097555602921,0.364539756286771
"2684",1988-05-07,1.31964333396488,0.433043871562138
"2685",1988-05-08,0,0.362093180741222
"2686",1988-05-09,0,0.313161669830246
"2687",1988-05-10,0.322916114424251,0.300928792102502
"2688",1988-05-11,0.887295003434021,0.494208260200858
"2689",1988-05-12,2.25486665561464,0.648342519570432
"2690",1988-05-13,0,0.435490447107686
"2691",1988-05-14,0.292371108399911,0.354753454104576
"2692",1988-05-15,0,0.320501396466893
"2693",1988-05-16,0.0160588887766418,0.298482216556954
"2694",1988-05-17,0.181531669593726,0.298482216556954
"2695",1988-05-18,2.4927700146834,0.340074000831283
"2696",1988-05-19,2.59880833964878,0.411024691652198
"2697",1988-05-20,2.46462555366092,0.638556217388237
"2698",1988-05-21,0.147923889437173,0.516227440110797
"2699",1988-05-22,0,0.40857811610665
"2700",1988-05-23,1.61259388903197,0.36698633183232
"2701",1988-05-24,0.0211911112079397,0.364539756286771
"2702",1988-05-25,1.83460389773051,0.518674015656346
"2703",1988-05-26,4.58299165561463,0.526013742292992
"2704",1988-05-27,0,0.38655893619671
"2705",1988-05-28,0,0.318054820921344
"2706",1988-05-29,0.00206944444444444,0.291142489920307
"2707",1988-05-30,0.451221668915927,0.271569885555917
"2708",1988-05-31,0,0.256890432282624
"2709",1988-06-01,0,0.242210979009331
"2710",1988-06-02,0.396671110755868,0.239764403463782
"2711",1988-06-03,0.0197838887242187,0.24465755455488
"2712",1988-06-04,0.968003336767356,0.278909612192563
"2713",1988-06-05,0.0119199997181487,0.256890432282624
"2714",1988-06-06,0.37208610375029,0.232424676827136
"2715",1988-06-07,0,0.207958921371648
"2716",1988-06-08,0.00281444444321096,0.200619194735002
"2717",1988-06-09,0.560488331675529,0.212852072462746
"2718",1988-06-10,0.773227217998769,0.22508495019049
"2719",1988-06-11,0,0.207958921371648
"2720",1988-06-12,0,0.198172619189453
"2721",1988-06-13,0,0.188386317007258
"2722",1988-06-14,0,0.181046590370611
"2723",1988-06-15,0,0.176153439279514
"2724",1988-06-16,0.00637388913188542,0.176153439279514
"2725",1988-06-17,0.794666657538877,0.173706863733965
"2726",1988-06-18,0.338147219767587,0.200619194735002
"2727",1988-06-19,0,0.18349316591616
"2728",1988-06-20,0.724884996934173,0.168813712642867
"2729",1988-06-21,0,0.16392056155177
"2730",1988-06-22,0,0.154134259369574
"2731",1988-06-23,0.356441110884151,0.178600014825062
"2732",1988-06-24,0.748062775843672,0.178600014825062
"2733",1988-06-25,0,0.168813712642867
"2734",1988-06-26,0.0864200005044952,0.161473986006221
"2735",1988-06-27,0.000662222207420404,0.156580834915123
"2736",1988-06-28,0.00794666668948615,0.151687683824026
"2737",1988-06-29,0,0.146794532732928
"2738",1988-06-30,0.301228332721523,0.144347957187379
"2739",1988-07-01,0.0168866669367999,0.14190138164183
"2740",1988-07-02,0.0649805562308887,0.137008230550733
"2741",1988-07-03,0,0.132115079459635
"2742",1988-07-04,0,0.124775352822989
"2743",1988-07-05,0.0869994444888499,0.12232877727744
"2744",1988-07-06,0,0.119882201731891
"2745",1988-07-07,0,0.117435626186342
"2746",1988-07-08,0,0.117435626186342
"2747",1988-07-09,0.809318337554318,0.16392056155177
"2748",1988-07-10,0.594178886308439,0.114989050640794
"2749",1988-07-11,0.0004966666555653,0.114989050640794
"2750",1988-07-12,2.39153276862038,0.156580834915123
"2751",1988-07-13,1.13562833775414,0.16392056155177
"2752",1988-07-14,0.0682088884898565,0.127221928368538
"2753",1988-07-15,1.32907999557919,0.176153439279514
"2754",1988-07-16,0,0.134561655005184
"2755",1988-07-17,0.0681261107293474,0.117435626186342
"2756",1988-07-18,3.45183333728048,0.24465755455488
"2757",1988-07-19,0.560736668194955,0.176153439279514
"2758",1988-07-20,7.21698055871327,0.545586346657383
"2759",1988-07-21,6.89182942612965,0.484421958018663
"2760",1988-07-22,1.08033277820765,0.413471267197747
"2761",1988-07-23,0.894082783789166,0.291142489920307
"2762",1988-07-24,14.0761955754492,3.4741372746793
"2763",1988-07-25,8.89786620457967,1.47528505396593
"2764",1988-07-26,0.0597655550677121,0.67280827502592
"2765",1988-07-27,0.831999444858895,0.249550705645978
"2766",1988-07-28,0.793838892638683,0.315608245375795
"2767",1988-07-29,4.17075834438537,0.396345238378906
"2768",1988-07-30,0,0.344967151922381
"2769",1988-07-31,0.0820327780411267,0.261783583373722
"2770",1988-08-01,0.421504442609019,0.234871252372685
"2771",1988-08-02,0,0.217745223553843
"2772",1988-08-03,0,0.205512345826099
"2773",1988-08-04,0,0.222638374644941
"2774",1988-08-05,0,0.18349316591616
"2775",1988-08-06,0,0.176153439279514
"2776",1988-08-07,1.03430833986464,0.300928792102502
"2777",1988-08-08,0.785064438800016,0.249550705645978
"2778",1988-08-09,0,0.190832892552806
"2779",1988-08-10,0,0.173706863733965
"2780",1988-08-11,0,0.161473986006221
"2781",1988-08-12,0,0.154134259369574
"2782",1988-08-13,0.0180455551676245,0.149241108278477
"2783",1988-08-14,0,0.14190138164183
"2784",1988-08-15,0.16803888832457,0.139454806096282
"2785",1988-08-16,0,0.132115079459635
"2786",1988-08-17,0.00463555559070988,0.124775352822989
"2787",1988-08-18,0.0327799998686338,0.127221928368538
"2788",1988-08-19,0,0.124775352822989
"2789",1988-08-20,0,0.12232877727744
"2790",1988-08-21,0,0.117435626186342
"2791",1988-08-22,0,0.110095899549696
"2792",1988-08-23,0,0.107649324004147
"2793",1988-08-24,6.69481828975678,0.46974250474537
"2794",1988-08-25,4.71965776072607,0.396345238378906
"2795",1988-08-26,0,0.217745223553843
"2796",1988-08-27,0.0384916666234946,0.16392056155177
"2797",1988-08-28,0,0.110095899549696
"2798",1988-08-29,0.246760554588503,0.097863021821952
"2799",1988-08-30,2.15106333049138,0.114989050640794
"2800",1988-08-31,0,0.097863021821952
"2801",1988-09-01,0,0.085630144094208
"2802",1988-09-02,0,0.0782904174575616
"2803",1988-09-03,0,0.073397266366464
"2804",1988-09-04,0.039236666067193,0.097863021821952
"2805",1988-09-05,7.52623836917348,0.587178130931712
"2806",1988-09-06,1.94867166962826,0.251997281191526
"2807",1988-09-07,0,0.166367137097318
"2808",1988-09-08,0,0.149241108278477
"2809",1988-09-09,0.0043044445949296,0.139454806096282
"2810",1988-09-10,0,0.134561655005184
"2811",1988-09-11,0,0.132115079459635
"2812",1988-09-12,0,0.127221928368538
"2813",1988-09-13,2.2282122247484,0.198172619189453
"2814",1988-09-14,0.94325277521213,0.168813712642867
"2815",1988-09-15,0,0.129668503914086
"2816",1988-09-16,0,0.124775352822989
"2817",1988-09-17,0.0203633333253157,0.12232877727744
"2818",1988-09-18,0.0287238889098581,0.137008230550733
"2819",1988-09-19,0.00273166665186485,0.12232877727744
"2820",1988-09-20,0.127974444050963,0.24465755455488
"2821",1988-09-21,6.02539445707534,0.6116438863872
"2822",1988-09-22,0,0.242210979009331
"2823",1988-09-23,0.0003311111037102,0.173706863733965
"2824",1988-09-24,0,0.129668503914086
"2825",1988-09-25,0,0.119882201731891
"2826",1988-09-26,0,0.114989050640794
"2827",1988-09-27,0,0.112542475095245
"2828",1988-09-28,0,0.110095899549696
"2829",1988-09-29,0,0.107649324004147
"2830",1988-09-30,0,0.105202748458598
"2831",1988-10-01,0,0.107649324004147
"2832",1988-10-02,0.00620833319456626,0.112542475095245
"2833",1988-10-03,3.11890111284785,0.149241108278477
"2834",1988-10-04,0.00190388892342647,0.139454806096282
"2835",1988-10-05,0,0.12232877727744
"2836",1988-10-06,0,0.117435626186342
"2837",1988-10-07,0.0095194445554581,0.117435626186342
"2838",1988-10-08,4.60815607704718,0.318054820921344
"2839",1988-10-09,0.346590556073001,0.254443856737075
"2840",1988-10-10,0,0.193279468098355
"2841",1988-10-11,1.62741110134808,0.166367137097318
"2842",1988-10-12,0,0.14190138164183
"2843",1988-10-13,0,0.129668503914086
"2844",1988-10-14,0,0.127221928368538
"2845",1988-10-15,0,0.129668503914086
"2846",1988-10-16,0,0.132115079459635
"2847",1988-10-17,0.0389883335257569,0.132115079459635
"2848",1988-10-18,0.0841022225164084,0.144347957187379
"2849",1988-10-19,0.509497223646897,0.134561655005184
"2850",1988-10-20,0,0.134561655005184
"2851",1988-10-21,0,0.132115079459635
"2852",1988-10-22,8.33812274588478,0.6116438863872
"2853",1988-10-23,0.483918886336808,0.477082231382016
"2854",1988-10-24,3.65968830848909,0.322947972012442
"2855",1988-10-25,0.237986111111111,0.222638374644941
"2856",1988-10-26,0,0.188386317007258
"2857",1988-10-27,0,0.173706863733965
"2858",1988-10-28,0.0153138891787579,0.168813712642867
"2859",1988-10-29,0.251313332125751,0.16392056155177
"2860",1988-10-30,0,0.159027410460672
"2861",1988-10-31,0.228549445272113,0.154134259369574
"2862",1988-11-01,0.0656427777290551,0.618983613023847
"2863",1988-11-02,17.4411121868558,1.4239069675094
"2864",1988-11-03,0.649888333747785,0.868534318669824
"2865",1988-11-04,0,0.411024691652198
"2866",1988-11-05,0.0220188890597266,0.349860303013478
"2867",1988-11-06,3.98384609957434,0.604304159750554
"2868",1988-11-07,1.45357779003245,0.521120591201894
"2869",1988-11-08,0,0.359646605195674
"2870",1988-11-09,0,0.303375367648051
"2871",1988-11-10,0,0.281356187738112
"2872",1988-11-11,0.142874443656247,0.269123310010368
"2873",1988-11-12,0,0.249550705645978
"2874",1988-11-13,0.000827777790112627,0.555372648839578
"2875",1988-11-14,7.33030332512324,0.702167181572506
"2876",1988-11-15,0,0.484421958018663
"2877",1988-11-16,0.0046355555752913,0.344967151922381
"2878",1988-11-17,3.02014720564418,0.616537037478298
"2879",1988-11-18,2.47166165214115,0.63121649075159
"2880",1988-11-19,0,0.437937022653235
"2881",1988-11-20,3.2867744178209,2.13830702680965
"2882",1988-11-21,20.8398022020128,4.23257569379942
"2883",1988-11-22,0,2.11139469580861
"2884",1988-11-23,0,0.939485009490739
"2885",1988-11-24,0,0.748652116937933
"2886",1988-11-25,0,0.633663066297139
"2887",1988-11-26,0,0.557819224385127
"2888",1988-11-27,0.114398888814263,0.518674015656346
"2889",1988-11-28,7.40099557071262,1.06426036231373
"2890",1988-11-29,1.30192888273133,1.06426036231373
"2891",1988-11-30,0,0.738865814755738
"2892",1988-12-01,0,0.609197310841651
"2893",1988-12-02,0,0.538246620020736
"2894",1988-12-03,0,0.48931510910976
"2895",1988-12-04,0,0.452616475926528
"2896",1988-12-05,0,0.415917842743296
"2897",1988-12-06,0,0.391452087287808
"2898",1988-12-07,0,0.379219209560064
"2899",1988-12-08,0,0.36698633183232
"2900",1988-12-09,0,0.342520576376832
"2901",1988-12-10,0,0.330287698649088
"2902",1988-12-11,0,0.313161669830246
"2903",1988-12-12,0,0.298482216556954
"2904",1988-12-13,0.0003311111037102,0.288695914374758
"2905",1988-12-14,3.54975943591859,0.318054820921344
"2906",1988-12-15,0,0.32539454755799
"2907",1988-12-16,0,0.3058219431936
"2908",1988-12-17,0,0.298482216556954
"2909",1988-12-18,0,0.291142489920307
"2910",1988-12-19,0,0.283802763283661
"2911",1988-12-20,0,0.276463036647014
"2912",1988-12-21,0.0423822219995783,0.315608245375795
"2913",1988-12-22,0,0.344967151922381
"2914",1988-12-23,0.00240055548648039,0.342520576376832
"2915",1988-12-24,0.70642555074373,0.462402778108723
"2916",1988-12-25,2.60774831928147,0.709506908209152
"2917",1988-12-26,0.000413888895056315,0.543139771111834
"2918",1988-12-27,1.02429222697299,0.393898662833357
"2919",1988-12-28,0.00149000005920728,0.440383598198784
"2920",1988-12-29,3.02345833728048,0.682594577208115
"2921",1988-12-30,0,0.521120591201894
"2922",1988-12-31,0,0.40857811610665
"2923",1989-01-01,0,0.362093180741222
"2924",1989-01-02,0.00587722218336746,0.342520576376832
"2925",1989-01-03,0.0141550002540979,0.330287698649088
"2926",1989-01-04,0,0.3058219431936
"2927",1989-01-05,0,0.281356187738112
"2928",1989-01-06,0,0.256890432282624
"2929",1989-01-07,0.274491111004415,0.24465755455488
"2930",1989-01-08,0.130209443831402,0.32539454755799
"2931",1989-01-09,1.1418366691139,0.352306878559027
"2932",1989-01-10,0,0.310715094284698
"2933",1989-01-11,0,0.293589065465856
"2934",1989-01-12,0,0.340074000831283
"2935",1989-01-13,2.41429666935073,0.457509627017626
"2936",1989-01-14,0,0.36698633183232
"2937",1989-01-15,1.85066277969215,0.518674015656346
"2938",1989-01-16,0,0.503994562383053
"2939",1989-01-17,0.361076667569578,0.38655893619671
"2940",1989-01-18,0,0.342520576376832
"2941",1989-01-19,0.518685558239619,0.342520576376832
"2942",1989-01-20,0,0.337627425285734
"2943",1989-01-21,0.00595999988220218,0.315608245375795
"2944",1989-01-22,0,0.276463036647014
"2945",1989-01-23,0,0.26423015891927
"2946",1989-01-24,0,0.251997281191526
"2947",1989-01-25,0,0.239764403463782
"2948",1989-01-26,0.769088335030609,0.357200029650125
"2949",1989-01-27,2.85086669113901,0.523567166747443
"2950",1989-01-28,0.000993333341967727,0.40857811610665
"2951",1989-01-29,0.00206944442902588,0.342520576376832
"2952",1989-01-30,0.894579444878632,0.376772634014515
"2953",1989-01-31,0.280947778004739,0.396345238378906
"2954",1989-02-01,0,0.354753454104576
"2955",1989-02-02,0,0.337627425285734
"2956",1989-02-03,0.286411112788651,0.362093180741222
"2957",1989-02-04,0.427133331295,0.36698633183232
"2958",1989-02-05,0.204295554982602,0.313161669830246
"2959",1989-02-06,1.45904112682078,0.298482216556954
"2960",1989-02-07,0.0658083330187945,0.281356187738112
"2961",1989-02-08,0,0.269123310010368
"2962",1989-02-09,0,0.251997281191526
"2963",1989-02-10,0,0.239764403463782
"2964",1989-02-11,0,0.232424676827136
"2965",1989-02-12,0,0.22508495019049
"2966",1989-02-13,0,0.220191799099392
"2967",1989-02-14,2.69342333428065,0.349860303013478
"2968",1989-02-15,0.615949443181355,0.415917842743296
"2969",1989-02-16,2.25445277698835,0.48931510910976
"2970",1989-02-17,0,0.379219209560064
"2971",1989-02-18,0,0.308268518739149
"2972",1989-02-19,0,0.276463036647014
"2973",1989-02-20,0,0.254443856737075
"2974",1989-02-21,3.05292723753718,1.10340557104251
"2975",1989-02-22,6.4196649898953,1.22573434831995
"2976",1989-02-23,0.929677223722139,0.839175412123239
"2977",1989-02-24,0,0.589624706477261
"2978",1989-02-25,0.370927220700103,0.477082231382016
"2979",1989-02-26,0.00339388884386669,0.425704144925491
"2980",1989-02-27,1.03256999810537,0.403684965015552
"2981",1989-02-28,0,0.391452087287808
"2982",1989-03-01,0,0.376772634014515
"2983",1989-03-02,0,0.362093180741222
"2984",1989-03-03,0,0.357200029650125
"2985",1989-03-04,0,0.354753454104576
"2986",1989-03-05,0,0.354753454104576
"2987",1989-03-06,1.43950555141105,0.344967151922381
"2988",1989-03-07,0,0.318054820921344
"2989",1989-03-08,0,0.298482216556954
"2990",1989-03-09,0,0.288695914374758
"2991",1989-03-10,0,0.281356187738112
"2992",1989-03-11,0,0.276463036647014
"2993",1989-03-12,0.0146516666475477,0.300928792102502
"2994",1989-03-13,0.859978332228131,0.293589065465856
"2995",1989-03-14,0,0.293589065465856
"2996",1989-03-15,0.556349441784433,0.298482216556954
"2997",1989-03-16,0,0.3058219431936
"2998",1989-03-17,0,0.296035641011405
"2999",1989-03-18,0.326723889865808,0.393898662833357
"3000",1989-03-19,1.17387166354102,0.503994562383053
"3001",1989-03-20,1.42940666606287,0.389005511742259
"3002",1989-03-21,4.21446500094731,0.518674015656346
"3003",1989-03-22,0,0.516227440110797
"3004",1989-03-23,0,0.411024691652198
"3005",1989-03-24,0.183104441153506,0.523567166747443
"3006",1989-03-25,6.20651227271248,1.49241108278477
"3007",1989-03-26,0,1.07160008895037
"3008",1989-03-27,2.24385721898679,0.702167181572506
"3009",1989-03-28,0,0.587178130931712
"3010",1989-03-29,0.0269027776544293,0.535800044475187
"3011",1989-03-30,0.234840553868148,0.724186361482445
"3012",1989-03-31,7.64254111300573,1.67101109760983
"3013",1989-04-01,2.49657777698835,1.62207958669885
"3014",1989-04-02,0,1.07404666449592
"3015",1989-04-03,1.39124611055851,0.792690476757811
"3016",1989-04-04,1.15292889062564,0.817156232213299
"3017",1989-04-05,1.76780222174856,0.787797325666714
"3018",1989-04-06,3.56374888478385,1.03245488022159
"3019",1989-04-07,1.5509244494968,0.988416520401715
"3020",1989-04-08,0.310830555222515,1.4239069675094
"3021",1989-04-09,0.462562223046192,1.09117269331477
"3022",1989-04-10,1.65870110219055,0.888106923034215
"3023",1989-04-11,0,0.748652116937933
"3024",1989-04-12,0,0.670361699480371
"3025",1989-04-13,0,0.621430188569395
"3026",1989-04-14,0.265302779973381,0.59207128202281
"3027",1989-04-15,0.207275557614242,0.65323567066153
"3028",1989-04-16,6.0335894472864,1.50464396051251
"3029",1989-04-17,2.93049891932143,1.17680283740897
"3030",1989-04-18,0.226645555516084,0.831835685486592
"3031",1989-04-19,0.439136111703183,0.743758965846835
"3032",1989-04-20,0,0.658128821752627
"3033",1989-04-21,0,0.594517857568358
"3034",1989-04-22,0,0.555372648839578
"3035",1989-04-23,0,0.516227440110797
"3036",1989-04-24,0,0.491761684655309
"3037",1989-04-25,0,0.46974250474537
"3038",1989-04-26,0,0.455063051472077
"3039",1989-04-27,0,0.440383598198784
"3040",1989-04-28,0,0.420810993834394
"3041",1989-04-29,0,0.40857811610665
"3042",1989-04-30,2.62082722234064,0.584731555386163
"3043",1989-05-01,1.22395222576356,0.518674015656346
"3044",1989-05-02,8.15493555429247,2.74016461101466
"3045",1989-05-03,9.16109945265451,2.76463036647014
"3046",1989-05-04,0,1.3333836723241
"3047",1989-05-05,0,0.963950764946227
"3048",1989-05-06,7.3004205857118,2.05757003380654
"3049",1989-05-07,0.0105955556116791,2.81356187738112
"3050",1989-05-08,2.98066222131314,1.31136449241416
"3051",1989-05-09,0.00264888886051873,0.973737067128423
"3052",1989-05-10,1.22618722144266,1.10829872213361
"3053",1989-05-11,16.2811472095913,4.11024691652198
"3054",1989-05-12,2.66511334154341,3.93898662833357
"3055",1989-05-13,0.0424649996367386,2.14320017790075
"3056",1989-05-14,0,1.4336932696916
"3057",1989-05-15,0.150407220325122,1.08383296667812
"3058",1989-05-16,1.93385443954998,1.30157819023196
"3059",1989-05-17,8.18581170898014,2.47104130100429
"3060",1989-05-18,0,1.78600014825062
"3061",1989-05-19,0,1.15478365749903
"3062",1989-05-20,0,0.939485009490739
"3063",1989-05-21,0.145937221427241,0.883213771943117
"3064",1989-05-22,0.828522776080502,0.844068563214336
"3065",1989-05-23,2.40833665529887,0.741312390301286
"3066",1989-05-24,16.5058060934279,4.23257569379942
"3067",1989-05-25,4.8907594674958,5.35800044475187
"3068",1989-05-26,0.0976777772442956,2.51997281191526
"3069",1989-05-27,0.555935559997336,1.67101109760983
"3070",1989-05-28,0.368278336619337,1.34806312559739
"3071",1989-05-29,0,1.04713433349489
"3072",1989-05-30,0.507758887499986,0.895446649670861
"3073",1989-05-31,0,0.829389109941043
"3074",1989-06-01,0.536979449417855,0.83672883657769
"3075",1989-06-02,2.58448777604103,0.963950764946227
"3076",1989-06-03,0.381688335301974,0.890553498579763
"3077",1989-06-04,0.170439443009285,0.870980894215373
"3078",1989-06-05,1.34960888462596,0.802476778940006
"3079",1989-06-06,1.64620167361366,0.738865814755738
"3080",1989-06-07,3.03397109516462,0.927252131762995
"3081",1989-06-08,5.05308663951026,1.13276447758909
"3082",1989-06-09,1.28868444203668,1.729728910703
"3083",1989-06-10,9.85121776135763,3.40074000831283
"3084",1989-06-11,0,2.09671524253532
"3085",1989-06-12,4.10842666691583,1.08872611776922
"3086",1989-06-13,3.15540610763762,1.16212338413568
"3087",1989-06-14,1.93277832749155,1.15723023304458
"3088",1989-06-15,3.65703944412867,1.17190968631788
"3089",1989-06-16,5.43295389615166,2.10894812026307
"3090",1989-06-17,1.17850722916921,1.56580834915123
"3091",1989-06-18,0.111667222964163,1.15723023304458
"3092",1989-06-19,0.26935888607531,0.907679527398605
"3093",1989-06-20,0,0.770671296847872
"3094",1989-06-21,0.00670499994264296,0.694827454935859
"3095",1989-06-22,0.142377777401565,0.660575397298176
"3096",1989-06-23,0.0776455546063887,0.633663066297139
"3097",1989-06-24,1.59206500479579,0.738865814755738
"3098",1989-06-25,0,0.645895944024883
"3099",1989-06-26,0.687883338295026,0.567605526567322
"3100",1989-06-27,0,0.521120591201894
"3101",1989-06-28,0,0.491761684655309
"3102",1989-06-29,0.443937220455871,0.477082231382016
"3103",1989-06-30,0,0.445276749289882
"3104",1989-07-01,0,0.418364418288845
"3105",1989-07-02,0,0.401238389470003
"3106",1989-07-03,0,0.38655893619671
"3107",1989-07-04,0,0.376772634014515
"3108",1989-07-05,0.416041107115855,0.46974250474537
"3109",1989-07-06,3.42368888020514,0.560265799930675
"3110",1989-07-07,0.0716855543078854,0.462402778108723
"3111",1989-07-08,1.15880610267901,0.440383598198784
"3112",1989-07-09,0,0.384112360651162
"3113",1989-07-10,2.00123555350304,0.981076793765069
"3114",1989-07-11,11.0944572102229,1.328490521233
"3115",1989-07-12,0,0.682594577208115
"3116",1989-07-13,0,0.464849353654272
"3117",1989-07-14,0,0.452616475926528
"3118",1989-07-15,1.19423499688175,0.479528806927565
"3119",1989-07-16,0.239144998694356,0.406131540561101
"3120",1989-07-17,7.47582667361365,0.963950764946227
"3121",1989-07-18,0.225734999996299,0.680148001662567
"3122",1989-07-19,0,0.481975382473114
"3123",1989-07-20,0.0842677777598922,0.415917842743296
"3124",1989-07-21,3.69139222269589,0.484421958018663
"3125",1989-07-22,0,0.499101411291955
"3126",1989-07-23,0,0.413471267197747
"3127",1989-07-24,0,0.371879482923418
"3128",1989-07-25,0,0.349860303013478
"3129",1989-07-26,0.134762222956763,0.327841123103539
"3130",1989-07-27,0.0437894441440907,0.300928792102502
"3131",1989-07-28,2.93703832496537,0.423257569379942
"3132",1989-07-29,0.0176316665038467,0.369432907377869
"3133",1989-07-30,0,0.300928792102502
"3134",1989-07-31,0.300235003049175,0.342520576376832
"3135",1989-08-01,0,0.288695914374758
"3136",1989-08-02,0.00041388887963775,0.278909612192563
"3137",1989-08-03,0.0163072222431915,0.266676734464819
"3138",1989-08-04,0,0.251997281191526
"3139",1989-08-05,0,0.247104130100429
"3140",1989-08-06,0,0.237317827918234
"3141",1989-08-07,0.0885722222777291,0.24465755455488
"3142",1989-08-08,0.870159993625351,0.247104130100429
"3143",1989-08-09,0,0.229978101281587
"3144",1989-08-10,0,0.220191799099392
"3145",1989-08-11,4.98462944507598,2.49550705645978
"3146",1989-08-12,26.0989228358799,3.42520576376832
"3147",1989-08-13,10.1505422203276,4.03684965015552
"3148",1989-08-14,15.21455561871,2.83802763283661
"3149",1989-08-15,0.130788888355407,1.35050970114294
"3150",1989-08-16,0.0173005554001364,0.753545268029031
"3151",1989-08-17,0.0371672217460971,0.660575397298176
"3152",1989-08-18,0,0.560265799930675
"3153",1989-08-19,0,0.503994562383053
"3154",1989-08-20,0.147344443432987,0.494208260200858
"3155",1989-08-21,0.118206666399,0.506441137928602
"3156",1989-08-22,1.7530677814881,0.50888771347415
"3157",1989-08-23,0.319191112641865,0.481975382473114
"3158",1989-08-24,0,0.472189080290918
"3159",1989-08-25,0,0.40857811610665
"3160",1989-08-26,0,0.36698633183232
"3161",1989-08-27,0,0.344967151922381
"3162",1989-08-28,0,0.340074000831283
"3163",1989-08-29,0.00264888882968161,0.445276749289882
"3164",1989-08-30,7.11557779672412,0.912572678489702
"3165",1989-08-31,0,0.48931510910976
"3166",1989-09-01,0,0.381665785105613
"3167",1989-09-02,0.00819499990933886,0.349860303013478
"3168",1989-09-03,0,0.313161669830246
"3169",1989-09-04,0,0.296035641011405
"3170",1989-09-05,0,0.288695914374758
"3171",1989-09-06,0,0.28624933882921
"3172",1989-09-07,0,0.283802763283661
"3173",1989-09-08,0,0.278909612192563
"3174",1989-09-09,0,0.269123310010368
"3175",1989-09-10,0,0.26423015891927
"3176",1989-09-11,0,0.261783583373722
"3177",1989-09-12,0,0.251997281191526
"3178",1989-09-13,0,0.242210979009331
"3179",1989-09-14,0,0.310715094284698
"3180",1989-09-15,9.32955220201281,0.645895944024883
"3181",1989-09-16,0.703445555466744,0.479528806927565
"3182",1989-09-17,1.87309555038479,0.528460317838541
"3183",1989-09-18,2.11695888748765,0.464849353654272
"3184",1989-09-19,1.19183443818821,0.53090689338409
"3185",1989-09-20,4.8194878194597,0.609197310841651
"3186",1989-09-21,3.34000056155523,0.755991843574579
"3187",1989-09-22,0.576133333530692,0.648342519570432
"3188",1989-09-23,0.257024999065635,0.205512345826099
"3189",1989-09-24,0.577209453668446,0.477082231382016
"3190",1989-09-25,1.05789999926608,0.401238389470003
"3191",1989-09-26,3.6336961054272,0.491761684655309
"3192",1989-09-27,1.27171500094732,0.506441137928602
"3193",1989-09-28,0,0.403684965015552
"3194",1989-09-29,0,0.357200029650125
"3195",1989-09-30,0,0.332734274194637
"3196",1989-10-01,0,0.310715094284698
"3197",1989-10-02,1.39745443649093,0.682594577208115
"3198",1989-10-03,8.67386944760216,0.929698707308544
"3199",1989-10-04,0,0.574945253203968
"3200",1989-10-05,0,0.423257569379942
"3201",1989-10-06,0.177392778515402,0.371879482923418
"3202",1989-10-07,0,0.349860303013478
"3203",1989-10-08,0,0.32539454755799
"3204",1989-10-09,0,0.308268518739149
"3205",1989-10-10,0.000413888895056315,0.298482216556954
"3206",1989-10-11,4.24443053976693,0.486868533564211
"3207",1989-10-12,0,0.486868533564211
"3208",1989-10-13,0,0.384112360651162
"3209",1989-10-14,0.0004966666555653,0.337627425285734
"3210",1989-10-15,4.78770114363563,0.552926073294029
"3211",1989-10-16,0.0124994444580128,0.491761684655309
"3212",1989-10-17,1.5238561123742,1.28689873695867
"3213",1989-10-18,13.1552928055657,2.22638374644941
"3214",1989-10-19,1.33462611324257,1.51198368714916
"3215",1989-10-20,15.3439371679094,5.21120591201894
"3216",1989-10-21,20.3256695139143,8.19602807758848
"3217",1989-10-22,0,4.35490447107686
"3218",1989-10-23,0,2.11384127135416
"3219",1989-10-24,0,1.5340028670591
"3220",1989-10-25,0,1.23796722604769
"3221",1989-10-26,0,1.05447406013153
"3222",1989-10-27,0,0.944378160581837
"3223",1989-10-28,0,0.870980894215373
"3224",1989-10-29,0,0.807369930031104
"3225",1989-10-30,0,0.758438419120128
"3226",1989-10-31,0.339637223049273,0.905232951853056
"3227",1989-11-01,7.10870725758871,1.61718643560776
"3228",1989-11-02,0.0192872217757007,1.23796722604769
"3229",1989-11-03,3.03115666919285,1.19392886622781
"3230",1989-11-04,0.158022777128965,1.10585214658806
"3231",1989-11-05,0,0.883213771943117
"3232",1989-11-06,2.11182667114668,0.79513705230336
"3233",1989-11-07,0.138156112694906,0.748652116937933
"3234",1989-11-08,0.922806658930248,0.719293210391347
"3235",1989-11-09,3.83136944760216,1.33093709677855
"3236",1989-11-10,0.707170559993635,1.53155629151355
"3237",1989-11-11,0,1.07649324004147
"3238",1989-11-12,0.00306277772473793,0.85630144094208
"3239",1989-11-13,0.846568330446362,0.755991843574579
"3240",1989-11-14,0.0159761111086441,0.709506908209152
"3241",1989-11-15,1.48693722711669,0.809816505576653
"3242",1989-11-16,2.90351331549221,1.5340028670591
"3243",1989-11-17,7.56431609879599,2.08937551589868
"3244",1989-11-18,0,1.27466585923093
"3245",1989-11-19,0,0.949271311672935
"3246",1989-11-20,0.122924999272244,0.863641167578726
"3247",1989-11-21,0.894413882080051,0.858748016487629
"3248",1989-11-22,0,0.751098692483482
"3249",1989-11-23,1.15897167115162,0.71440005930025
"3250",1989-11-24,0.919081665674328,0.69238087939031
"3251",1989-11-25,0,0.67280827502592
"3252",1989-11-26,0.0292205557967019,0.711953483754701
"3253",1989-11-27,1.16873944689168,0.721739785936896
"3254",1989-11-28,1.32146445320712,0.807369930031104
"3255",1989-11-29,0.269938331724869,0.79513705230336
"3256",1989-11-30,0,0.665468548389274
"3257",1989-12-01,0,0.609197310841651
"3258",1989-12-02,0.111667221684423,0.557819224385127
"3259",1989-12-03,0.398078335290257,0.538246620020736
"3260",1989-12-04,0,0.513780864565248
"3261",1989-12-05,0,0.501547986837504
"3262",1989-12-06,0,0.48931510910976
"3263",1989-12-07,0.343941666518648,0.523567166747443
"3264",1989-12-08,0,0.496654835746406
"3265",1989-12-09,0,0.457509627017626
"3266",1989-12-10,0,0.440383598198784
"3267",1989-12-11,0,0.42815072047104
"3268",1989-12-12,0,0.415917842743296
"3269",1989-12-13,0,0.403684965015552
"3270",1989-12-14,0,0.391452087287808
"3271",1989-12-15,0,0.381665785105613
"3272",1989-12-16,4.30535502873528,0.401238389470003
"3273",1989-12-17,0,0.40857811610665
"3274",1989-12-18,0,0.393898662833357
"3275",1989-12-19,0,0.381665785105613
"3276",1989-12-20,0,0.36698633183232
"3277",1989-12-21,0.0029800000567403,0.354753454104576
"3278",1989-12-22,0,0.342520576376832
"3279",1989-12-23,0,0.335180849740186
"3280",1989-12-24,0,0.327841123103539
"3281",1989-12-25,0,0.322947972012442
"3282",1989-12-26,0.00587722224504168,0.318054820921344
"3283",1989-12-27,0,0.315608245375795
"3284",1989-12-28,0,0.313161669830246
"3285",1989-12-29,0.244359999518324,0.310715094284698
"3286",1989-12-30,2.04932944981257,0.3058219431936
"3287",1989-12-31,1.86986723493205,0.298482216556954
"3288",1990-01-01,3.37178722159066,0.858748016487629
"3289",1990-01-02,0,0.69238087939031
"3290",1990-01-03,0,0.506441137928602
"3291",1990-01-04,0,0.455063051472077
"3292",1990-01-05,0.29857944241166,0.560265799930675
"3293",1990-01-06,0,0.513780864565248
"3294",1990-01-07,0,0.440383598198784
"3295",1990-01-08,0.0698644440392445,0.40857811610665
"3296",1990-01-09,2.55882667361366,0.423257569379942
"3297",1990-01-10,0.00438722218583442,0.481975382473114
"3298",1990-01-11,0.424484441247252,0.545586346657383
"3299",1990-01-12,0,0.516227440110797
"3300",1990-01-13,0,0.452616475926528
"3301",1990-01-14,0,0.393898662833357
"3302",1990-01-15,0.273083888767391,0.391452087287808
"3303",1990-01-16,0.562392224669457,0.396345238378906
"3304",1990-01-17,0,0.415917842743296
"3305",1990-01-18,0.0165555555555556,0.518674015656346
"3306",1990-01-19,0,0.579838404295066
"3307",1990-01-20,0,0.474635655836467
"3308",1990-01-21,4.97378554481932,0.6116438863872
"3309",1990-01-22,3.37195276514691,0.587178130931712
"3310",1990-01-23,0.506765554805595,0.521120591201894
"3311",1990-01-24,0.0751622218682122,0.538246620020736
"3312",1990-01-25,0.648563896980552,1.07649324004147
"3313",1990-01-26,6.52686221843297,2.30467416390697
"3314",1990-01-27,2.17059888517857,2.08937551589868
"3315",1990-01-28,0,1.15967680859013
"3316",1990-01-29,0.552458885205702,1.05447406013153
"3317",1990-01-30,12.6173198875851,3.62093180741222
"3318",1990-01-31,0.119199999124226,2.49550705645978
"3319",1990-02-01,0,1.38965490987172
"3320",1990-02-02,0.0433755555265686,1.15233708195349
"3321",1990-02-03,1.89453500694699,1.10340557104251
"3322",1990-02-04,2.4928527706729,1.15233708195349
"3323",1990-02-05,1.71499000647333,1.06426036231373
"3324",1990-02-06,0,0.873427469760922
"3325",1990-02-07,0,0.846515138759885
"3326",1990-02-08,0,0.79513705230336
"3327",1990-02-09,0.0013244444148408,0.755991843574579
"3328",1990-02-10,0.932160552713605,0.875874045306471
"3329",1990-02-11,1.03033499234253,0.905232951853056
"3330",1990-02-12,0,0.751098692483482
"3331",1990-02-13,0,0.67280827502592
"3332",1990-02-14,0,0.638556217388237
"3333",1990-02-15,0.885722224195798,0.628769915206042
"3334",1990-02-16,5.34852054071427,1.07649324004147
"3335",1990-02-17,0.0485077781274707,1.13521105313464
"3336",1990-02-18,0,0.844068563214336
"3337",1990-02-19,0,0.719293210391347
"3338",1990-02-20,0,0.665468548389274
"3339",1990-02-21,0,0.59207128202281
"3340",1990-02-22,0.00372499999383256,0.609197310841651
"3341",1990-02-23,2.8335661066903,0.797583627848909
"3342",1990-02-24,2.73481223895815,0.988416520401715
"3343",1990-02-25,2.44525554450353,0.905232951853056
"3344",1990-02-26,1.64727777383063,0.67280827502592
"3345",1990-02-27,0.00173833338698993,0.587178130931712
"3346",1990-02-28,0.229956667663323,0.538246620020736
"3347",1990-03-01,0,0.526013742292992
"3348",1990-03-02,0,0.513780864565248
"3349",1990-03-03,0,0.687487728299213
"3350",1990-03-04,0,0.658128821752627
"3351",1990-03-05,0.00463555559070988,0.579838404295066
"3352",1990-03-06,1.12296333404382,0.55047949774848
"3353",1990-03-07,0.710895550582142,0.526013742292992
"3354",1990-03-08,0,0.513780864565248
"3355",1990-03-09,0,0.501547986837504
"3356",1990-03-10,0,0.48931510910976
"3357",1990-03-11,0.00794666664323047,0.55047949774848
"3358",1990-03-12,1.29712777027819,0.6116438863872
"3359",1990-03-13,0.225403888553381,0.623876764114944
"3360",1990-03-14,0.00306277778641219,0.555372648839578
"3361",1990-03-15,8.27777759275504e-05,0.513780864565248
"3362",1990-03-16,0,0.499101411291955
"3363",1990-03-17,0.126401665830364,0.511334289019699
"3364",1990-03-18,3.02445168298814,0.79513705230336
"3365",1990-03-19,1.1227149903856,0.694827454935859
"3366",1990-03-20,4.80616056850221,1.07649324004147
"3367",1990-03-21,3.15524055618709,1.38720833432617
"3368",1990-03-22,0,0.89789322521641
"3369",1990-03-23,0,0.711953483754701
"3370",1990-03-24,0,0.623876764114944
"3371",1990-03-25,0,0.579838404295066
"3372",1990-03-26,0,0.555372648839578
"3373",1990-03-27,0,0.518674015656346
"3374",1990-03-28,0,0.499101411291955
"3375",1990-03-29,0,0.484421958018663
"3376",1990-03-30,2.21736833633317,0.618983613023847
"3377",1990-03-31,1.51590943017364,0.817156232213299
"3378",1990-04-01,0.110260001266789,0.675254850571469
"3379",1990-04-02,1.41624499336878,0.594517857568358
"3380",1990-04-03,0.450311111900543,1.44347957187379
"3381",1990-04-04,17.3988128005134,3.76772634014515
"3382",1990-04-05,0,2.26308237963264
"3383",1990-04-06,0.000993333311130604,1.28445216141312
"3384",1990-04-07,0.877444444197747,1.06670693785928
"3385",1990-04-08,0,0.95905761385513
"3386",1990-04-09,0.148006664376085,0.831835685486592
"3387",1990-04-10,0.00314555554692117,0.758438419120128
"3388",1990-04-11,1.85306333049138,0.846515138759885
"3389",1990-04-12,0,0.743758965846835
"3390",1990-04-13,0,0.648342519570432
"3391",1990-04-14,0,0.609197310841651
"3392",1990-04-15,4.48597610278263,1.17924941295452
"3393",1990-04-16,3.88252614837222,1.17924941295452
"3394",1990-04-17,0.07772833363122,0.893000074125312
"3395",1990-04-18,1.41285111758444,0.822049383304397
"3396",1990-04-19,0,0.687487728299213
"3397",1990-04-20,0,0.633663066297139
"3398",1990-04-21,1.39662666517662,0.868534318669824
"3399",1990-04-22,0.999707228478457,0.895446649670861
"3400",1990-04-23,1.05955555472295,0.697274030481408
"3401",1990-04-24,0,0.6116438863872
"3402",1990-04-25,0.403955556147629,0.621430188569395
"3403",1990-04-26,1.90885555871328,0.663021972843725
"3404",1990-04-27,0,0.604304159750554
"3405",1990-04-28,0,0.55047949774848
"3406",1990-04-29,0,0.511334289019699
"3407",1990-04-30,0.78324333287941,0.658128821752627
"3408",1990-05-01,0.37647333250443,0.599411008659456
"3409",1990-05-02,0,0.521120591201894
"3410",1990-05-03,0,0.46974250474537
"3411",1990-05-04,0.0265716660110694,0.46974250474537
"3412",1990-05-05,5.47185944026045,1.15233708195349
"3413",1990-05-06,0.511235550681439,0.863641167578726
"3414",1990-05-07,2.56776667594248,0.623876764114944
"3415",1990-05-08,1.02073277533054,0.587178130931712
"3416",1990-05-09,0.00380777773892299,0.533353468929639
"3417",1990-05-10,1.64901612129476,1.45326587405599
"3418",1990-05-11,16.179661699507,3.86558936196711
"3419",1990-05-12,0,1.89609604780032
"3420",1990-05-13,0.926779995135135,1.20371516841001
"3421",1990-05-14,5.72408335701625,1.59027410460672
"3422",1990-05-15,0.0001655555518551,1.25998640595763
"3423",1990-05-16,0.779766665704548,1.1229781754069
"3424",1990-05-17,4.07068000189462,1.35050970114294
"3425",1990-05-18,1.68237555760807,1.16946311077233
"3426",1990-05-19,0.0941183336040832,0.932145282854093
"3427",1990-05-20,0.372665552838187,0.773117872393421
"3428",1990-05-21,3.80355611711077,1.20371516841001
"3429",1990-05-22,1.99105387483703,1.26977270813983
"3430",1990-05-23,0,0.885660347488666
"3431",1990-05-24,0,0.741312390301286
"3432",1990-05-25,0,0.663021972843725
"3433",1990-05-26,0,0.614090461932749
"3434",1990-05-27,0,0.584731555386163
"3435",1990-05-28,0,0.548032922202931
"3436",1990-05-29,0.0546333344866418,0.687487728299213
"3437",1990-05-30,14.4063961338467,2.40498376127447
"3438",1990-05-31,0.00331111109877626,1.52666314042245
"3439",1990-06-01,0,0.851408289850982
"3440",1990-06-02,0,0.677701426117018
"3441",1990-06-03,0,0.618983613023847
"3442",1990-06-04,0.371341112709708,0.587178130931712
"3443",1990-06-05,0,0.533353468929639
"3444",1990-06-06,0.0199494443840037,0.491761684655309
"3445",1990-06-07,1.49148999857903,0.543139771111834
"3446",1990-06-08,0.00604277782773391,0.503994562383053
"3447",1990-06-09,0.660235557280583,0.484421958018663
"3448",1990-06-10,1.07793221801851,0.499101411291955
"3449",1990-06-11,0.414799445549648,0.477082231382016
"3450",1990-06-12,0.29319888976713,0.474635655836467
"3451",1990-06-13,0,0.415917842743296
"3452",1990-06-14,0,0.389005511742259
"3453",1990-06-15,0.0845988887094169,0.376772634014515
"3454",1990-06-16,0,0.357200029650125
"3455",1990-06-17,0,0.340074000831283
"3456",1990-06-18,0.00273166677521335,0.364539756286771
"3457",1990-06-19,1.31161388632324,0.376772634014515
"3458",1990-06-20,0.0504944458752871,0.340074000831283
"3459",1990-06-21,0.00496666681776859,0.32539454755799
"3460",1990-06-22,0,0.315608245375795
"3461",1990-06-23,0.0307105555937936,0.3058219431936
"3462",1990-06-24,0.124911664923136,0.296035641011405
"3463",1990-06-25,0,0.278909612192563
"3464",1990-06-26,0,0.269123310010368
"3465",1990-06-27,0,0.274016461101466
"3466",1990-06-28,0.888619453522894,0.266676734464819
"3467",1990-06-29,0.188650554946831,0.303375367648051
"3468",1990-06-30,9.67043106185066,0.724186361482445
"3469",1990-07-01,1.37179333048645,0.680148001662567
"3470",1990-07-02,3.40059387756057,0.406131540561101
"3471",1990-07-03,0,0.3058219431936
"3472",1990-07-04,0,0.269123310010368
"3473",1990-07-05,0,0.251997281191526
"3474",1990-07-06,0,0.234871252372685
"3475",1990-07-07,0,0.227531525736038
"3476",1990-07-08,0,0.217745223553843
"3477",1990-07-09,0,0.220191799099392
"3478",1990-07-10,0.0165555554476256,0.222638374644941
"3479",1990-07-11,0.00140722223702404,0.212852072462746
"3480",1990-07-12,1.80091334075398,0.477082231382016
"3481",1990-07-13,12.7101138636271,1.0177754269483
"3482",1990-07-14,0,0.516227440110797
"3483",1990-07-15,0.0955255554556431,0.332734274194637
"3484",1990-07-16,0.193948333762586,0.288695914374758
"3485",1990-07-17,0,0.251997281191526
"3486",1990-07-18,0,0.229978101281587
"3487",1990-07-19,0,0.217745223553843
"3488",1990-07-20,0,0.210405496917197
"3489",1990-07-21,0.00422166669565355,0.205512345826099
"3490",1990-07-22,0.0562061108878504,0.205512345826099
"3491",1990-07-23,0.266792778536988,0.205512345826099
"3492",1990-07-24,0.387813886804299,0.22508495019049
"3493",1990-07-25,1.97830613487297,0.239764403463782
"3494",1990-07-26,0,0.20306577028055
"3495",1990-07-27,1.23140221901331,0.32539454755799
"3496",1990-07-28,0,0.249550705645978
"3497",1990-07-29,0,0.207958921371648
"3498",1990-07-30,0,0.195726043643904
"3499",1990-07-31,0,0.26423015891927
"3500",1990-08-01,2.55104556400246,0.296035641011405
"3501",1990-08-02,0,0.193279468098355
"3502",1990-08-03,0,0.181046590370611
"3503",1990-08-04,0,0.176153439279514
"3504",1990-08-05,0.00339388887470382,0.171260288188416
"3505",1990-08-06,2.14791778188281,0.812263081122202
"3506",1990-08-07,16.837579410341,1.27221928368538
"3507",1990-08-08,2.37911611379518,0.55047949774848
"3508",1990-08-09,0,0.330287698649088
"3509",1990-08-10,0.790610559670463,0.67280827502592
"3510",1990-08-11,19.6916743547651,2.8624933882921
"3511",1990-08-12,9.54195997852749,1.65143849324544
"3512",1990-08-13,0.0043044445178368,0.731526088119091
"3513",1990-08-14,1.36334999842114,0.545586346657383
"3514",1990-08-15,0,0.423257569379942
"3515",1990-08-16,0,0.352306878559027
"3516",1990-08-17,0,0.308268518739149
"3517",1990-08-18,0,0.281356187738112
"3518",1990-08-19,0,0.26423015891927
"3519",1990-08-20,0.752698334872723,0.261783583373722
"3520",1990-08-21,0.0435411116797478,0.247104130100429
"3521",1990-08-22,0,0.242210979009331
"3522",1990-08-23,0.25503833194998,0.242210979009331
"3523",1990-08-24,8.7146788945728,0.971290491582874
"3524",1990-08-25,6.33274830744001,1.24530695268434
"3525",1990-08-26,0,0.682594577208115
"3526",1990-08-27,0,0.44772332483543
"3527",1990-08-28,0.0241711109871459,0.36698633183232
"3528",1990-08-29,0.591778329465125,0.32539454755799
"3529",1990-08-30,0,0.28624933882921
"3530",1990-08-31,0,0.261783583373722
"3531",1990-09-01,0,0.24465755455488
"3532",1990-09-02,0.0164727778875579,0.234871252372685
"3533",1990-09-03,0.0627455561112405,0.232424676827136
"3534",1990-09-04,0,0.220191799099392
"3535",1990-09-05,0,0.217745223553843
"3536",1990-09-06,0,0.215298648008294
"3537",1990-09-07,0,0.212852072462746
"3538",1990-09-08,0,0.205512345826099
"3539",1990-09-09,0,0.195726043643904
"3540",1990-09-10,0.408756666873891,0.210405496917197
"3541",1990-09-11,0,0.205512345826099
"3542",1990-09-12,0,0.200619194735002
"3543",1990-09-13,0,0.198172619189453
"3544",1990-09-14,0,0.195726043643904
"3545",1990-09-15,7.73806669192844,0.711953483754701
"3546",1990-09-16,1.30093555823962,0.474635655836467
"3547",1990-09-17,0.824549451038656,0.300928792102502
"3548",1990-09-18,0,0.242210979009331
"3549",1990-09-19,0,0.217745223553843
"3550",1990-09-20,2.08740721495946,0.237317827918234
"3551",1990-09-21,0,0.217745223553843
"3552",1990-09-22,0.220768332777648,0.256890432282624
"3553",1990-09-23,2.43176278156704,0.266676734464819
"3554",1990-09-24,0,0.220191799099392
"3555",1990-09-25,0,0.20306577028055
"3556",1990-09-26,0,0.198172619189453
"3557",1990-09-27,0,0.193279468098355
"3558",1990-09-28,0,0.190832892552806
"3559",1990-09-29,0,0.188386317007258
"3560",1990-09-30,0,0.190832892552806
"3561",1990-10-01,2.8973877855142,0.251997281191526
"3562",1990-10-02,0,0.215298648008294
"3563",1990-10-03,0,0.188386317007258
"3564",1990-10-04,0.00538055552780214,0.195726043643904
"3565",1990-10-05,2.72967999005318,0.242210979009331
"3566",1990-10-06,0,0.222638374644941
"3567",1990-10-07,0,0.193279468098355
"3568",1990-10-08,0,0.185939741461709
"3569",1990-10-09,3.31127667835024,0.249550705645978
"3570",1990-10-10,0.0483422220822218,0.234871252372685
"3571",1990-10-11,0.626462219814459,0.212852072462746
"3572",1990-10-12,0.921730547226448,0.215298648008294
"3573",1990-10-13,9.54171176581911,2.05512345826099
"3574",1990-10-14,15.992749367396,2.76463036647014
"3575",1990-10-15,0,1.20860831950111
"3576",1990-10-16,0,0.565158951021773
"3577",1990-10-17,0,0.418364418288845
"3578",1990-10-18,0,0.44772332483543
"3579",1990-10-19,7.30753940465714,1.24286037713879
"3580",1990-10-20,0,0.716846634845798
"3581",1990-10-21,0,0.464849353654272
"3582",1990-10-22,0,0.393898662833357
"3583",1990-10-23,0.588384447760051,0.704613757118055
"3584",1990-10-24,20.3582838838365,3.03375367648051
"3585",1990-10-25,0,2.51997281191526
"3586",1990-10-26,0,1.07649324004147
"3587",1990-10-27,0,0.726632937027994
"3588",1990-10-28,0,0.606750735296102
"3589",1990-10-29,0.155291110168729,0.55047949774848
"3590",1990-10-30,0,0.503994562383053
"3591",1990-10-31,0,0.477082231382016
"3592",1990-11-01,0,0.44772332483543
"3593",1990-11-02,0,0.430597296016589
"3594",1990-11-03,0,0.418364418288845
"3595",1990-11-04,0,0.401238389470003
"3596",1990-11-05,0,0.389005511742259
"3597",1990-11-06,2.61412223169539,0.711953483754701
"3598",1990-11-07,1.87971777635989,0.763331570211226
"3599",1990-11-08,0.28657666818632,0.518674015656346
"3600",1990-11-09,0,0.430597296016589
"3601",1990-11-10,0.407101108009512,1.1229781754069
"3602",1990-11-11,9.91859884373346,3.37627425285734
"3603",1990-11-12,0.617687774517676,1.93768783207465
"3604",1990-11-13,4.62851945604229,0.968843916037325
"3605",1990-11-14,0,0.73397266366464
"3606",1990-11-15,0,0.638556217388237
"3607",1990-11-16,0,0.594517857568358
"3608",1990-11-17,0,0.565158951021773
"3609",1990-11-18,0.927359438780283,0.545586346657383
"3610",1990-11-19,0.152062777231344,0.513780864565248
"3611",1990-11-20,0,0.48931510910976
"3612",1990-11-21,0,0.462402778108723
"3613",1990-11-22,0,0.44772332483543
"3614",1990-11-23,0.606181667194599,0.496654835746406
"3615",1990-11-24,1.9690350141012,0.584731555386163
"3616",1990-11-25,0,0.516227440110797
"3617",1990-11-26,0.279126665022431,0.455063051472077
"3618",1990-11-27,0,0.423257569379942
"3619",1990-11-28,0,0.418364418288845
"3620",1990-11-29,0.853935557252831,0.491761684655309
"3621",1990-11-30,0,0.435490447107686
"3622",1990-12-01,0,0.398791813924455
"3623",1990-12-02,0,0.384112360651162
"3624",1990-12-03,0,0.38655893619671
"3625",1990-12-04,14.7190477727254,2.88695914374758
"3626",1990-12-05,3.17187888352075,2.91142489920307
"3627",1990-12-06,0.00438722210874161,1.37497545659843
"3628",1990-12-07,0,0.9174658295808
"3629",1990-12-08,0.0634905558787286,0.758438419120128
"3630",1990-12-09,0,0.675254850571469
"3631",1990-12-10,0,0.623876764114944
"3632",1990-12-11,0,0.57005210211287
"3633",1990-12-12,0,0.540693195566285
"3634",1990-12-13,0,0.526013742292992
"3635",1990-12-14,0,0.501547986837504
"3636",1990-12-15,0,0.660575397298176
"3637",1990-12-16,5.85371330049304,1.34561655005184
"3638",1990-12-17,1.75430943112034,1.01532885140275
"3639",1990-12-18,1.41036779254013,0.954164462764032
"3640",1990-12-19,2.34509443418185,0.939485009490739
"3641",1990-12-20,0.00182111113208036,0.719293210391347
"3642",1990-12-21,0.0764866662213785,0.638556217388237
"3643",1990-12-22,1.1387738789618,0.765778145756775
"3644",1990-12-23,0.58689444905768,0.719293210391347
"3645",1990-12-24,5.38626716348859,1.17435626186342
"3646",1990-12-25,0.295185553953259,1.1180850243158
"3647",1990-12-26,0.145440557824551,0.785350750121165
"3648",1990-12-27,0,0.650789095115981
"3649",1990-12-28,3.91389888636272,0.623876764114944
"3650",1990-12-29,0.430692776584998,0.648342519570432
"3651",1990-12-30,0.227556110604149,0.858748016487629
"3652",1990-12-31,1.63651666311423,1.18658913959117
"3653",1991-01-01,0,0.944378160581837
"3654",1991-01-02,0,0.729079512573542
"3655",1991-01-03,0,0.670361699480371
"3656",1991-01-04,0,0.6116438863872
"3657",1991-01-05,0,0.560265799930675
"3658",1991-01-06,0.177227221252086,0.538246620020736
"3659",1991-01-07,0.00289722223455707,0.523567166747443
"3660",1991-01-08,0,0.50888771347415
"3661",1991-01-09,0.129630001296393,0.499101411291955
"3662",1991-01-10,2.40800554845068,0.548032922202931
"3663",1991-01-11,0.00107611107163959,0.53090689338409
"3664",1991-01-12,3.69809722501299,0.506441137928602
"3665",1991-01-13,0.0166383332852274,0.48931510910976
"3666",1991-01-14,1.10334500941334,0.459956202563174
"3667",1991-01-15,0,0.44772332483543
"3668",1991-01-16,0.00571166670860517,0.807369930031104
"3669",1991-01-17,7.34586549303267,2.00619194735002
"3670",1991-01-18,0,1.43858642078269
"3671",1991-01-19,0,0.893000074125312
"3672",1991-01-20,0.00256611113084687,0.743758965846835
"3673",1991-01-21,0.330780001826791,0.685041152753664
"3674",1991-01-22,0.783740000552602,0.6116438863872
"3675",1991-01-23,0,0.548032922202931
"3676",1991-01-24,0,0.513780864565248
"3677",1991-01-25,0,0.48931510910976
"3678",1991-01-26,0,0.457509627017626
"3679",1991-01-27,0,0.464849353654272
"3680",1991-01-28,1.08869333416223,0.494208260200858
"3681",1991-01-29,0,0.526013742292992
"3682",1991-01-30,0.0162244446368681,0.496654835746406
"3683",1991-01-31,1.80861166082488,0.79513705230336
"3684",1991-02-01,0.0866683338785338,0.645895944024883
"3685",1991-02-02,0,0.501547986837504
"3686",1991-02-03,0,0.479528806927565
"3687",1991-02-04,0,0.481975382473114
"3688",1991-02-05,0,0.484421958018663
"3689",1991-02-06,0.00115888889382283,0.496654835746406
"3690",1991-02-07,2.12788557481766,0.689934303844762
"3691",1991-02-08,1.90686889591482,0.790243901212262
"3692",1991-02-09,0,0.614090461932749
"3693",1991-02-10,0.00521499986801711,0.53090689338409
"3694",1991-02-11,0,0.48931510910976
"3695",1991-02-12,0,0.440383598198784
"3696",1991-02-13,0.00107611113331384,0.415917842743296
"3697",1991-02-14,3.63982165119383,0.758438419120128
"3698",1991-02-15,3.12866888920465,0.831835685486592
"3699",1991-02-16,0.177723889202811,0.618983613023847
"3700",1991-02-17,0.0283927776365438,0.494208260200858
"3701",1991-02-18,0.0392366664372384,0.459956202563174
"3702",1991-02-19,2.25768110921648,0.562712375476224
"3703",1991-02-20,1.11990056116051,0.726632937027994
"3704",1991-02-21,0,0.694827454935859
"3705",1991-02-22,0,0.579838404295066
"3706",1991-02-23,0,0.518674015656346
"3707",1991-02-24,0,0.459956202563174
"3708",1991-02-25,0,0.452616475926528
"3709",1991-02-26,0.0914694438184509,0.459956202563174
"3710",1991-02-27,1.46160722166962,0.479528806927565
"3711",1991-02-28,0.249657778457428,0.459956202563174
"3712",1991-03-01,0.0490872217109427,0.462402778108723
"3713",1991-03-02,1.37576666804817,1.06915351340483
"3714",1991-03-03,4.8409272099071,1.11074529767916
"3715",1991-03-04,11.7964956022898,3.00928792102502
"3716",1991-03-05,0.188319444136073,2.24350977526825
"3717",1991-03-06,0.00264888889135586,1.22084119722885
"3718",1991-03-07,3.38660445139144,1.41167408978166
"3719",1991-03-08,0,1.1229781754069
"3720",1991-03-09,0,0.866087743124275
"3721",1991-03-10,0,0.765778145756775
"3722",1991-03-11,0,0.702167181572506
"3723",1991-03-12,0,0.655682246207078
"3724",1991-03-13,0,0.618983613023847
"3725",1991-03-14,0,0.626323339660493
"3726",1991-03-15,3.40638832733366,0.778011023484519
"3727",1991-03-16,0.751704997552764,0.731526088119091
"3728",1991-03-17,0,0.645895944024883
"3729",1991-03-18,0,0.641002792933786
"3730",1991-03-19,3.94634778377745,0.83672883657769
"3731",1991-03-20,0,0.687487728299213
"3732",1991-03-21,0,0.574945253203968
"3733",1991-03-22,0,0.543139771111834
"3734",1991-03-23,1.20863833128082,0.711953483754701
"3735",1991-03-24,4.97304053566192,1.13521105313464
"3736",1991-03-25,1.27337056281831,0.868534318669824
"3737",1991-03-26,0.197838887411791,0.702167181572506
"3738",1991-03-27,0.00190388889258934,0.638556217388237
"3739",1991-03-28,0.608499443378715,0.650789095115981
"3740",1991-03-29,0,0.584731555386163
"3741",1991-03-30,1.53378944511546,0.65323567066153
"3742",1991-03-31,0.683082222064335,0.604304159750554
"3743",1991-04-01,0.00240055559441033,0.540693195566285
"3744",1991-04-02,0.599145553542507,0.545586346657383
"3745",1991-04-03,0.238068889010387,0.521120591201894
"3746",1991-04-04,0,0.48931510910976
"3747",1991-04-05,0,0.474635655836467
"3748",1991-04-06,0,0.467295929199821
"3749",1991-04-07,0,0.450169900380979
"3750",1991-04-08,0,0.437937022653235
"3751",1991-04-09,0,0.420810993834394
"3752",1991-04-10,0,0.413471267197747
"3753",1991-04-11,0,0.389005511742259
"3754",1991-04-12,0,0.362093180741222
"3755",1991-04-13,0,0.357200029650125
"3756",1991-04-14,0.593185553305678,0.374326058468966
"3757",1991-04-15,0.592606113854383,0.425704144925491
"3758",1991-04-16,1.85107665782505,0.48931510910976
"3759",1991-04-17,0.14825499961577,0.420810993834394
"3760",1991-04-18,0.451304445165415,0.38655893619671
"3761",1991-04-19,0,0.36698633183232
"3762",1991-04-20,0.0705266670175931,0.34741372746793
"3763",1991-04-21,5.17683947096929,1.127871326498
"3764",1991-04-22,7.95618612374199,1.54378916924129
"3765",1991-04-23,0.544760554588502,0.900339800761959
"3766",1991-04-24,0,0.6116438863872
"3767",1991-04-25,0,0.528460317838541
"3768",1991-04-26,0,0.477082231382016
"3769",1991-04-27,0.00215222214327918,0.452616475926528
"3770",1991-04-28,0,0.42815072047104
"3771",1991-04-29,0.000910555550621616,0.403684965015552
"3772",1991-04-30,1.85736777477794,0.562712375476224
"3773",1991-05-01,3.77574281030231,0.677701426117018
"3774",1991-05-02,0.198004444089201,0.50888771347415
"3775",1991-05-03,0,0.437937022653235
"3776",1991-05-04,0,0.398791813924455
"3777",1991-05-05,0,0.369432907377869
"3778",1991-05-06,0.0958566687333707,1.2330740749566
"3779",1991-05-07,16.1517655025058,2.40009061018337
"3780",1991-05-08,0,1.29913161468641
"3781",1991-05-09,0.00215222214327918,0.741312390301286
"3782",1991-05-10,1.43354556449585,0.765778145756775
"3783",1991-05-11,0.478869449729929,0.726632937027994
"3784",1991-05-12,0.016058888838316,0.582284979840614
"3785",1991-05-13,0.507427776149578,0.513780864565248
"3786",1991-05-14,0,0.472189080290918
"3787",1991-05-15,0.323992221517902,0.442830173744333
"3788",1991-05-16,0,0.411024691652198
"3789",1991-05-17,0,0.401238389470003
"3790",1991-05-18,3.86845386260085,0.535800044475187
"3791",1991-05-19,0,0.474635655836467
"3792",1991-05-20,1.16575946085041,0.38655893619671
"3793",1991-05-21,0,0.352306878559027
"3794",1991-05-22,8.27777759275504e-05,0.332734274194637
"3795",1991-05-23,0,0.318054820921344
"3796",1991-05-24,0,0.298482216556954
"3797",1991-05-25,0,0.291142489920307
"3798",1991-05-26,0,0.271569885555917
"3799",1991-05-27,0.00595999982052792,0.288695914374758
"3800",1991-05-28,1.95024445549647,0.308268518739149
"3801",1991-05-29,0,0.269123310010368
"3802",1991-05-30,0.010430000167754,0.371879482923418
"3803",1991-05-31,6.62743723106385,0.883213771943117
"3804",1991-06-01,0.244856664539522,0.565158951021773
"3805",1991-06-02,0,0.362093180741222
"3806",1991-06-03,0.513222222530595,0.303375367648051
"3807",1991-06-04,2.15313276704152,0.342520576376832
"3808",1991-06-05,0.173833333179148,0.303375367648051
"3809",1991-06-06,0.625220551371574,0.288695914374758
"3810",1991-06-07,0.000744999983347954,0.266676734464819
"3811",1991-06-08,0,0.249550705645978
"3812",1991-06-09,0,0.232424676827136
"3813",1991-06-10,0,0.22508495019049
"3814",1991-06-11,0,0.217745223553843
"3815",1991-06-12,0.781008331557115,0.237317827918234
"3816",1991-06-13,1.73733999107944,0.256890432282624
"3817",1991-06-14,0,0.217745223553843
"3818",1991-06-15,0,0.205512345826099
"3819",1991-06-16,0,0.20306577028055
"3820",1991-06-17,0.812712219814459,0.200619194735002
"3821",1991-06-18,0.117792776717598,0.207958921371648
"3822",1991-06-19,0.962126110282209,0.205512345826099
"3823",1991-06-20,0.599062773376703,0.210405496917197
"3824",1991-06-21,0,0.205512345826099
"3825",1991-06-22,0,0.185939741461709
"3826",1991-06-23,0.16994277709381,0.18349316591616
"3827",1991-06-24,0.050991110988996,0.181046590370611
"3828",1991-06-25,0,0.176153439279514
"3829",1991-06-26,0,0.173706863733965
"3830",1991-06-27,0,0.168813712642867
"3831",1991-06-28,0,0.16392056155177
"3832",1991-06-29,0,0.159027410460672
"3833",1991-06-30,0.395595001303178,0.161473986006221
"3834",1991-07-01,0.493355554149381,0.161473986006221
"3835",1991-07-02,0.000662222207420404,0.159027410460672
"3836",1991-07-03,0.85625332887305,0.161473986006221
"3837",1991-07-04,0.00248333327782651,0.166367137097318
"3838",1991-07-05,0.0013244444148408,0.16392056155177
"3839",1991-07-06,1.54678554111885,0.168813712642867
"3840",1991-07-07,0.104713888753206,0.173706863733965
"3841",1991-07-08,0.553948887608532,0.171260288188416
"3842",1991-07-09,0,0.161473986006221
"3843",1991-07-10,0,0.151687683824026
"3844",1991-07-11,0,0.149241108278477
"3845",1991-07-12,0,0.144347957187379
"3846",1991-07-13,0.147592777115396,0.149241108278477
"3847",1991-07-14,0.631014997074173,0.159027410460672
"3848",1991-07-15,0.407928888729152,0.151687683824026
"3849",1991-07-16,0,0.144347957187379
"3850",1991-07-17,0,0.139454806096282
"3851",1991-07-18,0,0.137008230550733
"3852",1991-07-19,0.0332766665241992,0.134561655005184
"3853",1991-07-20,0,0.132115079459635
"3854",1991-07-21,0,0.129668503914086
"3855",1991-07-22,2.45237444831265,0.129668503914086
"3856",1991-07-23,7.24363498168522,0.430597296016589
"3857",1991-07-24,2.29716610511144,0.278909612192563
"3858",1991-07-25,0.072596110243971,0.18349316591616
"3859",1991-07-26,1.38859722222222,0.770671296847872
"3860",1991-07-27,12.844710547977,1.16701653522678
"3861",1991-07-28,0.071106110462298,0.420810993834394
"3862",1991-07-29,0,0.227531525736038
"3863",1991-07-30,0.0189561111499659,0.200619194735002
"3864",1991-07-31,0,0.18349316591616
"3865",1991-08-01,0,0.171260288188416
"3866",1991-08-02,0,0.166367137097318
"3867",1991-08-03,0.180372776814426,0.161473986006221
"3868",1991-08-04,0.76900555599036,0.69238087939031
"3869",1991-08-05,6.96740555397671,0.63121649075159
"3870",1991-08-06,0,0.281356187738112
"3871",1991-08-07,0,0.20306577028055
"3872",1991-08-08,0,0.181046590370611
"3873",1991-08-09,0,0.220191799099392
"3874",1991-08-10,7.94956389599375,0.513780864565248
"3875",1991-08-11,0,0.318054820921344
"3876",1991-08-12,1.81962111677219,0.210405496917197
"3877",1991-08-13,0,0.18349316591616
"3878",1991-08-14,0.000248333327782651,0.171260288188416
"3879",1991-08-15,0.090558888699549,0.171260288188416
"3880",1991-08-16,0.953517221709092,0.193279468098355
"3881",1991-08-17,0,0.171260288188416
"3882",1991-08-18,0.00115888889382283,0.156580834915123
"3883",1991-08-19,5.94940445454916,3.30287698649088
"3884",1991-08-20,26.9887008989122,3.10715094284698
"3885",1991-08-21,9.92919442865582,2.3413727970902
"3886",1991-08-22,0.0001655555518551,1.17435626186342
"3887",1991-08-23,0.00389055562278049,0.648342519570432
"3888",1991-08-24,0.651378336304798,0.486868533564211
"3889",1991-08-25,0,0.401238389470003
"3890",1991-08-26,0,0.349860303013478
"3891",1991-08-27,0,0.330287698649088
"3892",1991-08-28,0,0.3058219431936
"3893",1991-08-29,0,0.281356187738112
"3894",1991-08-30,0,0.266676734464819
"3895",1991-08-31,0.00836055544577538,0.249550705645978
"3896",1991-09-01,0,0.229978101281587
"3897",1991-09-02,0,0.220191799099392
"3898",1991-09-03,0,0.220191799099392
"3899",1991-09-04,0,0.217745223553843
"3900",1991-09-05,1.95123780761825,0.513780864565248
"3901",1991-09-06,2.49442556668652,0.310715094284698
"3902",1991-09-07,0,0.247104130100429
"3903",1991-09-08,0,0.227531525736038
"3904",1991-09-09,0,0.222638374644941
"3905",1991-09-10,0,0.215298648008294
"3906",1991-09-11,0,0.215298648008294
"3907",1991-09-12,0,0.212852072462746
"3908",1991-09-13,0.000993333311130604,0.205512345826099
"3909",1991-09-14,0.226314443502679,0.207958921371648
"3910",1991-09-15,0.120276109486611,0.212852072462746
"3911",1991-09-16,2.09758888573117,0.222638374644941
"3912",1991-09-17,0.00198666662226121,0.227531525736038
"3913",1991-09-18,0.300069445184535,0.210405496917197
"3914",1991-09-19,0.381357219572698,0.237317827918234
"3915",1991-09-20,5.79949389394124,0.472189080290918
"3916",1991-09-21,0,0.291142489920307
"3917",1991-09-22,0,0.229978101281587
"3918",1991-09-23,0.00215222220495343,0.227531525736038
"3919",1991-09-24,0.638630554864805,0.220191799099392
"3920",1991-09-25,14.7794755441878,1.91322207661916
"3921",1991-09-26,14.2518500063155,2.30467416390697
"3922",1991-09-27,2.51743777090973,1.06426036231373
"3923",1991-09-28,0,0.555372648839578
"3924",1991-09-29,0,0.418364418288845
"3925",1991-09-30,0,0.362093180741222
"3926",1991-10-01,0,0.330287698649088
"3927",1991-10-02,0,0.310715094284698
"3928",1991-10-03,0,0.296035641011405
"3929",1991-10-04,0.141218888538579,0.288695914374758
"3930",1991-10-05,0,0.278909612192563
"3931",1991-10-06,3.83112115003003,0.614090461932749
"3932",1991-10-07,4.96169998105367,0.587178130931712
"3933",1991-10-08,0.110094442060735,0.406131540561101
"3934",1991-10-09,0,0.32539454755799
"3935",1991-10-10,0,0.293589065465856
"3936",1991-10-11,0,0.300928792102502
"3937",1991-10-12,3.9408016641405,0.423257569379942
"3938",1991-10-13,0,0.32539454755799
"3939",1991-10-14,0,0.278909612192563
"3940",1991-10-15,1.14258166513468,0.28624933882921
"3941",1991-10-16,4.88124003410339,0.53090689338409
"3942",1991-10-17,0.0356772223961436,0.626323339660493
"3943",1991-10-18,4.84531443781322,0.682594577208115
"3944",1991-10-19,0,0.543139771111834
"3945",1991-10-20,0,0.398791813924455
"3946",1991-10-21,0,0.344967151922381
"3947",1991-10-22,0,0.318054820921344
"3948",1991-10-23,0,0.3058219431936
"3949",1991-10-24,0,0.293589065465856
"3950",1991-10-25,0,0.28624933882921
"3951",1991-10-26,0,0.283802763283661
"3952",1991-10-27,0,0.278909612192563
"3953",1991-10-28,0,0.274016461101466
"3954",1991-10-29,0,0.259337007828173
"3955",1991-10-30,0,0.254443856737075
"3956",1991-10-31,0,0.256890432282624
"3957",1991-11-01,0.390711113479403,0.249550705645978
"3958",1991-11-02,0,0.249550705645978
"3959",1991-11-03,0,0.249550705645978
"3960",1991-11-04,0.0991677774885256,0.249550705645978
"3961",1991-11-05,0,0.242210979009331
"3962",1991-11-06,0,0.239764403463782
"3963",1991-11-07,0,0.232424676827136
"3964",1991-11-08,0,0.239764403463782
"3965",1991-11-09,0,0.234871252372685
"3966",1991-11-10,0.00231777778764566,0.232424676827136
"3967",1991-11-11,3.63295109626981,0.459956202563174
"3968",1991-11-12,6.96459114774067,0.616537037478298
"3969",1991-11-13,0.286162776731782,0.481975382473114
"3970",1991-11-14,0,0.369432907377869
"3971",1991-11-15,0.184014999942026,0.322947972012442
"3972",1991-11-16,0.171929443793164,0.310715094284698
"3973",1991-11-17,0,0.281356187738112
"3974",1991-11-18,0,0.266676734464819
"3975",1991-11-19,0,0.259337007828173
"3976",1991-11-20,0,0.256890432282624
"3977",1991-11-21,0.835641665087807,0.283802763283661
"3978",1991-11-22,8.38927947033777,0.995756247038362
"3979",1991-11-23,11.2155611553192,2.36828512809124
"3980",1991-11-24,1.73709164614148,1.62207958669885
"3981",1991-11-25,0.323495554924011,0.951717887218483
"3982",1991-11-26,0,0.682594577208115
"3983",1991-11-27,0,0.567605526567322
"3984",1991-11-28,0,0.523567166747443
"3985",1991-11-29,0.0111750000740091,0.474635655836467
"3986",1991-11-30,0,0.452616475926528
"3987",1991-12-01,0.045858888989418,0.437937022653235
"3988",1991-12-02,0.180124442361088,0.420810993834394
"3989",1991-12-03,4.2423610795339,0.863641167578726
"3990",1991-12-04,7.39122779040866,1.51198368714916
"3991",1991-12-05,0,0.949271311672935
"3992",1991-12-06,1.6080411169529,0.670361699480371
"3993",1991-12-07,0.00968500016898746,0.596964433113907
"3994",1991-12-08,0.0057944444845327,0.567605526567322
"3995",1991-12-09,0.10901833404197,0.545586346657383
"3996",1991-12-10,2.73299110984802,0.731526088119091
"3997",1991-12-11,0,0.628769915206042
"3998",1991-12-12,0,0.526013742292992
"3999",1991-12-13,0.539131665640406,0.540693195566285
"4000",1991-12-14,1.29679667527146,0.645895944024883
"4001",1991-12-15,1.16716666864024,0.636109641842688
"4002",1991-12-16,0.173502221443276,0.526013742292992
"4003",1991-12-17,0,0.459956202563174
"4004",1991-12-18,0.446172220544681,0.42815072047104
"4005",1991-12-19,0.00389055553026911,0.391452087287808
"4006",1991-12-20,0,0.36698633183232
"4007",1991-12-21,0.293447219594899,0.396345238378906
"4008",1991-12-22,0.00149000005920728,0.415917842743296
"4009",1991-12-23,0,0.403684965015552
"4010",1991-12-24,0.529363886384914,0.401238389470003
"4011",1991-12-25,0,0.371879482923418
"4012",1991-12-26,0,0.342520576376832
"4013",1991-12-27,0,0.332734274194637
"4014",1991-12-28,0,0.32539454755799
"4015",1991-12-29,0.000662222222838965,0.565158951021773
"4016",1991-12-30,5.17534940528869,0.780457599030067
"4017",1991-12-31,0.161582221416756,0.582284979840614
"4018",1992-01-01,0,0.430597296016589
"4019",1992-01-02,0,0.379219209560064
"4020",1992-01-03,0,0.36698633183232
"4021",1992-01-04,0.0628283336867267,0.503994562383053
"4022",1992-01-05,2.83207610416412,0.650789095115981
"4023",1992-01-06,0,0.533353468929639
"4024",1992-01-07,0,0.452616475926528
"4025",1992-01-08,0,0.411024691652198
"4026",1992-01-09,0,0.415917842743296
"4027",1992-01-10,1.29108500615756,0.44772332483543
"4028",1992-01-11,0,0.420810993834394
"4029",1992-01-12,0,0.369432907377869
"4030",1992-01-13,0,0.342520576376832
"4031",1992-01-14,1.48470222332743,0.685041152753664
"4032",1992-01-15,3.81257889615166,0.900339800761959
"4033",1992-01-16,0.55394888656007,0.567605526567322
"4034",1992-01-17,0,0.418364418288845
"4035",1992-01-18,0,0.36698633183232
"4036",1992-01-19,0,0.342520576376832
"4037",1992-01-20,0.0414716668344205,0.318054820921344
"4038",1992-01-21,0,0.3058219431936
"4039",1992-01-22,0,0.293589065465856
"4040",1992-01-23,0.223499999506606,0.961504189400678
"4041",1992-01-24,10.9683866742452,2.74016461101466
"4042",1992-01-25,0,1.48751793169367
"4043",1992-01-26,0,0.758438419120128
"4044",1992-01-27,0,0.584731555386163
"4045",1992-01-28,0,0.538246620020736
"4046",1992-01-29,0,0.501547986837504
"4047",1992-01-30,0,0.464849353654272
"4048",1992-01-31,0,0.440383598198784
"4049",1992-02-01,0,0.420810993834394
"4050",1992-02-02,0,0.403684965015552
"4051",1992-02-03,0,0.384112360651162
"4052",1992-02-04,0,0.36698633183232
"4053",1992-02-05,0.0548816670126591,0.354753454104576
"4054",1992-02-06,0,0.342520576376832
"4055",1992-02-07,0,0.330287698649088
"4056",1992-02-08,0,0.318054820921344
"4057",1992-02-09,0.278878331340022,0.3058219431936
"4058",1992-02-10,0.439384442055183,0.293589065465856
"4059",1992-02-11,0,0.288695914374758
"4060",1992-02-12,0,0.281356187738112
"4061",1992-02-13,0,0.274016461101466
"4062",1992-02-14,1.52410444744428,0.269123310010368
"4063",1992-02-15,0,0.396345238378906
"4064",1992-02-16,5.32898498485528,1.46060560069263
"4065",1992-02-17,0,0.89789322521641
"4066",1992-02-18,1.99635165610434,0.545586346657383
"4067",1992-02-19,0.270021112137371,0.484421958018663
"4068",1992-02-20,0.00620833324082196,0.467295929199821
"4069",1992-02-21,0,0.435490447107686
"4070",1992-02-22,0.00927111110432693,0.403684965015552
"4071",1992-02-23,0,0.393898662833357
"4072",1992-02-24,0,0.396345238378906
"4073",1992-02-25,1.52352499763171,0.418364418288845
"4074",1992-02-26,5.69792554103004,0.919912405126349
"4075",1992-02-27,0.0164727777487909,0.888106923034215
"4076",1992-02-28,0,0.623876764114944
"4077",1992-02-29,0.00446999993092485,0.528460317838541
"4078",1992-03-01,0,0.445276749289882
"4079",1992-03-02,0,0.430597296016589
"4080",1992-03-03,0.107445555173792,0.418364418288845
"4081",1992-03-04,0,0.411024691652198
"4082",1992-03-05,0,0.396345238378906
"4083",1992-03-06,0.00397333332161522,0.38655893619671
"4084",1992-03-07,0.962208888967832,0.48931510910976
"4085",1992-03-08,3.29546613195207,0.650789095115981
"4086",1992-03-09,0,0.543139771111834
"4087",1992-03-10,0,0.477082231382016
"4088",1992-03-11,11.4855822260115,1.91566865216471
"4089",1992-03-12,0.342451667076182,1.57070150024233
"4090",1992-03-13,0,0.841621987668787
"4091",1992-03-14,0,0.689934303844762
"4092",1992-03-15,0,0.604304159750554
"4093",1992-03-16,0,0.533353468929639
"4094",1992-03-17,0,0.503994562383053
"4095",1992-03-18,0,0.496654835746406
"4096",1992-03-19,1.75687555366092,0.503994562383053
"4097",1992-03-20,1.88989944791794,0.521120591201894
"4098",1992-03-21,0,0.506441137928602
"4099",1992-03-22,0,0.484421958018663
"4100",1992-03-23,2.77793943781323,0.484421958018663
"4101",1992-03-24,0,0.474635655836467
"4102",1992-03-25,0,0.459956202563174
"4103",1992-03-26,0,0.577391828749517
"4104",1992-03-27,11.2557083333333,2.29244128617923
"4105",1992-03-28,0.246926111127146,1.74196178843075
"4106",1992-03-29,0,0.946824736127386
"4107",1992-03-30,0,0.716846634845798
"4108",1992-03-31,2.16852944665485,0.765778145756775
"4109",1992-04-01,0.00918833322046946,0.736419239210189
"4110",1992-04-02,0.537807220485475,0.65323567066153
"4111",1992-04-03,0.0003311111037102,0.589624706477261
"4112",1992-04-04,0,0.543139771111834
"4113",1992-04-05,0,0.513780864565248
"4114",1992-04-06,0,0.479528806927565
"4115",1992-04-07,0,0.462402778108723
"4116",1992-04-08,0,0.457509627017626
"4117",1992-04-09,0,0.425704144925491
"4118",1992-04-10,0.360497224047782,0.433043871562138
"4119",1992-04-11,0.471916109551987,0.430597296016589
"4120",1992-04-12,0.694588331083456,0.430597296016589
"4121",1992-04-13,0,0.418364418288845
"4122",1992-04-14,0,0.396345238378906
"4123",1992-04-15,0,0.38655893619671
"4124",1992-04-16,0,0.396345238378906
"4125",1992-04-17,6.23159385289085,0.751098692483482
"4126",1992-04-18,3.50141721243327,1.0128822758572
"4127",1992-04-19,3.12204664961497,0.976183642673971
"4128",1992-04-20,0.0206944443981887,0.755991843574579
"4129",1992-04-21,0,0.6116438863872
"4130",1992-04-22,0.457016112413672,0.555372648839578
"4131",1992-04-23,0.433341666864024,0.557819224385127
"4132",1992-04-24,0.0156449998661669,0.50888771347415
"4133",1992-04-25,3.69561390309863,0.704613757118055
"4134",1992-04-26,1.30788888691531,0.687487728299213
"4135",1992-04-27,0.0160588890233387,0.574945253203968
"4136",1992-04-28,0,0.513780864565248
"4137",1992-04-29,0,0.46974250474537
"4138",1992-04-30,0,0.442830173744333
"4139",1992-05-01,0.00240055557899177,0.42815072047104
"4140",1992-05-02,0.110342779212321,0.42815072047104
"4141",1992-05-03,1.30648166332145,0.538246620020736
"4142",1992-05-04,0.846402780738143,0.46974250474537
"4143",1992-05-05,0,0.413471267197747
"4144",1992-05-06,0,0.38655893619671
"4145",1992-05-07,0,0.364539756286771
"4146",1992-05-08,0,0.354753454104576
"4147",1992-05-09,1.64818832888785,0.433043871562138
"4148",1992-05-10,0,0.398791813924455
"4149",1992-05-11,0.236661666526666,0.36698633183232
"4150",1992-05-12,0,0.337627425285734
"4151",1992-05-13,0,0.320501396466893
"4152",1992-05-14,0.0172177778092317,0.320501396466893
"4153",1992-05-15,0.0003311111037102,0.296035641011405
"4154",1992-05-16,1.12933723128587,0.320501396466893
"4155",1992-05-17,0.605271109500796,0.349860303013478
"4156",1992-05-18,0.430444444074399,0.308268518739149
"4157",1992-05-19,0.00223499995004386,0.28624933882921
"4158",1992-05-20,0,0.269123310010368
"4159",1992-05-21,0,0.256890432282624
"4160",1992-05-22,0,0.249550705645978
"4161",1992-05-23,0,0.237317827918234
"4162",1992-05-24,0,0.227531525736038
"4163",1992-05-25,0.0992505553261273,0.220191799099392
"4164",1992-05-26,0.0816188885755837,0.222638374644941
"4165",1992-05-27,0.497411667929756,0.22508495019049
"4166",1992-05-28,0.00885722205508501,0.222638374644941
"4167",1992-05-29,0,0.215298648008294
"4168",1992-05-30,0,0.207958921371648
"4169",1992-05-31,0.225817775613628,0.269123310010368
"4170",1992-06-01,13.9407710706923,1.0226685780394
"4171",1992-06-02,1.02776889354653,0.731526088119091
"4172",1992-06-03,0,0.403684965015552
"4173",1992-06-04,0,0.298482216556954
"4174",1992-06-05,0,0.633663066297139
"4175",1992-06-06,46.9912891667683,10.4224118240379
"4176",1992-06-07,0.0955255561186416,7.43758965846835
"4177",1992-06-08,13.6295266073015,3.00928792102502
"4178",1992-06-09,0.170604999039115,1.56091519806013
"4179",1992-06-10,0,1.09851241995141
"4180",1992-06-11,0,0.870980894215373
"4181",1992-06-12,0,0.736419239210189
"4182",1992-06-13,0,0.663021972843725
"4183",1992-06-14,0,0.594517857568358
"4184",1992-06-15,0,0.538246620020736
"4185",1992-06-16,0,0.506441137928602
"4186",1992-06-17,0,0.484421958018663
"4187",1992-06-18,0,0.442830173744333
"4188",1992-06-19,0,0.42815072047104
"4189",1992-06-20,1.95835667787658,0.479528806927565
"4190",1992-06-21,0.337319444567794,0.472189080290918
"4191",1992-06-22,0,0.430597296016589
"4192",1992-06-23,0,0.391452087287808
"4193",1992-06-24,1.3014322268996,0.596964433113907
"4194",1992-06-25,8.9221200012631,1.56091519806013
"4195",1992-06-26,0,0.707060332663603
"4196",1992-06-27,4.02664222664305,0.682594577208115
"4197",1992-06-28,1.01725610901912,0.609197310841651
"4198",1992-06-29,0,0.44772332483543
"4199",1992-06-30,0,0.401238389470003
"4200",1992-07-01,1.78733777742253,0.391452087287808
"4201",1992-07-02,0,0.342520576376832
"4202",1992-07-03,0,0.320501396466893
"4203",1992-07-04,1.51822721602519,0.462402778108723
"4204",1992-07-05,0.352550555384717,0.450169900380979
"4205",1992-07-06,5.09480669050745,0.491761684655309
"4206",1992-07-07,0,0.418364418288845
"4207",1992-07-08,0,0.340074000831283
"4208",1992-07-09,1.06278389173084,0.330287698649088
"4209",1992-07-10,0,0.313161669830246
"4210",1992-07-11,0,0.288695914374758
"4211",1992-07-12,0,0.269123310010368
"4212",1992-07-13,2.09096667377154,0.28624933882921
"4213",1992-07-14,0.167542220882658,0.298482216556954
"4214",1992-07-15,0.442198886143767,0.440383598198784
"4215",1992-07-16,12.8098610321681,1.10095899549696
"4216",1992-07-17,0,0.67280827502592
"4217",1992-07-18,0.746986667362352,0.418364418288845
"4218",1992-07-19,0,0.342520576376832
"4219",1992-07-20,0.0807911103229142,0.300928792102502
"4220",1992-07-21,0,0.276463036647014
"4221",1992-07-22,0,0.261783583373722
"4222",1992-07-23,0.201067223417469,0.254443856737075
"4223",1992-07-24,2.24766499778959,0.291142489920307
"4224",1992-07-25,0,0.261783583373722
"4225",1992-07-26,0.00604277771980397,0.239764403463782
"4226",1992-07-27,2.11546888446808,0.269123310010368
"4227",1992-07-28,0,0.259337007828173
"4228",1992-07-29,0,0.234871252372685
"4229",1992-07-30,2.78812109674348,0.364539756286771
"4230",1992-07-31,0.00629111089340101,0.415917842743296
"4231",1992-08-01,8.19640719917084,0.506441137928602
"4232",1992-08-02,0,0.298482216556954
"4233",1992-08-03,1.32601724175322,0.242210979009331
"4234",1992-08-04,0.11042555407414,0.237317827918234
"4235",1992-08-05,1.80149277083079,0.256890432282624
"4236",1992-08-06,0,0.254443856737075
"4237",1992-08-07,0,0.217745223553843
"4238",1992-08-08,0,0.207958921371648
"4239",1992-08-09,3.46532610021697,0.760884994665677
"4240",1992-08-10,5.83599886110093,0.543139771111834
"4241",1992-08-11,0.685151668420684,0.335180849740186
"4242",1992-08-12,2.95028277651469,0.38655893619671
"4243",1992-08-13,0.0627455547081513,0.254443856737075
"4244",1992-08-14,1.5617683319913,0.276463036647014
"4245",1992-08-15,0.281030554470089,0.261783583373722
"4246",1992-08-16,1.70215945723322,0.354753454104576
"4247",1992-08-17,5.44702606153487,0.633663066297139
"4248",1992-08-18,12.7127627499898,1.8300385080705
"4249",1992-08-19,0.319108331458436,1.33827682341519
"4250",1992-08-20,0.133437776969228,0.6116438863872
"4251",1992-08-21,0,0.450169900380979
"4252",1992-08-22,0,0.379219209560064
"4253",1992-08-23,0,0.337627425285734
"4254",1992-08-24,0,0.315608245375795
"4255",1992-08-25,0,0.298482216556954
"4256",1992-08-26,0,0.288695914374758
"4257",1992-08-27,0,0.278909612192563
"4258",1992-08-28,0,0.276463036647014
"4259",1992-08-29,1.5476133257548,0.283802763283661
"4260",1992-08-30,0,0.266676734464819
"4261",1992-08-31,0.0680433331692798,0.251997281191526
"4262",1992-09-01,0,0.239764403463782
"4263",1992-09-02,0.00198666665309833,0.242210979009331
"4264",1992-09-03,0.181448889212062,0.565158951021773
"4265",1992-09-04,10.0231471938027,0.73397266366464
"4266",1992-09-05,0,0.415917842743296
"4267",1992-09-06,0,0.318054820921344
"4268",1992-09-07,0,0.293589065465856
"4269",1992-09-08,0.0980916661239334,0.269123310010368
"4270",1992-09-09,0.00753277784068552,0.24465755455488
"4271",1992-09-10,0.0275650001085467,0.3058219431936
"4272",1992-09-11,3.4057261215316,0.415917842743296
"4273",1992-09-12,0,0.318054820921344
"4274",1992-09-13,0,0.269123310010368
"4275",1992-09-14,0,0.24465755455488
"4276",1992-09-15,0,0.239764403463782
"4277",1992-09-16,0,0.234871252372685
"4278",1992-09-17,0,0.229978101281587
"4279",1992-09-18,0,0.22508495019049
"4280",1992-09-19,0.331442225468139,0.220191799099392
"4281",1992-09-20,0.00107611108705815,0.210405496917197
"4282",1992-09-21,0.00273166665186485,0.210405496917197
"4283",1992-09-22,0.721904999328984,0.22508495019049
"4284",1992-09-23,4.34873059029048,0.327841123103539
"4285",1992-09-24,0,0.266676734464819
"4286",1992-09-25,0,0.227531525736038
"4287",1992-09-26,1.04515222609043,0.320501396466893
"4288",1992-09-27,4.4530305381881,0.396345238378906
"4289",1992-09-28,1.14978332820203,0.327841123103539
"4290",1992-09-29,0,0.26423015891927
"4291",1992-09-30,0,0.232424676827136
"4292",1992-10-01,0,0.215298648008294
"4293",1992-10-02,0,0.212852072462746
"4294",1992-10-03,0,0.212852072462746
"4295",1992-10-04,0,0.210405496917197
"4296",1992-10-05,0,0.20306577028055
"4297",1992-10-06,0,0.198172619189453
"4298",1992-10-07,0,0.200619194735002
"4299",1992-10-08,0,0.200619194735002
"4300",1992-10-09,0,0.256890432282624
"4301",1992-10-10,14.6114365984599,1.27711243477647
"4302",1992-10-11,0.0196183339124545,0.548032922202931
"4303",1992-10-12,2.13790166351758,0.533353468929639
"4304",1992-10-13,3.57252332121497,0.393898662833357
"4305",1992-10-14,0,0.300928792102502
"4306",1992-10-15,0.00223499993462529,0.266676734464819
"4307",1992-10-16,0.43772888292869,0.256890432282624
"4308",1992-10-17,0.287156110659656,0.259337007828173
"4309",1992-10-18,0,0.249550705645978
"4310",1992-10-19,0.284672775886229,0.239764403463782
"4311",1992-10-20,0,0.232424676827136
"4312",1992-10-21,0.161830554682865,0.229978101281587
"4313",1992-10-22,0.0316211110673224,0.227531525736038
"4314",1992-10-23,0,0.222638374644941
"4315",1992-10-24,0,0.234871252372685
"4316",1992-10-25,1.14316110230403,0.283802763283661
"4317",1992-10-26,0.848555000460708,0.251997281191526
"4318",1992-10-27,0.000827777805531192,0.234871252372685
"4319",1992-10-28,0,0.227531525736038
"4320",1992-10-29,0,0.220191799099392
"4321",1992-10-30,0.0177972220865389,0.220191799099392
"4322",1992-10-31,0.0869166661115985,0.215298648008294
"4323",1992-11-01,0,0.212852072462746
"4324",1992-11-02,0,0.212852072462746
"4325",1992-11-03,6.32927165593042,0.46974250474537
"4326",1992-11-04,1.68883221417003,0.472189080290918
"4327",1992-11-05,0.0426305557590805,0.357200029650125
"4328",1992-11-06,1.57368832654423,0.344967151922381
"4329",1992-11-07,0,0.300928792102502
"4330",1992-11-08,0,0.26423015891927
"4331",1992-11-09,0,0.247104130100429
"4332",1992-11-10,0,0.237317827918234
"4333",1992-11-11,0.084764444400039,0.24465755455488
"4334",1992-11-12,1.02172611758444,0.281356187738112
"4335",1992-11-13,10.4731271357007,1.39944121205391
"4336",1992-11-14,0,0.83672883657769
"4337",1992-11-15,0,0.48931510910976
"4338",1992-11-16,0,0.396345238378906
"4339",1992-11-17,0,0.352306878559027
"4340",1992-11-18,0.0353461106602722,0.332734274194637
"4341",1992-11-19,0,0.315608245375795
"4342",1992-11-20,0,0.303375367648051
"4343",1992-11-21,0,0.296035641011405
"4344",1992-11-22,2.75906612247891,0.71440005930025
"4345",1992-11-23,21.4134524167379,3.44967151922381
"4346",1992-11-24,0,2.66676734464819
"4347",1992-11-25,1.34133111474249,1.2330740749566
"4348",1992-11-26,0.675963332070244,1.07893981558702
"4349",1992-11-27,4.35104837375217,1.18169598850007
"4350",1992-11-28,0,0.870980894215373
"4351",1992-11-29,0,0.694827454935859
"4352",1992-11-30,0.726954449550456,0.616537037478298
"4353",1992-12-01,0,0.565158951021773
"4354",1992-12-02,0,0.540693195566285
"4355",1992-12-03,4.95069054513508,0.753545268029031
"4356",1992-12-04,0.580023887349499,0.660575397298176
"4357",1992-12-05,0.456105553193433,0.618983613023847
"4358",1992-12-06,0,0.565158951021773
"4359",1992-12-07,0,0.506441137928602
"4360",1992-12-08,0,0.477082231382016
"4361",1992-12-09,0,0.440383598198784
"4362",1992-12-10,0,0.415917842743296
"4363",1992-12-11,2.39459556123945,0.858748016487629
"4364",1992-12-12,12.3607088712057,1.27711243477647
"4365",1992-12-13,3.00210167519252,0.9174658295808
"4366",1992-12-14,0,0.746205541392384
"4367",1992-12-15,0,0.641002792933786
"4368",1992-12-16,0,0.587178130931712
"4369",1992-12-17,0.973714993053012,1.29668503914086
"4370",1992-12-18,5.54213781314425,2.00129879625892
"4371",1992-12-19,0,1.3187042190508
"4372",1992-12-20,0.176233888881488,1.03734803131269
"4373",1992-12-21,0.295268333471484,0.966397340491776
"4374",1992-12-22,0.0501633331680463,0.812263081122202
"4375",1992-12-23,0.0158105552792549,0.719293210391347
"4376",1992-12-24,0,0.655682246207078
"4377",1992-12-25,0,0.562712375476224
"4378",1992-12-26,0,0.526013742292992
"4379",1992-12-27,0,0.48931510910976
"4380",1992-12-28,0,0.472189080290918
"4381",1992-12-29,0.0856750003823805,0.503994562383053
"4382",1992-12-30,2.69954888794157,0.782904174575616
"4383",1992-12-31,5.22327779356639,1.24286037713879
"4384",1993-01-01,0,1.06426036231373
"4385",1993-01-02,0,0.758438419120128
"4386",1993-01-03,0,0.614090461932749
"4387",1993-01-04,0.61851555381881,0.562712375476224
"4388",1993-01-05,4.51453445328606,1.35295627668849
"4389",1993-01-06,2.27084277319908,0.97863021821952
"4390",1993-01-07,0,0.831835685486592
"4391",1993-01-08,0,0.755991843574579
"4392",1993-01-09,0,0.665468548389274
"4393",1993-01-10,0,0.584731555386163
"4394",1993-01-11,0.361656112078163,0.548032922202931
"4395",1993-01-12,0.69160833688577,0.513780864565248
"4396",1993-01-13,2.21604388131036,0.499101411291955
"4397",1993-01-14,2.93190612342623,0.484421958018663
"4398",1993-01-15,0.527708332346544,0.464849353654272
"4399",1993-01-16,0.01365833319765,0.445276749289882
"4400",1993-01-17,0,0.435490447107686
"4401",1993-01-18,0,0.420810993834394
"4402",1993-01-19,0,0.411024691652198
"4403",1993-01-20,0,0.398791813924455
"4404",1993-01-21,0,0.391452087287808
"4405",1993-01-22,4.19857164329951,1.08383296667812
"4406",1993-01-23,0.608582219597366,1.31625764350525
"4407",1993-01-24,0,0.924805556217446
"4408",1993-01-25,1.92309331501855,0.900339800761959
"4409",1993-01-26,0.0110094442137827,0.778011023484519
"4410",1993-01-27,0,0.65323567066153
"4411",1993-01-28,0,0.565158951021773
"4412",1993-01-29,0,0.526013742292992
"4413",1993-01-30,0,0.48931510910976
"4414",1993-01-31,0.353875,0.464849353654272
"4415",1993-02-01,0.141136109930049,0.44772332483543
"4416",1993-02-02,0,0.42815072047104
"4417",1993-02-03,0,0.411024691652198
"4418",1993-02-04,0,0.398791813924455
"4419",1993-02-05,0,0.391452087287808
"4420",1993-02-06,0.0188733334357126,0.384112360651162
"4421",1993-02-07,0,0.376772634014515
"4422",1993-02-08,0,0.36698633183232
"4423",1993-02-09,0,0.362093180741222
"4424",1993-02-10,0,0.354753454104576
"4425",1993-02-11,0,0.34741372746793
"4426",1993-02-12,0,0.342520576376832
"4427",1993-02-13,9.26374383078682,0.596964433113907
"4428",1993-02-14,0.223499998997794,0.604304159750554
"4429",1993-02-15,0,0.474635655836467
"4430",1993-02-16,0,0.829389109941043
"4431",1993-02-17,11.4636461338467,1.98417276744008
"4432",1993-02-18,0,1.09117269331477
"4433",1993-02-19,0,0.665468548389274
"4434",1993-02-20,0,0.533353468929639
"4435",1993-02-21,0,0.477082231382016
"4436",1993-02-22,3.12014275662104,0.452616475926528
"4437",1993-02-23,0,0.42815072047104
"4438",1993-02-24,0.0080294442187167,0.403684965015552
"4439",1993-02-25,0,0.391452087287808
"4440",1993-02-26,0,0.379219209560064
"4441",1993-02-27,0,0.36698633183232
"4442",1993-02-28,0,0.362093180741222
"4443",1993-03-01,0,0.354753454104576
"4444",1993-03-02,0,0.342520576376832
"4445",1993-03-03,0,0.42815072047104
"4446",1993-03-04,0,0.459956202563174
"4447",1993-03-05,7.47375722916922,0.526013742292992
"4448",1993-03-06,0.532343892578243,0.477082231382016
"4449",1993-03-07,0.0052149999913656,0.499101411291955
"4450",1993-03-08,0.535323893652607,0.579838404295066
"4451",1993-03-09,0.503454446235465,0.702167181572506
"4452",1993-03-10,0,0.682594577208115
"4453",1993-03-11,1.89023055081897,0.596964433113907
"4454",1993-03-12,0,0.516227440110797
"4455",1993-03-13,0.123835555115818,0.477082231382016
"4456",1993-03-14,17.1803621552785,0.459956202563174
"4457",1993-03-15,5.5942877907935,0.440383598198784
"4458",1993-03-16,0.000496666670983865,0.42815072047104
"4459",1993-03-17,1.19042721977499,0.922358980671898
"4460",1993-03-18,5.60836000378928,1.58782752906117
"4461",1993-03-19,0,1.03979460685824
"4462",1993-03-20,0,0.711953483754701
"4463",1993-03-21,0.799881666287987,0.670361699480371
"4464",1993-03-22,0.424484447322164,0.731526088119091
"4465",1993-03-23,0,0.883213771943117
"4466",1993-03-24,7.93044221401214,2.59337007828173
"4467",1993-03-25,2.17953887862629,2.6423015891927
"4468",1993-03-26,0,2.38785773245563
"4469",1993-03-27,0,2.56890432282624
"4470",1993-03-28,1.76548445345875,2.8624933882921
"4471",1993-03-29,1.4120233484904,3.18054820921344
"4472",1993-03-30,0.523652222143278,2.83802763283661
"4473",1993-03-31,0.00562888884016622,2.29978101281587
"4474",1993-04-01,3.03256387231085,2.4465755455488
"4475",1993-04-02,5.00168165498311,2.66676734464819
"4476",1993-04-03,0.0640700010348938,1.86429056570819
"4477",1993-04-04,0.00844333339130714,1.44837272296489
"4478",1993-04-05,0,1.21594804613775
"4479",1993-04-06,0,1.06426036231373
"4480",1993-04-07,0,0.961504189400678
"4481",1993-04-08,0,0.883213771943117
"4482",1993-04-09,0,0.819602807758848
"4483",1993-04-10,0.413143888658845,0.893000074125312
"4484",1993-04-11,3.51780723232692,1.15233708195349
"4485",1993-04-12,1.80670776783096,1.10585214658806
"4486",1993-04-13,1.22444888952043,1.03245488022159
"4487",1993-04-14,0,0.858748016487629
"4488",1993-04-15,0.0580272218503265,0.763331570211226
"4489",1993-04-16,0.0128305557621643,0.719293210391347
"4490",1993-04-17,7.72308388699427,1.80312617706947
"4491",1993-04-18,0.0682916661115986,1.4288001186005
"4492",1993-04-19,2.03691277939919,0.995756247038362
"4493",1993-04-20,0,0.841621987668787
"4494",1993-04-21,0,0.755991843574579
"4495",1993-04-22,1.96150222648515,1.27466585923093
"4496",1993-04-23,6.44425007894303,1.69303027751977
"4497",1993-04-24,0.000910555550621616,1.18414256404562
"4498",1993-04-25,0.13972888849479,0.915019254035251
"4499",1993-04-26,0.0523983326863705,0.851408289850982
"4500",1993-04-27,6.15966000694698,1.44103299632824
"4501",1993-04-28,0,1.14010420422574
"4502",1993-04-29,0,0.866087743124275
"4503",1993-04-30,0,0.763331570211226
"4504",1993-05-01,0,0.707060332663603
"4505",1993-05-02,0,0.650789095115981
"4506",1993-05-03,0,0.616537037478298
"4507",1993-05-04,0,0.594517857568358
"4508",1993-05-05,0.0615038890560261,0.594517857568358
"4509",1993-05-06,1.24688167550829,0.618983613023847
"4510",1993-05-07,0,0.557819224385127
"4511",1993-05-08,0.00306277770931935,0.50888771347415
"4512",1993-05-09,0,0.481975382473114
"4513",1993-05-10,0,0.464849353654272
"4514",1993-05-11,0,0.452616475926528
"4515",1993-05-12,0.125987777259097,0.430597296016589
"4516",1993-05-13,0.000248333327782651,0.411024691652198
"4517",1993-05-14,0,0.398791813924455
"4518",1993-05-15,0,0.384112360651162
"4519",1993-05-16,0,0.371879482923418
"4520",1993-05-17,0.455112223366896,0.369432907377869
"4521",1993-05-18,0,0.349860303013478
"4522",1993-05-19,1.83129277793566,0.38655893619671
"4523",1993-05-20,0.310251108802028,0.393898662833357
"4524",1993-05-21,0.14113611142565,0.364539756286771
"4525",1993-05-22,0,0.340074000831283
"4526",1993-05-23,0,0.318054820921344
"4527",1993-05-24,0,0.303375367648051
"4528",1993-05-25,0.0552955560464827,0.300928792102502
"4529",1993-05-26,0,0.291142489920307
"4530",1993-05-27,0.00115888884756714,0.274016461101466
"4531",1993-05-28,0,0.261783583373722
"4532",1993-05-29,0.101982222055085,0.261783583373722
"4533",1993-05-30,0.0004966666555653,0.247104130100429
"4534",1993-05-31,0,0.261783583373722
"4535",1993-06-01,9.93465779230329,0.743758965846835
"4536",1993-06-02,0.149744999289513,0.521120591201894
"4537",1993-06-03,0.0033938889209595,0.340074000831283
"4538",1993-06-04,0.309837221294643,0.291142489920307
"4539",1993-06-05,0.0642355550294742,0.278909612192563
"4540",1993-06-06,1.49082777501477,0.320501396466893
"4541",1993-06-07,0.00215222220495343,0.293589065465856
"4542",1993-06-08,0,0.269123310010368
"4543",1993-06-09,0.95931166358789,0.288695914374758
"4544",1993-06-10,1.48180500781536,0.330287698649088
"4545",1993-06-11,0,0.26423015891927
"4546",1993-06-12,0,0.229978101281587
"4547",1993-06-13,0,0.217745223553843
"4548",1993-06-14,0,0.212852072462746
"4549",1993-06-15,0,0.207958921371648
"4550",1993-06-16,0.572077218624763,0.210405496917197
"4551",1993-06-17,0,0.207958921371648
"4552",1993-06-18,0,0.200619194735002
"4553",1993-06-19,0,0.195726043643904
"4554",1993-06-20,0.0298000003207061,0.190832892552806
"4555",1993-06-21,0.171846666387282,0.227531525736038
"4556",1993-06-22,3.49090443876056,0.354753454104576
"4557",1993-06-23,0,0.22508495019049
"4558",1993-06-24,0,0.185939741461709
"4559",1993-06-25,0,0.176153439279514
"4560",1993-06-26,0,0.171260288188416
"4561",1993-06-27,0.951944447959878,0.276463036647014
"4562",1993-06-28,1.77765276593632,0.237317827918234
"4563",1993-06-29,0.0384088892021942,0.190832892552806
"4564",1993-06-30,0.0389055558115037,0.171260288188416
"4565",1993-07-01,0,0.156580834915123
"4566",1993-07-02,0.00794666655071908,0.149241108278477
"4567",1993-07-03,2.02631721401215,0.173706863733965
"4568",1993-07-04,0.0476800005223809,0.173706863733965
"4569",1993-07-05,0,0.156580834915123
"4570",1993-07-06,0,0.149241108278477
"4571",1993-07-07,0,0.193279468098355
"4572",1993-07-08,3.79941722032759,0.276463036647014
"4573",1993-07-09,12.256822845353,0.628769915206042
"4574",1993-07-10,0,0.327841123103539
"4575",1993-07-11,0.0757416660375893,0.200619194735002
"4576",1993-07-12,0.0003311111037102,0.18349316591616
"4577",1993-07-13,0.734487221948389,0.173706863733965
"4578",1993-07-14,0,0.156580834915123
"4579",1993-07-15,0,0.144347957187379
"4580",1993-07-16,0,0.134561655005184
"4581",1993-07-17,0,0.129668503914086
"4582",1993-07-18,0,0.124775352822989
"4583",1993-07-19,0,0.124775352822989
"4584",1993-07-20,1.49049666619301,0.14190138164183
"4585",1993-07-21,0,0.134561655005184
"4586",1993-07-22,0,0.127221928368538
"4587",1993-07-23,0,0.119882201731891
"4588",1993-07-24,0,0.117435626186342
"4589",1993-07-25,0,0.114989050640794
"4590",1993-07-26,0,0.114989050640794
"4591",1993-07-27,5.58526503568225,0.24465755455488
"4592",1993-07-28,2.88016999652651,0.34741372746793
"4593",1993-07-29,1.24895111600558,0.222638374644941
"4594",1993-07-30,0,0.16392056155177
"4595",1993-07-31,0,0.144347957187379
"4596",1993-08-01,0,0.134561655005184
"4597",1993-08-02,0,0.127221928368538
"4598",1993-08-03,0,0.12232877727744
"4599",1993-08-04,0,0.117435626186342
"4600",1993-08-05,0.00289722229623132,0.114989050640794
"4601",1993-08-06,0,0.110095899549696
"4602",1993-08-07,0.291957226227348,0.110095899549696
"4603",1993-08-08,0,0.107649324004147
"4604",1993-08-09,0.960222221682573,0.154134259369574
"4605",1993-08-10,1.47394112432914,0.146794532732928
"4606",1993-08-11,0,0.110095899549696
"4607",1993-08-12,0,0.107649324004147
"4608",1993-08-13,0,0.105202748458598
"4609",1993-08-14,0.0343527774570717,0.110095899549696
"4610",1993-08-15,1.33553665904866,0.10275617291305
"4611",1993-08-16,0.849382781827926,0.983523369310618
"4612",1993-08-17,8.6546650056839,0.738865814755738
"4613",1993-08-18,0.796156664258905,0.300928792102502
"4614",1993-08-19,0.35238499599364,0.20306577028055
"4615",1993-08-20,0,0.171260288188416
"4616",1993-08-21,0.0503288892287141,0.154134259369574
"4617",1993-08-22,0,0.14190138164183
"4618",1993-08-23,0,0.134561655005184
"4619",1993-08-24,0,0.132115079459635
"4620",1993-08-25,3.52459497600132,0.293589065465856
"4621",1993-08-26,0,0.176153439279514
"4622",1993-08-27,0,0.146794532732928
"4623",1993-08-28,0,0.283802763283661
"4624",1993-08-29,1.74065110823771,0.291142489920307
"4625",1993-08-30,0.460327223312008,0.171260288188416
"4626",1993-08-31,0,0.144347957187379
"4627",1993-09-01,0,0.137008230550733
"4628",1993-09-02,0,0.129668503914086
"4629",1993-09-03,0.0388227777580419,0.127221928368538
"4630",1993-09-04,4.38093112007113,0.154134259369574
"4631",1993-09-05,0.941762782307134,0.185939741461709
"4632",1993-09-06,0,0.146794532732928
"4633",1993-09-07,0.633663890930306,0.132115079459635
"4634",1993-09-08,2.50965666919284,0.161473986006221
"4635",1993-09-09,0.856253336767356,0.161473986006221
"4636",1993-09-10,1.79544999684228,0.210405496917197
"4637",1993-09-11,0.418193336444181,0.198172619189453
"4638",1993-09-12,0.0158933331014382,0.149241108278477
"4639",1993-09-13,0,0.134561655005184
"4640",1993-09-14,0,0.129668503914086
"4641",1993-09-15,0,0.127221928368538
"4642",1993-09-16,1.81854499652651,0.161473986006221
"4643",1993-09-17,1.06261833633317,0.171260288188416
"4644",1993-09-18,3.10118664681249,0.274016461101466
"4645",1993-09-19,0.123256110483884,0.237317827918234
"4646",1993-09-20,1.70033833022002,0.168813712642867
"4647",1993-09-21,0.926117773791155,0.151687683824026
"4648",1993-09-22,4.68547056913376,0.513780864565248
"4649",1993-09-23,0.0176316665809395,0.269123310010368
"4650",1993-09-24,0.27109722277729,0.190832892552806
"4651",1993-09-25,0.00190388883091509,0.16392056155177
"4652",1993-09-26,3.08794222239985,0.433043871562138
"4653",1993-09-27,4.21429944160249,0.870980894215373
"4654",1993-09-28,9.40728056187099,0.905232951853056
"4655",1993-09-29,0,0.418364418288845
"4656",1993-09-30,0,0.251997281191526
"4657",1993-10-01,0,0.190832892552806
"4658",1993-10-02,0,0.176153439279514
"4659",1993-10-03,1.41947333201104,0.220191799099392
"4660",1993-10-04,0.76271444432603,0.188386317007258
"4661",1993-10-05,0,0.16392056155177
"4662",1993-10-06,0,0.151687683824026
"4663",1993-10-07,0,0.149241108278477
"4664",1993-10-08,0,0.146794532732928
"4665",1993-10-09,0,0.146794532732928
"4666",1993-10-10,0,0.139454806096282
"4667",1993-10-11,0,0.134561655005184
"4668",1993-10-12,0.0293861105930474,0.298482216556954
"4669",1993-10-13,10.3746217569775,0.687487728299213
"4670",1993-10-14,0,0.362093180741222
"4671",1993-10-15,0.657586666061024,0.22508495019049
"4672",1993-10-16,0.00587722206001894,0.193279468098355
"4673",1993-10-17,0,0.181046590370611
"4674",1993-10-18,0.0567027780059725,0.173706863733965
"4675",1993-10-19,0,0.16392056155177
"4676",1993-10-20,3.26003722159066,0.22508495019049
"4677",1993-10-21,4.16744720485475,0.349860303013478
"4678",1993-10-22,2.63862446212769,0.464849353654272
"4679",1993-10-23,0,0.308268518739149
"4680",1993-10-24,0,0.229978101281587
"4681",1993-10-25,0,0.205512345826099
"4682",1993-10-26,0,0.190832892552806
"4683",1993-10-27,0.427381667613983,0.195726043643904
"4684",1993-10-28,0.554114442944526,0.198172619189453
"4685",1993-10-29,0,0.185939741461709
"4686",1993-10-30,0,0.232424676827136
"4687",1993-10-31,3.1230400056839,0.430597296016589
"4688",1993-11-01,5.34272607416575,0.486868533564211
"4689",1993-11-02,0.11953111115305,0.369432907377869
"4690",1993-11-03,0,0.271569885555917
"4691",1993-11-04,0.0706094443926382,0.229978101281587
"4692",1993-11-05,0.341541111402215,0.322947972012442
"4693",1993-11-06,2.84498944291369,0.376772634014515
"4694",1993-11-07,0.00670500017392138,0.288695914374758
"4695",1993-11-08,0.497163333476417,0.239764403463782
"4696",1993-11-09,0,0.217745223553843
"4697",1993-11-10,0,0.207958921371648
"4698",1993-11-11,0,0.20306577028055
"4699",1993-11-12,0.075576111935079,0.200619194735002
"4700",1993-11-13,0.000662222207420404,0.195726043643904
"4701",1993-11-14,0.0859233338951857,0.195726043643904
"4702",1993-11-15,0.527046116923294,0.200619194735002
"4703",1993-11-16,0,0.190832892552806
"4704",1993-11-17,0,0.222638374644941
"4705",1993-11-18,6.40807612784703,0.393898662833357
"4706",1993-11-19,0,0.450169900380979
"4707",1993-11-20,1.24862000362213,0.496654835746406
"4708",1993-11-21,0.00604277764271116,0.344967151922381
"4709",1993-11-22,0.568021109608726,0.269123310010368
"4710",1993-11-23,0,0.242210979009331
"4711",1993-11-24,0,0.227531525736038
"4712",1993-11-25,0.00140722217534979,0.215298648008294
"4713",1993-11-26,0,0.20306577028055
"4714",1993-11-27,0,0.198172619189453
"4715",1993-11-28,1.50870777338164,1.15723023304458
"4716",1993-11-29,13.491701657825,1.55846862251459
"4717",1993-11-30,0,0.829389109941043
"4718",1993-12-01,0,0.503994562383053
"4719",1993-12-02,0,0.401238389470003
"4720",1993-12-03,0,0.36698633183232
"4721",1993-12-04,0,0.352306878559027
"4722",1993-12-05,13.9521945075989,2.8624933882921
"4723",1993-12-06,5.48973941728805,2.66676734464819
"4724",1993-12-07,0.00860888906651072,1.29668503914086
"4725",1993-12-08,0,0.829389109941043
"4726",1993-12-09,0,0.682594577208115
"4727",1993-12-10,0.00538055549696501,0.621430188569395
"4728",1993-12-11,3.89908165656194,0.858748016487629
"4729",1993-12-12,0.682337216854094,0.746205541392384
"4730",1993-12-13,0,0.59207128202281
"4731",1993-12-14,0,0.521120591201894
"4732",1993-12-15,0.0095194443087611,0.486868533564211
"4733",1993-12-16,0,0.450169900380979
"4734",1993-12-17,0,0.406131540561101
"4735",1993-12-18,0,0.384112360651162
"4736",1993-12-19,1.47849388802051,0.477082231382016
"4737",1993-12-20,1.49943666556146,0.535800044475187
"4738",1993-12-21,5.40174666224585,1.0128822758572
"4739",1993-12-22,3.88972776672574,1.32115079459635
"4740",1993-12-23,0,0.800030203394458
"4741",1993-12-24,0.000827777759275504,0.628769915206042
"4742",1993-12-25,0.348659999052685,0.526013742292992
"4743",1993-12-26,0.008774444541273,0.452616475926528
"4744",1993-12-27,0,0.403684965015552
"4745",1993-12-28,0,0.36698633183232
"4746",1993-12-29,0,0.342520576376832
"4747",1993-12-30,1.16973278322485,0.330287698649088
"4748",1993-12-31,0,0.322947972012442
"4749",1994-01-01,0,0.318054820921344
"4750",1994-01-02,0.0980916672803254,0.357200029650125
"4751",1994-01-03,0,0.362093180741222
"4752",1994-01-04,4.5649461054272,0.342520576376832
"4753",1994-01-05,1.80157556629181,0.330287698649088
"4754",1994-01-06,0,0.318054820921344
"4755",1994-01-07,2.46528775946299,0.313161669830246
"4756",1994-01-08,3.39653780510194,0.308268518739149
"4757",1994-01-09,0.0751622214210736,0.303375367648051
"4758",1994-01-10,2.08475834164085,0.298482216556954
"4759",1994-01-11,0,0.293589065465856
"4760",1994-01-12,0,0.288695914374758
"4761",1994-01-13,1.59901833791203,0.283802763283661
"4762",1994-01-14,0,0.278909612192563
"4763",1994-01-15,0.0221016666506314,0.274016461101466
"4764",1994-01-16,0,0.271569885555917
"4765",1994-01-17,0,0.269123310010368
"4766",1994-01-18,11.7799401414659,1.69058370197422
"4767",1994-01-19,0,1.10095899549696
"4768",1994-01-20,0,0.73397266366464
"4769",1994-01-21,0,0.587178130931712
"4770",1994-01-22,0,0.464849353654272
"4771",1994-01-23,0,0.415917842743296
"4772",1994-01-24,0,0.391452087287808
"4773",1994-01-25,0,0.418364418288845
"4774",1994-01-26,0.704935553305678,0.379219209560064
"4775",1994-01-27,0.337650555239784,0.342520576376832
"4776",1994-01-28,4.6597266830868,2.38785773245563
"4777",1994-01-29,10.4986228800879,4.23257569379942
"4778",1994-01-30,0,2.20681114208502
"4779",1994-01-31,0,1.10095899549696
"4780",1994-02-01,0,0.85630144094208
"4781",1994-02-02,0.0003311111037102,0.660575397298176
"4782",1994-02-03,0.000248333327782651,0.6116438863872
"4783",1994-02-04,0.00355944458074454,0.562712375476224
"4784",1994-02-05,0,0.526013742292992
"4785",1994-02-06,0,0.48931510910976
"4786",1994-02-07,0,0.464849353654272
"4787",1994-02-08,0,0.440383598198784
"4788",1994-02-09,5.45993944570753,0.415917842743296
"4789",1994-02-10,1.24373612295257,0.403684965015552
"4790",1994-02-11,0.0696988893354103,0.391452087287808
"4791",1994-02-12,5.97158885415395,0.379219209560064
"4792",1994-02-13,0.00720166678323099,0.36698633183232
"4793",1994-02-14,0,0.359646605195674
"4794",1994-02-15,0,0.352306878559027
"4795",1994-02-16,0,0.34741372746793
"4796",1994-02-17,0,0.342520576376832
"4797",1994-02-18,0,0.391452087287808
"4798",1994-02-19,0,0.479528806927565
"4799",1994-02-20,0,0.704613757118055
"4800",1994-02-21,0,1.47528505396593
"4801",1994-02-22,3.61573334280651,1.72238918406636
"4802",1994-02-23,0,1.20126859286446
"4803",1994-02-24,3.57161279577681,0.907679527398605
"4804",1994-02-25,1.65472777856721,0.758438419120128
"4805",1994-02-26,1.06667444554965,0.660575397298176
"4806",1994-02-27,0.150490000321323,0.587178130931712
"4807",1994-02-28,0,0.538246620020736
"4808",1994-03-01,0,0.513780864565248
"4809",1994-03-02,0,0.48931510910976
"4810",1994-03-03,5.39826997915904,0.528460317838541
"4811",1994-03-04,2.2396355708705,0.594517857568358
"4812",1994-03-05,0,0.594517857568358
"4813",1994-03-06,0,0.574945253203968
"4814",1994-03-07,0,0.565158951021773
"4815",1994-03-08,0.411322774011333,0.802476778940006
"4816",1994-03-09,0.637306110203266,0.824495958849946
"4817",1994-03-10,6.07100501452553,2.66676734464819
"4818",1994-03-11,6.81981276893615,3.32734274194637
"4819",1994-03-12,0,1.80801932816056
"4820",1994-03-13,0,1.37742203214397
"4821",1994-03-14,0.000827777790112627,1.47039190287483
"4822",1994-03-15,0,1.68813712642867
"4823",1994-03-16,0.18012444362541,1.84227138579825
"4824",1994-03-17,1.02073277730412,1.4190138164183
"4825",1994-03-18,0,1.1229781754069
"4826",1994-03-19,0.939279439130591,1.00798912476611
"4827",1994-03-20,0,0.954164462764032
"4828",1994-03-21,0.0703611102785086,1.00309597367501
"4829",1994-03-22,7.10241611300573,2.47104130100429
"4830",1994-03-23,0.0163072223202843,2.74016461101466
"4831",1994-03-24,0,2.24840292635935
"4832",1994-03-25,0,1.90098919889142
"4833",1994-03-26,0,1.57559465133343
"4834",1994-03-27,0.00446999997718053,1.49975080942141
"4835",1994-03-28,5.68699885320664,1.88630974561813
"4836",1994-03-29,3.47650112311047,2.31201389054362
"4837",1994-03-30,1.738498888731,2.13096730017301
"4838",1994-03-31,0,1.53644944260465
"4839",1994-04-01,0,1.30402476577751
"4840",1994-04-02,0,1.15478365749903
"4841",1994-04-03,0,1.04468775794934
"4842",1994-04-04,0.707087775448959,1.0128822758572
"4843",1994-04-05,0,0.932145282854093
"4844",1994-04-06,0,0.866087743124275
"4845",1994-04-07,3.34306333049139,1.04713433349489
"4846",1994-04-08,0.0247505553415459,0.954164462764032
"4847",1994-04-09,0,0.79513705230336
"4848",1994-04-10,0.0682088885206935,0.790243901212262
"4849",1994-04-11,2.61461890183555,0.883213771943117
"4850",1994-04-12,0.00910555552163471,0.797583627848909
"4851",1994-04-13,1.15590889370441,0.900339800761959
"4852",1994-04-14,4.44649110984803,1.15967680859013
"4853",1994-04-15,0,0.922358980671898
"4854",1994-04-16,0.0760727772954851,1.01043570031165
"4855",1994-04-17,3.22667779514525,1.02511515358495
"4856",1994-04-18,0.70907445278712,0.804923354485555
"4857",1994-04-19,0.0596827774305518,0.729079512573542
"4858",1994-04-20,0.0368361111049437,0.699720606026957
"4859",1994-04-21,0,0.65323567066153
"4860",1994-04-22,0,0.626323339660493
"4861",1994-04-23,0,0.589624706477261
"4862",1994-04-24,0,0.565158951021773
"4863",1994-04-25,0,0.545586346657383
"4864",1994-04-26,0.0702783332118351,0.523567166747443
"4865",1994-04-27,0.102230555459961,0.518674015656346
"4866",1994-04-28,0.219195556206836,0.523567166747443
"4867",1994-04-29,0,0.477082231382016
"4868",1994-04-30,0.00190388892342647,0.457509627017626
"4869",1994-05-01,0.383592223115265,0.548032922202931
"4870",1994-05-02,2.94440555792385,0.67280827502592
"4871",1994-05-03,0,0.516227440110797
"4872",1994-05-04,0,0.440383598198784
"4873",1994-05-05,0.39203555567397,0.437937022653235
"4874",1994-05-06,0.0147344442384524,0.44772332483543
"4875",1994-05-07,0.746738333340735,0.511334289019699
"4876",1994-05-08,8.97335941855112,0.971290491582874
"4877",1994-05-09,0.312568887576461,0.939485009490739
"4878",1994-05-10,0,0.628769915206042
"4879",1994-05-11,0,0.499101411291955
"4880",1994-05-12,0,0.464849353654272
"4881",1994-05-13,0.959228894770146,0.462402778108723
"4882",1994-05-14,0,0.403684965015552
"4883",1994-05-15,0,0.376772634014515
"4884",1994-05-16,3.61507110937436,0.641002792933786
"4885",1994-05-17,3.63270276514691,0.736419239210189
"4886",1994-05-18,1.21327388833629,0.628769915206042
"4887",1994-05-19,0.667354447444281,0.557819224385127
"4888",1994-05-20,0.55841889019145,0.538246620020736
"4889",1994-05-21,0,0.464849353654272
"4890",1994-05-22,0,0.40857811610665
"4891",1994-05-23,0,0.381665785105613
"4892",1994-05-24,0,0.352306878559027
"4893",1994-05-25,0.86271000023683,0.344967151922381
"4894",1994-05-26,0.838952778961923,0.359646605195674
"4895",1994-05-27,0.597407223840555,0.337627425285734
"4896",1994-05-28,0,0.308268518739149
"4897",1994-05-29,0,0.291142489920307
"4898",1994-05-30,0,0.278909612192563
"4899",1994-05-31,0,0.274016461101466
"4900",1994-06-01,0.000993333311130604,0.283802763283661
"4901",1994-06-02,0.798474443773428,0.278909612192563
"4902",1994-06-03,0,0.256890432282624
"4903",1994-06-04,0,0.247104130100429
"4904",1994-06-05,0,0.237317827918234
"4905",1994-06-06,0,0.232424676827136
"4906",1994-06-07,0.583169444839159,0.242210979009331
"4907",1994-06-08,0,0.229978101281587
"4908",1994-06-09,0,0.220191799099392
"4909",1994-06-10,0,0.212852072462746
"4910",1994-06-11,0,0.205512345826099
"4911",1994-06-12,1.16087555824024,0.880767196397568
"4912",1994-06-13,16.1328922740089,1.32604394568745
"4913",1994-06-14,0.337567780007918,0.687487728299213
"4914",1994-06-15,3.6796377776199,0.694827454935859
"4915",1994-06-16,0,0.535800044475187
"4916",1994-06-17,0,0.391452087287808
"4917",1994-06-18,0,0.318054820921344
"4918",1994-06-19,0,0.276463036647014
"4919",1994-06-20,0,0.249550705645978
"4920",1994-06-21,0,0.237317827918234
"4921",1994-06-22,0.413806111066706,0.24465755455488
"4922",1994-06-23,0,0.22508495019049
"4923",1994-06-24,0.151566111007498,0.212852072462746
"4924",1994-06-25,1.43834666412075,0.234871252372685
"4925",1994-06-26,0.827943332312009,0.232424676827136
"4926",1994-06-27,0.330945552753078,0.210405496917197
"4927",1994-06-28,0.16025777909884,0.200619194735002
"4928",1994-06-29,0.428788886520597,0.322947972012442
"4929",1994-06-30,5.12866279104021,0.430597296016589
"4930",1994-07-01,0.292867778108352,0.291142489920307
"4931",1994-07-02,0,0.22508495019049
"4932",1994-07-03,0,0.200619194735002
"4933",1994-07-04,0.00364222224874216,0.190832892552806
"4934",1994-07-05,0,0.18349316591616
"4935",1994-07-06,0.036587777777161,0.181046590370611
"4936",1994-07-07,0,0.176153439279514
"4937",1994-07-08,0.228632224620734,0.190832892552806
"4938",1994-07-09,2.7041844410499,0.53090689338409
"4939",1994-07-10,8.27777759275504e-05,0.313161669830246
"4940",1994-07-11,1.78079833992384,0.210405496917197
"4941",1994-07-12,0,0.18349316591616
"4942",1994-07-13,0,0.171260288188416
"4943",1994-07-14,0.000248333327782651,0.161473986006221
"4944",1994-07-15,3.51300611395307,0.212852072462746
"4945",1994-07-16,0.216298334403998,0.207958921371648
"4946",1994-07-17,0,0.178600014825062
"4947",1994-07-18,0.335167224521438,0.166367137097318
"4948",1994-07-19,1.04937388182349,0.166367137097318
"4949",1994-07-20,0,0.161473986006221
"4950",1994-07-21,0.0235088885947027,0.159027410460672
"4951",1994-07-22,0,0.154134259369574
"4952",1994-07-23,0.518685556250624,0.247104130100429
"4953",1994-07-24,12.3283427613576,0.623876764114944
"4954",1994-07-25,0.147509999416562,0.430597296016589
"4955",1994-07-26,1.09200444704956,0.303375367648051
"4956",1994-07-27,0.81825833451748,0.217745223553843
"4957",1994-07-28,12.785358833313,1.34072339896074
"4958",1994-07-29,5.40894837533103,1.49241108278477
"4959",1994-07-30,0.141715557614859,0.636109641842688
"4960",1994-07-31,0,0.340074000831283
"4961",1994-08-01,0,0.271569885555917
"4962",1994-08-02,0.259425556124809,0.239764403463782
"4963",1994-08-03,0.696326667692926,0.227531525736038
"4964",1994-08-04,0,0.215298648008294
"4965",1994-08-05,0.0150655555117668,0.22508495019049
"4966",1994-08-06,2.22730165985413,0.32539454755799
"4967",1994-08-07,0,0.237317827918234
"4968",1994-08-08,1.23967999941225,0.198172619189453
"4969",1994-08-09,0,0.18349316591616
"4970",1994-08-10,0,0.173706863733965
"4971",1994-08-11,0,0.166367137097318
"4972",1994-08-12,1.90339223453734,0.20306577028055
"4973",1994-08-13,0.327799998748013,0.195726043643904
"4974",1994-08-14,1.37303499559892,0.20306577028055
"4975",1994-08-15,3.21409556913376,0.303375367648051
"4976",1994-08-16,0,0.207958921371648
"4977",1994-08-17,0.0701955566385553,0.178600014825062
"4978",1994-08-18,20.2893299797906,1.88386317007258
"4979",1994-08-19,4.83397387531067,2.32913991936246
"4980",1994-08-20,0.191216665060053,1.08872611776922
"4981",1994-08-21,0.00256611111542831,0.667915123934823
"4982",1994-08-22,12.2266916603512,1.94747413425685
"4983",1994-08-23,9.29751714769998,2.49550705645978
"4984",1994-08-24,0,1.25998640595763
"4985",1994-08-25,0,0.731526088119091
"4986",1994-08-26,0,0.59207128202281
"4987",1994-08-27,0,0.496654835746406
"4988",1994-08-28,0.0422166670027914,0.437937022653235
"4989",1994-08-29,1.24646777714623,0.440383598198784
"4990",1994-08-30,0.411157218043174,0.398791813924455
"4991",1994-08-31,0,0.352306878559027
"4992",1994-09-01,0.205288888077872,0.335180849740186
"4993",1994-09-02,0,0.3058219431936
"4994",1994-09-03,0,0.274016461101466
"4995",1994-09-04,0,0.259337007828173
"4996",1994-09-05,0,0.251997281191526
"4997",1994-09-06,0,0.24465755455488
"4998",1994-09-07,0,0.232424676827136
"4999",1994-09-08,0,0.222638374644941
"5000",1994-09-09,0,0.278909612192563
"5001",1994-09-10,0.920820004226537,0.269123310010368
"5002",1994-09-11,0,0.237317827918234
"5003",1994-09-12,0.297337779056902,0.215298648008294
"5004",1994-09-13,0,0.212852072462746
"5005",1994-09-14,0.336988332446457,0.20306577028055
"5006",1994-09-15,0.111087776559095,0.20306577028055
"5007",1994-09-16,0,0.198172619189453
"5008",1994-09-17,0.134100000826435,0.193279468098355
"5009",1994-09-18,3.83972999296419,0.349860303013478
"5010",1994-09-19,1.60290888642685,0.300928792102502
"5011",1994-09-20,0,0.220191799099392
"5012",1994-09-21,0,0.200619194735002
"5013",1994-09-22,0,0.195726043643904
"5014",1994-09-23,21.1397888825734,2.31446046608917
"5015",1994-09-24,10.8639210643768,1.98661934298563
"5016",1994-09-25,0,0.802476778940006
"5017",1994-09-26,1.6054749926546,0.503994562383053
"5018",1994-09-27,0.136748889686954,0.704613757118055
"5019",1994-09-28,6.09029222032759,0.790243901212262
"5020",1994-09-29,0.66007000205252,0.616537037478298
"5021",1994-09-30,0,0.433043871562138
"5022",1994-10-01,0,0.391452087287808
"5023",1994-10-02,1.28123445037504,0.433043871562138
"5024",1994-10-03,0.734238896006098,0.379219209560064
"5025",1994-10-04,0,0.359646605195674
"5026",1994-10-05,0,0.327841123103539
"5027",1994-10-06,0,0.308268518739149
"5028",1994-10-07,0,0.298482216556954
"5029",1994-10-08,0,0.288695914374758
"5030",1994-10-09,0,0.283802763283661
"5031",1994-10-10,0.522493331522577,0.298482216556954
"5032",1994-10-11,0.518188890381404,0.283802763283661
"5033",1994-10-12,0,0.26423015891927
"5034",1994-10-13,0,0.251997281191526
"5035",1994-10-14,0,0.254443856737075
"5036",1994-10-15,0,0.251997281191526
"5037",1994-10-16,0,0.247104130100429
"5038",1994-10-17,0,0.24465755455488
"5039",1994-10-18,0,0.242210979009331
"5040",1994-10-19,0.00206944445986301,0.237317827918234
"5041",1994-10-20,0.425477781527572,0.247104130100429
"5042",1994-10-21,2.02151609563827,0.288695914374758
"5043",1994-10-22,0,0.274016461101466
"5044",1994-10-23,0,0.276463036647014
"5045",1994-10-24,3.96414497915904,0.374326058468966
"5046",1994-10-25,0,0.337627425285734
"5047",1994-10-26,0,0.271569885555917
"5048",1994-10-27,0,0.251997281191526
"5049",1994-10-28,0,0.239764403463782
"5050",1994-10-29,0,0.234871252372685
"5051",1994-10-30,0,0.232424676827136
"5052",1994-10-31,0,0.234871252372685
"5053",1994-11-01,2.02201276972559,0.269123310010368
"5054",1994-11-02,1.59545887909995,0.344967151922381
"5055",1994-11-03,0,0.303375367648051
"5056",1994-11-04,0,0.269123310010368
"5057",1994-11-05,0,0.254443856737075
"5058",1994-11-06,0.0211911110537541,0.247104130100429
"5059",1994-11-07,0.542111666252215,0.239764403463782
"5060",1994-11-08,0,0.234871252372685
"5061",1994-11-09,0,0.229978101281587
"5062",1994-11-10,3.32063054450352,0.313161669830246
"5063",1994-11-11,0,0.32539454755799
"5064",1994-11-12,0,0.283802763283661
"5065",1994-11-13,0,0.26423015891927
"5066",1994-11-14,0,0.254443856737075
"5067",1994-11-15,0,0.249550705645978
"5068",1994-11-16,0,0.249550705645978
"5069",1994-11-17,0,0.237317827918234
"5070",1994-11-18,0,0.251997281191526
"5071",1994-11-19,4.30295446560118,0.369432907377869
"5072",1994-11-20,0,0.310715094284698
"5073",1994-11-21,0,0.342520576376832
"5074",1994-11-22,11.2752439097298,1.09606584440586
"5075",1994-11-23,0,0.814709656667751
"5076",1994-11-24,0,0.467295929199821
"5077",1994-11-25,0,0.376772634014515
"5078",1994-11-26,0,0.344967151922381
"5079",1994-11-27,0,0.318054820921344
"5080",1994-11-28,8.87948943307665,0.905232951853056
"5081",1994-11-29,3.11774220927558,1.2232877727744
"5082",1994-11-30,0,0.819602807758848
"5083",1994-12-01,0,0.582284979840614
"5084",1994-12-02,0,0.474635655836467
"5085",1994-12-03,0,0.435490447107686
"5086",1994-12-04,0,0.40857811610665
"5087",1994-12-05,2.85235669366519,0.927252131762995
"5088",1994-12-06,7.30538725158904,1.33827682341519
"5089",1994-12-07,0.853356114316938,0.863641167578726
"5090",1994-12-08,0.602042775715392,0.670361699480371
"5091",1994-12-09,0.00836055535326402,0.557819224385127
"5092",1994-12-10,0.451718330807157,0.565158951021773
"5093",1994-12-11,5.60248279703988,1.41656724087276
"5094",1994-12-12,2.3566833297809,1.13031790204355
"5095",1994-12-13,0,0.719293210391347
"5096",1994-12-14,0,0.601857584205005
"5097",1994-12-15,0,0.560265799930675
"5098",1994-12-16,0,0.523567166747443
"5099",1994-12-17,0.0810394438665567,0.503994562383053
"5100",1994-12-18,1.72244000134203,0.616537037478298
"5101",1994-12-19,0.379784443279418,0.582284979840614
"5102",1994-12-20,0,0.494208260200858
"5103",1994-12-21,0,0.455063051472077
"5104",1994-12-22,0,0.433043871562138
"5105",1994-12-23,0,0.440383598198784
"5106",1994-12-24,12.3436567007701,2.16521935781069
"5107",1994-12-25,3.17841833554374,2.23372347308605
"5108",1994-12-26,0,1.25509325486653
"5109",1994-12-27,0,0.888106923034215
"5110",1994-12-28,0,0.770671296847872
"5111",1994-12-29,0,0.702167181572506
"5112",1994-12-30,0,0.594517857568358
"5113",1994-12-31,0,0.535800044475187
"5114",1995-01-01,5.06293721527524,0.883213771943117
"5115",1995-01-02,2.71511109926965,1.2330740749566
"5116",1995-01-03,1.48900668021095,1.03000830467604
"5117",1995-01-04,0.249326665626839,0.751098692483482
"5118",1995-01-05,0,0.623876764114944
"5119",1995-01-06,0,0.552926073294029
"5120",1995-01-07,5.81224169508616,1.57070150024233
"5121",1995-01-08,0,1.26487955704873
"5122",1995-01-09,0,0.831835685486592
"5123",1995-01-10,0,0.677701426117018
"5124",1995-01-11,0,0.606750735296102
"5125",1995-01-12,2.09345001657804,0.579838404295066
"5126",1995-01-13,0.0258266665982082,0.628769915206042
"5127",1995-01-14,0.367616109354627,0.753545268029031
"5128",1995-01-15,0.227224997866071,0.807369930031104
"5129",1995-01-16,1.22991222159068,0.949271311672935
"5130",1995-01-17,0.547078333054565,0.900339800761959
"5131",1995-01-18,0,0.738865814755738
"5132",1995-01-19,0.0964361099578025,0.663021972843725
"5133",1995-01-20,0.255948887223067,1.28200558586757
"5134",1995-01-21,6.77469890530905,2.00129879625892
"5135",1995-01-22,0.426140001144675,1.36274257887068
"5136",1995-01-23,1.88700221859084,1.03979460685824
"5137",1995-01-24,0,0.902786376307507
"5138",1995-01-25,0,0.79513705230336
"5139",1995-01-26,0,0.726632937027994
"5140",1995-01-27,0,0.660575397298176
"5141",1995-01-28,0,0.599411008659456
"5142",1995-01-29,0,0.55047949774848
"5143",1995-01-30,0,0.526013742292992
"5144",1995-01-31,0,0.513780864565248
"5145",1995-02-01,0,0.526013742292992
"5146",1995-02-02,0,0.513780864565248
"5147",1995-02-03,0,0.48931510910976
"5148",1995-02-04,1.50854221243329,0.477082231382016
"5149",1995-02-05,7.77010160414377,0.464849353654272
"5150",1995-02-06,2.56544887777149,0.455063051472077
"5151",1995-02-07,0,0.445276749289882
"5152",1995-02-08,0,0.435490447107686
"5153",1995-02-09,0,0.425704144925491
"5154",1995-02-10,0,0.423257569379942
"5155",1995-02-11,0,0.430597296016589
"5156",1995-02-12,0,0.435490447107686
"5157",1995-02-13,0,0.391452087287808
"5158",1995-02-14,0,0.381665785105613
"5159",1995-02-15,0.0307105559946763,0.379219209560064
"5160",1995-02-16,2.22721890149017,0.741312390301286
"5161",1995-02-17,0,0.658128821752627
"5162",1995-02-18,0,0.552926073294029
"5163",1995-02-19,0,0.516227440110797
"5164",1995-02-20,0,0.533353468929639
"5165",1995-02-21,0,0.565158951021773
"5166",1995-02-22,0.0610900002843182,0.543139771111834
"5167",1995-02-23,0,0.499101411291955
"5168",1995-02-24,3.23032001389398,0.83672883657769
"5169",1995-02-25,0.11357111199552,0.858748016487629
"5170",1995-02-26,0,0.606750735296102
"5171",1995-02-27,0,0.506441137928602
"5172",1995-02-28,3.53684612279467,0.589624706477261
"5173",1995-03-01,2.33242943441868,0.633663066297139
"5174",1995-03-02,0,0.633663066297139
"5175",1995-03-03,0,0.667915123934823
"5176",1995-03-04,0,0.618983613023847
"5177",1995-03-05,0,0.579838404295066
"5178",1995-03-06,0.249326666706138,0.57005210211287
"5179",1995-03-07,0,0.562712375476224
"5180",1995-03-08,0.111667221838608,0.63121649075159
"5181",1995-03-09,7.65818613163631,2.32424676827136
"5182",1995-03-10,0,1.67345767315538
"5183",1995-03-11,0,0.988416520401715
"5184",1995-03-12,0,0.819602807758848
"5185",1995-03-13,0,0.751098692483482
"5186",1995-03-14,0,0.697274030481408
"5187",1995-03-15,0.101899444957574,0.660575397298176
"5188",1995-03-16,0,0.63121649075159
"5189",1995-03-17,0.566944999092155,0.616537037478298
"5190",1995-03-18,0.224162220881424,0.687487728299213
"5191",1995-03-19,0,0.633663066297139
"5192",1995-03-20,0.805427782054886,0.560265799930675
"5193",1995-03-21,8.27777759275504e-05,0.555372648839578
"5194",1995-03-22,1.69677889102035,0.579838404295066
"5195",1995-03-23,0.0690366657403195,0.535800044475187
"5196",1995-03-24,0,0.499101411291955
"5197",1995-03-25,0,0.46974250474537
"5198",1995-03-26,0,0.445276749289882
"5199",1995-03-27,0,0.42815072047104
"5200",1995-03-28,0,0.420810993834394
"5201",1995-03-29,0,0.406131540561101
"5202",1995-03-30,0,0.398791813924455
"5203",1995-03-31,0.39865777973717,0.396345238378906
"5204",1995-04-01,1.34364887819087,0.376772634014515
"5205",1995-04-02,0.169363331983901,0.359646605195674
"5206",1995-04-03,0,0.34741372746793
"5207",1995-04-04,0,0.364539756286771
"5208",1995-04-05,0.739122779188886,0.369432907377869
"5209",1995-04-06,0,0.335180849740186
"5210",1995-04-07,0,0.335180849740186
"5211",1995-04-08,0,0.352306878559027
"5212",1995-04-09,1.49869167268607,0.442830173744333
"5213",1995-04-10,2.20470333262285,0.707060332663603
"5214",1995-04-11,0.778856108565815,0.511334289019699
"5215",1995-04-12,0.221016663715554,0.413471267197747
"5216",1995-04-13,3.99601447017989,0.834282261032141
"5217",1995-04-14,0.032531666864641,0.694827454935859
"5218",1995-04-15,0.240966113727333,0.494208260200858
"5219",1995-04-16,0.119696665841465,0.423257569379942
"5220",1995-04-17,0,0.389005511742259
"5221",1995-04-18,0.370927225772808,0.374326058468966
"5222",1995-04-19,0.636643889599375,0.655682246207078
"5223",1995-04-20,3.41847386297583,0.743758965846835
"5224",1995-04-21,0,0.53090689338409
"5225",1995-04-22,1.03952333541546,0.496654835746406
"5226",1995-04-23,0,0.433043871562138
"5227",1995-04-24,0,0.393898662833357
"5228",1995-04-25,0.587142784497804,0.376772634014515
"5229",1995-04-26,0.0412233334912193,0.359646605195674
"5230",1995-04-27,0,0.342520576376832
"5231",1995-04-28,1.32146444003967,0.34741372746793
"5232",1995-04-29,2.10487333112293,0.34741372746793
"5233",1995-04-30,0,0.332734274194637
"5234",1995-05-01,4.96848778788249,0.6116438863872
"5235",1995-05-02,0.176316667119972,0.579838404295066
"5236",1995-05-03,0.0872477767064962,0.433043871562138
"5237",1995-05-04,0,0.379219209560064
"5238",1995-05-05,0.250402778194079,0.374326058468966
"5239",1995-05-06,0.345597221235433,0.411024691652198
"5240",1995-05-07,0,0.335180849740186
"5241",1995-05-08,0,0.308268518739149
"5242",1995-05-09,0,0.296035641011405
"5243",1995-05-10,0.432017222202485,0.296035641011405
"5244",1995-05-11,1.69744110866388,0.38655893619671
"5245",1995-05-12,1.52923667661349,0.411024691652198
"5246",1995-05-13,0.00405611119005414,0.352306878559027
"5247",1995-05-14,0,0.313161669830246
"5248",1995-05-15,0.97810223280059,0.369432907377869
"5249",1995-05-16,0.643100557016001,0.362093180741222
"5250",1995-05-17,0,0.322947972012442
"5251",1995-05-18,1.27494333317545,0.352306878559027
"5252",1995-05-19,0.745082781645985,0.34741372746793
"5253",1995-05-20,1.30184611884753,0.362093180741222
"5254",1995-05-21,0,0.3058219431936
"5255",1995-05-22,0,0.276463036647014
"5256",1995-05-23,0,0.254443856737075
"5257",1995-05-24,0,0.247104130100429
"5258",1995-05-25,1.5391699886322,0.276463036647014
"5259",1995-05-26,1.46011721322272,0.288695914374758
"5260",1995-05-27,0,0.254443856737075
"5261",1995-05-28,0,0.234871252372685
"5262",1995-05-29,1.6315500051313,0.261783583373722
"5263",1995-05-30,5.6264883020719,0.861194592033178
"5264",1995-05-31,0,0.552926073294029
"5265",1995-06-01,0,0.335180849740186
"5266",1995-06-02,0,0.271569885555917
"5267",1995-06-03,0,0.249550705645978
"5268",1995-06-04,0.3728311058614,0.251997281191526
"5269",1995-06-05,0.15636722250469,0.24465755455488
"5270",1995-06-06,0,0.222638374644941
"5271",1995-06-07,1.08621000122362,0.220191799099392
"5272",1995-06-08,0.125491110248905,0.247104130100429
"5273",1995-06-09,0,0.26423015891927
"5274",1995-06-10,0,0.207958921371648
"5275",1995-06-11,0.00115888889382283,0.200619194735002
"5276",1995-06-12,5.93260055208205,0.455063051472077
"5277",1995-06-13,1.4296549983422,0.406131540561101
"5278",1995-06-14,0.40569388831655,0.322947972012442
"5279",1995-06-15,0.380363888481839,0.26423015891927
"5280",1995-06-16,0,0.227531525736038
"5281",1995-06-17,0,0.205512345826099
"5282",1995-06-18,0,0.193279468098355
"5283",1995-06-19,0,0.185939741461709
"5284",1995-06-20,0,0.178600014825062
"5285",1995-06-21,0.00380777773892299,0.166367137097318
"5286",1995-06-22,0.0953600012760402,0.161473986006221
"5287",1995-06-23,0,0.159027410460672
"5288",1995-06-24,0,0.156580834915123
"5289",1995-06-25,0.770247223801082,0.261783583373722
"5290",1995-06-26,1.43453888257345,0.24465755455488
"5291",1995-06-27,2.28756388612588,0.327841123103539
"5292",1995-06-28,0,0.217745223553843
"5293",1995-06-29,0,0.173706863733965
"5294",1995-06-30,0,0.16392056155177
"5295",1995-07-01,0,0.156580834915123
"5296",1995-07-02,0.269110555461194,0.151687683824026
"5297",1995-07-03,0,0.146794532732928
"5298",1995-07-04,0,0.14190138164183
"5299",1995-07-05,0,0.139454806096282
"5300",1995-07-06,0,0.139454806096282
"5301",1995-07-07,0,0.139454806096282
"5302",1995-07-08,0.399982227852464,0.151687683824026
"5303",1995-07-09,0.0819499997563868,0.14190138164183
"5304",1995-07-10,0,0.132115079459635
"5305",1995-07-11,1.23421666291687,0.14190138164183
"5306",1995-07-12,6.72859164614148,0.313161669830246
"5307",1995-07-13,0,0.242210979009331
"5308",1995-07-14,0,0.159027410460672
"5309",1995-07-15,0,0.14190138164183
"5310",1995-07-16,0,0.127221928368538
"5311",1995-07-17,0,0.12232877727744
"5312",1995-07-18,6.43001224369473,0.376772634014515
"5313",1995-07-19,0.0235088886717955,0.256890432282624
"5314",1995-07-20,0,0.166367137097318
"5315",1995-07-21,0,0.144347957187379
"5316",1995-07-22,0.0043872220624859,0.134561655005184
"5317",1995-07-23,0,0.129668503914086
"5318",1995-07-24,3.22527054860856,0.327841123103539
"5319",1995-07-25,0.91403222680092,0.176153439279514
"5320",1995-07-26,0.0975949990058112,0.146794532732928
"5321",1995-07-27,1.12677111213737,0.137008230550733
"5322",1995-07-28,1.59728000426292,0.137008230550733
"5323",1995-07-29,3.03181889867783,0.330287698649088
"5324",1995-07-30,0.284010555143572,0.247104130100429
"5325",1995-07-31,2.45643056449832,0.156580834915123
"5326",1995-08-01,0,0.134561655005184
"5327",1995-08-02,0,0.134561655005184
"5328",1995-08-03,2.88356389994091,0.251997281191526
"5329",1995-08-04,0,0.200619194735002
"5330",1995-08-05,0.340299443267701,0.291142489920307
"5331",1995-08-06,14.2326455643972,0.919912405126349
"5332",1995-08-07,0.695664446102247,0.403684965015552
"5333",1995-08-08,0,0.22508495019049
"5334",1995-08-09,0,0.176153439279514
"5335",1995-08-10,0,0.159027410460672
"5336",1995-08-11,0,0.149241108278477
"5337",1995-08-12,0,0.144347957187379
"5338",1995-08-13,0.412895556502872,0.149241108278477
"5339",1995-08-14,0,0.134561655005184
"5340",1995-08-15,0.00165555559564382,0.127221928368538
"5341",1995-08-16,0,0.12232877727744
"5342",1995-08-17,0,0.119882201731891
"5343",1995-08-18,0,0.112542475095245
"5344",1995-08-19,0,0.10275617291305
"5345",1995-08-20,0,0.100309597367501
"5346",1995-08-21,0,0.100309597367501
"5347",1995-08-22,0,0.10275617291305
"5348",1995-08-23,0,0.100309597367501
"5349",1995-08-24,0,0.0954164462764032
"5350",1995-08-25,0,0.0929698707308544
"5351",1995-08-26,0,0.0807369930031104
"5352",1995-08-27,0,0.085630144094208
"5353",1995-08-28,0,0.0905232951853056
"5354",1995-08-29,0,0.0905232951853056
"5355",1995-08-30,0,0.0880767196397568
"5356",1995-08-31,0,0.0831835685486592
"5357",1995-09-01,0.587722225182586,0.0954164462764032
"5358",1995-09-02,0,0.0905232951853056
"5359",1995-09-03,0,0.0831835685486592
"5360",1995-09-04,0,0.0807369930031104
"5361",1995-09-05,0,0.0831835685486592
"5362",1995-09-06,0,0.0831835685486592
"5363",1995-09-07,0,0.0831835685486592
"5364",1995-09-08,0,0.085630144094208
"5365",1995-09-09,0,0.085630144094208
"5366",1995-09-10,0,0.0880767196397568
"5367",1995-09-11,0,0.0831835685486592
"5368",1995-09-12,0,0.0807369930031104
"5369",1995-09-13,0.276974444020126,0.0905232951853056
"5370",1995-09-14,1.3513472320901,0.10275617291305
"5371",1995-09-15,0.000413888895056315,0.0929698707308544
"5372",1995-09-16,0,0.085630144094208
"5373",1995-09-17,0.598069448992921,0.357200029650125
"5374",1995-09-18,11.6873116931915,0.374326058468966
"5375",1995-09-19,0,0.18349316591616
"5376",1995-09-20,0,0.129668503914086
"5377",1995-09-21,0,0.117435626186342
"5378",1995-09-22,0.0344355553409292,0.149241108278477
"5379",1995-09-23,4.58423333164346,0.335180849740186
"5380",1995-09-24,0,0.185939741461709
"5381",1995-09-25,2.3743977760805,0.137008230550733
"5382",1995-09-26,4.52463329701952,0.185939741461709
"5383",1995-09-27,0.830178336964713,0.181046590370611
"5384",1995-09-28,0,0.144347957187379
"5385",1995-09-29,0,0.12232877727744
"5386",1995-09-30,0,0.110095899549696
"5387",1995-10-01,0,0.110095899549696
"5388",1995-10-02,0,0.107649324004147
"5389",1995-10-03,0,0.107649324004147
"5390",1995-10-04,0.0129133331834649,0.100309597367501
"5391",1995-10-05,1.04018556218677,0.0954164462764032
"5392",1995-10-06,22.3412253863017,0.79513705230336
"5393",1995-10-07,0.178634445478105,0.48931510910976
"5394",1995-10-08,0.016721111199922,0.330287698649088
"5395",1995-10-09,0,0.251997281191526
"5396",1995-10-10,0,0.20306577028055
"5397",1995-10-11,0,0.171260288188416
"5398",1995-10-12,0,0.161473986006221
"5399",1995-10-13,0,0.151687683824026
"5400",1995-10-14,0,0.185939741461709
"5401",1995-10-15,10.9498444697062,1.16946311077233
"5402",1995-10-16,4.36412723040145,0.687487728299213
"5403",1995-10-17,0,0.327841123103539
"5404",1995-10-18,0,0.239764403463782
"5405",1995-10-19,0,0.207958921371648
"5406",1995-10-20,0,0.205512345826099
"5407",1995-10-21,5.05018945360185,1.0226685780394
"5408",1995-10-22,10.5276777398851,1.5388960181502
"5409",1995-10-23,5.42037164838456,0.822049383304397
"5410",1995-10-24,0,0.459956202563174
"5411",1995-10-25,0,0.364539756286771
"5412",1995-10-26,0,0.315608245375795
"5413",1995-10-27,0,0.291142489920307
"5414",1995-10-28,9.14959329528278,1.68813712642867
"5415",1995-10-29,2.79424667754107,1.35050970114294
"5416",1995-10-30,4.0427011229131,0.704613757118055
"5417",1995-10-31,0,0.484421958018663
"5418",1995-11-01,0.0312072227427528,0.40857811610665
"5419",1995-11-02,3.70985165940391,0.697274030481408
"5420",1995-11-03,2.95028280809191,0.721739785936896
"5421",1995-11-04,0.155456665705165,0.538246620020736
"5422",1995-11-05,0,0.42815072047104
"5423",1995-11-06,0,0.384112360651162
"5424",1995-11-07,0,0.477082231382016
"5425",1995-11-08,5.71116997284359,0.748652116937933
"5426",1995-11-09,0,0.574945253203968
"5427",1995-11-10,0,0.433043871562138
"5428",1995-11-11,0.0697816664945956,0.396345238378906
"5429",1995-11-12,13.7933439002567,1.79578645043282
"5430",1995-11-13,3.52293941126246,2.00129879625892
"5431",1995-11-14,1.16956721401215,1.17190968631788
"5432",1995-11-15,9.47863496589661,1.97438646525788
"5433",1995-11-16,0.0331938886865973,1.65877821988209
"5434",1995-11-17,0,1.01043570031165
"5435",1995-11-18,0,0.802476778940006
"5436",1995-11-19,0.722981113360987,0.800030203394458
"5437",1995-11-20,0.793921668132664,0.760884994665677
"5438",1995-11-21,0.000744999998766515,0.665468548389274
"5439",1995-11-22,0,0.606750735296102
"5440",1995-11-23,0,0.557819224385127
"5441",1995-11-24,0,0.523567166747443
"5442",1995-11-25,0,0.486868533564211
"5443",1995-11-26,0,0.457509627017626
"5444",1995-11-27,0,0.442830173744333
"5445",1995-11-28,0,0.425704144925491
"5446",1995-11-29,2.05189557229148,0.418364418288845
"5447",1995-11-30,0.394518890092771,0.418364418288845
"5448",1995-12-01,0.231529446161456,0.420810993834394
"5449",1995-12-02,0.0629111111851203,0.452616475926528
"5450",1995-12-03,0,0.415917842743296
"5451",1995-12-04,0.219526667187197,0.406131540561101
"5452",1995-12-05,0,0.38655893619671
"5453",1995-12-06,0.976777780368096,0.48931510910976
"5454",1995-12-07,0,0.455063051472077
"5455",1995-12-08,0,0.391452087287808
"5456",1995-12-09,0.300400552834489,0.364539756286771
"5457",1995-12-10,2.38110278004739,0.344967151922381
"5458",1995-12-11,1.54844110863304,0.330287698649088
"5459",1995-12-12,0,0.315608245375795
"5460",1995-12-13,0,0.3058219431936
"5461",1995-12-14,0.0003311111037102,0.296035641011405
"5462",1995-12-15,4.86253221495945,0.291142489920307
"5463",1995-12-16,0,0.281356187738112
"5464",1995-12-17,0.0417200004243189,0.276463036647014
"5465",1995-12-18,0.133272223159671,0.271569885555917
"5466",1995-12-19,0,0.266676734464819
"5467",1995-12-20,4.25941331312392,0.26423015891927
"5468",1995-12-21,1.05856222711669,0.261783583373722
"5469",1995-12-22,0.0759899997045804,0.256890432282624
"5470",1995-12-23,0.000662222222838965,0.249550705645978
"5471",1995-12-24,0.0013244444148408,0.24465755455488
"5472",1995-12-25,0,0.242210979009331
"5473",1995-12-26,0,0.239764403463782
"5474",1995-12-27,0,0.237317827918234
"5475",1995-12-28,0,0.234871252372685
"5476",1995-12-29,0,0.232424676827136
"5477",1995-12-30,0,0.229978101281587
"5478",1995-12-31,0,0.227531525736038
"5479",1996-01-01,0,0.222638374644941
"5480",1996-01-02,0,0.220191799099392
"5481",1996-01-03,4.96641831186081,0.217745223553843
"5482",1996-01-04,2.56337942534023,0.215298648008294
"5483",1996-01-05,0.0123338887057164,0.212852072462746
"5484",1996-01-06,0,0.210405496917197
"5485",1996-01-07,0.0004966666555653,0.210405496917197
"5486",1996-01-08,7.92307499684227,0.210405496917197
"5487",1996-01-09,3.78087496447563,0.210405496917197
"5488",1996-01-10,0.767681105269327,0.210405496917197
"5489",1996-01-11,0.00413888876554037,0.207958921371648
"5490",1996-01-12,0,0.207958921371648
"5491",1996-01-13,4.15726556171311,0.205512345826099
"5492",1996-01-14,0.35172278023118,0.205512345826099
"5493",1996-01-15,0,0.205512345826099
"5494",1996-01-16,1.638834437849,0.205512345826099
"5495",1996-01-17,0.0554611106886424,0.20306577028055
"5496",1996-01-18,0.0998300003589443,0.42815072047104
"5497",1996-01-19,2.17523444223404,2.03799742944215
"5498",1996-01-20,4.62106943852371,4.11024691652198
"5499",1996-01-21,0.000662222222838965,2.47104130100429
"5500",1996-01-22,3.17841836480817,1.2232877727744
"5501",1996-01-23,0,0.875874045306471
"5502",1996-01-24,0.0256611106608891,1.68813712642867
"5503",1996-01-25,6.40997997347514,2.98482216556954
"5504",1996-01-26,0.225155553729998,1.82759193252495
"5505",1996-01-27,1.34869833536612,2.35360567481795
"5506",1996-01-28,6.1862317015595,5.26013742292992
"5507",1996-01-29,5.43643055259518,3.13161669830246
"5508",1996-01-30,0.481683887388972,1.86673714125373
"5509",1996-01-31,0.00107611108705815,1.47039190287483
"5510",1996-02-01,0.310168334063557,1.07649324004147
"5511",1996-02-02,0.289970555812121,0.905232951853056
"5512",1996-02-03,2.81080220003923,0.831835685486592
"5513",1996-02-04,0.312486112375432,0.758438419120128
"5514",1996-02-05,0.92727667091849,0.709506908209152
"5515",1996-02-06,0.00157277774262345,0.660575397298176
"5516",1996-02-07,0,0.636109641842688
"5517",1996-02-08,1.13529722301165,0.6116438863872
"5518",1996-02-09,1.71192722964287,0.851408289850982
"5519",1996-02-10,0,0.888106923034215
"5520",1996-02-11,0.100657778395754,0.817156232213299
"5521",1996-02-12,0.0168866666592658,0.787797325666714
"5522",1996-02-13,0.231198334718537,0.606750735296102
"5523",1996-02-14,0.0255783335171226,0.538246620020736
"5524",1996-02-15,1.33528833285968,0.501547986837504
"5525",1996-02-16,0,0.477082231382016
"5526",1996-02-17,2.62744945354263,0.452616475926528
"5527",1996-02-18,0.00951944427792397,0.440383598198784
"5528",1996-02-19,0,0.42815072047104
"5529",1996-02-20,1.24961333765793,0.48931510910976
"5530",1996-02-21,2.05918000584179,1.20860831950111
"5531",1996-02-22,2.53548333096504,1.50953711160361
"5532",1996-02-23,0.334256665224106,1.37742203214397
"5533",1996-02-24,0.88969555090285,1.31136449241416
"5534",1996-02-25,0.268696666828253,1.2281809238655
"5535",1996-02-26,0.446834446930535,0.9174658295808
"5536",1996-02-27,0,0.780457599030067
"5537",1996-02-28,1.61052444002363,0.770671296847872
"5538",1996-02-29,0,0.724186361482445
"5539",1996-03-01,0,0.623876764114944
"5540",1996-03-02,0.540621668243678,0.587178130931712
"5541",1996-03-03,1.62285832590775,0.562712375476224
"5542",1996-03-04,0.863289440104428,0.538246620020736
"5543",1996-03-05,0.0840194442470869,0.513780864565248
"5544",1996-03-06,2.97726834185918,1.09606584440586
"5545",1996-03-07,4.6740472348531,1.27711243477647
"5546",1996-03-08,5.56432219696046,0.963950764946227
"5547",1996-03-09,0.483670556848248,0.709506908209152
"5548",1996-03-10,0.00331111122212475,0.636109641842688
"5549",1996-03-11,0.271925001184146,0.6116438863872
"5550",1996-03-12,0,0.599411008659456
"5551",1996-03-13,0,0.709506908209152
"5552",1996-03-14,0,0.839175412123239
"5553",1996-03-15,0,0.919912405126349
"5554",1996-03-16,0.501964443555101,0.932145282854093
"5555",1996-03-17,0.00877444437166884,0.780457599030067
"5556",1996-03-18,0.00430444450241825,0.682594577208115
"5557",1996-03-19,0,0.633663066297139
"5558",1996-03-20,3.44471442360347,0.890553498579763
"5559",1996-03-21,0.292619443901711,0.873427469760922
"5560",1996-03-22,0.0809566669232317,0.704613757118055
"5561",1996-03-23,0,0.609197310841651
"5562",1996-03-24,0,0.545586346657383
"5563",1996-03-25,0,0.516227440110797
"5564",1996-03-26,0.00637388871558425,0.491761684655309
"5565",1996-03-27,0,0.459956202563174
"5566",1996-03-28,0,0.435490447107686
"5567",1996-03-29,0.129795556555295,0.433043871562138
"5568",1996-03-30,0,0.42815072047104
"5569",1996-03-31,0,0.40857811610665
"5570",1996-04-01,0,0.413471267197747
"5571",1996-04-02,7.25762443844477,1.13276447758909
"5572",1996-04-03,0,0.861194592033178
"5573",1996-04-04,0,0.572498677658419
"5574",1996-04-05,0.234840555502516,0.506441137928602
"5575",1996-04-06,0.00703611109260882,0.481975382473114
"5576",1996-04-07,0.238565559042618,0.48931510910976
"5577",1996-04-08,3.44123779577681,0.741312390301286
"5578",1996-04-09,0.256776665737852,0.685041152753664
"5579",1996-04-10,5.3606061202685,0.998202822583911
"5580",1996-04-11,0.302469999560879,1.24530695268434
"5581",1996-04-12,0.0138238888265979,1.04958090904044
"5582",1996-04-13,1.16369000232882,1.09851241995141
"5583",1996-04-14,0.317038891022817,0.919912405126349
"5584",1996-04-15,1.81755165821976,0.763331570211226
"5585",1996-04-16,12.7904083775414,5.96964433113907
"5586",1996-04-17,18.1848706654443,5.89624706477261
"5587",1996-04-18,0,2.98482216556954
"5588",1996-04-19,0,1.92300837880136
"5589",1996-04-20,0,1.51198368714916
"5590",1996-04-21,0,1.27466585923093
"5591",1996-04-22,0,1.07649324004147
"5592",1996-04-23,0,0.998202822583911
"5593",1996-04-24,0.375976665571333,0.929698707308544
"5594",1996-04-25,0,0.841621987668787
"5595",1996-04-26,0,0.819602807758848
"5596",1996-04-27,0.67877777506411,0.819602807758848
"5597",1996-04-28,0,0.729079512573542
"5598",1996-04-29,0.418772773613532,0.790243901212262
"5599",1996-04-30,5.6593511215316,1.09851241995141
"5600",1996-05-01,3.37708501405186,1.29179188804977
"5601",1996-05-02,0,0.993309671492813
"5602",1996-05-03,0,0.807369930031104
"5603",1996-05-04,0.422580557411951,0.797583627848909
"5604",1996-05-05,0.0450311113226538,0.73397266366464
"5605",1996-05-06,1.60249499336878,0.719293210391347
"5606",1996-05-07,1.06683999897374,0.719293210391347
"5607",1996-05-08,0.431023886856106,0.65323567066153
"5608",1996-05-09,0.0657255557516796,0.616537037478298
"5609",1996-05-10,1.09010055208206,0.660575397298176
"5610",1996-05-11,0.433010557872656,0.736419239210189
"5611",1996-05-12,5.44321837817297,1.38231518323507
"5612",1996-05-13,1.66946219149056,1.00554254922056
"5613",1996-05-14,0,0.731526088119091
"5614",1996-05-15,0,0.645895944024883
"5615",1996-05-16,0.026985555599961,0.702167181572506
"5616",1996-05-17,6.0825111363729,0.9174658295808
"5617",1996-05-18,0.00951944432417965,0.895446649670861
"5618",1996-05-19,0.861385556377057,0.878320620852019
"5619",1996-05-20,0.12226277806703,0.694827454935859
"5620",1996-05-21,0.0351805554476258,0.643449368479335
"5621",1996-05-22,2.27531279459265,0.621430188569395
"5622",1996-05-23,0,0.552926073294029
"5623",1996-05-24,0.134596666587724,0.496654835746406
"5624",1996-05-25,0,0.457509627017626
"5625",1996-05-26,0,0.42815072047104
"5626",1996-05-27,0.114398887580778,0.413471267197747
"5627",1996-05-28,0,0.403684965015552
"5628",1996-05-29,0,0.393898662833357
"5629",1996-05-30,0.0591861108829164,0.38655893619671
"5630",1996-05-31,0.510490557112213,0.374326058468966
"5631",1996-06-01,0,0.349860303013478
"5632",1996-06-02,0,0.335180849740186
"5633",1996-06-03,0,0.440383598198784
"5634",1996-06-04,7.80048111237421,0.736419239210189
"5635",1996-06-05,0.316459445604536,0.523567166747443
"5636",1996-06-06,0,0.393898662833357
"5637",1996-06-07,0,0.349860303013478
"5638",1996-06-08,0,0.322947972012442
"5639",1996-06-09,0,0.3058219431936
"5640",1996-06-10,0.172839998711625,0.411024691652198
"5641",1996-06-11,3.38908777446218,0.403684965015552
"5642",1996-06-12,0,0.337627425285734
"5643",1996-06-13,0.0451966668282531,0.313161669830246
"5644",1996-06-14,0,0.296035641011405
"5645",1996-06-15,0,0.276463036647014
"5646",1996-06-16,0,0.259337007828173
"5647",1996-06-17,0,0.254443856737075
"5648",1996-06-18,2.03136666350895,0.310715094284698
"5649",1996-06-19,0.152145556672476,0.3058219431936
"5650",1996-06-20,3.57219223769506,0.357200029650125
"5651",1996-06-21,0.81213278875086,0.315608245375795
"5652",1996-06-22,0,0.283802763283661
"5653",1996-06-23,0.0766522225133246,0.26423015891927
"5654",1996-06-24,0,0.249550705645978
"5655",1996-06-25,0.640617218156655,0.24465755455488
"5656",1996-06-26,0,0.242210979009331
"5657",1996-06-27,0,0.222638374644941
"5658",1996-06-28,1.32899722774824,0.232424676827136
"5659",1996-06-29,0,0.22508495019049
"5660",1996-06-30,0.327220555195379,0.217745223553843
"5661",1996-07-01,1.07081333641211,0.229978101281587
"5662",1996-07-02,0,0.22508495019049
"5663",1996-07-03,2.65724947544932,0.40857811610665
"5664",1996-07-04,2.89482169165214,0.455063051472077
"5665",1996-07-05,3.12246056179205,0.28624933882921
"5666",1996-07-06,0.00637388913188542,0.232424676827136
"5667",1996-07-07,0,0.210405496917197
"5668",1996-07-08,0,0.20306577028055
"5669",1996-07-09,2.62198612295257,0.271569885555917
"5670",1996-07-10,4.7747877989345,0.406131540561101
"5671",1996-07-11,0,0.308268518739149
"5672",1996-07-12,0,0.222638374644941
"5673",1996-07-13,3.82284333870147,1.29179188804977
"5674",1996-07-14,14.0248733784888,1.76642754388623
"5675",1996-07-15,6.44681614418824,0.844068563214336
"5676",1996-07-16,1.39927556116051,0.484421958018663
"5677",1996-07-17,0.0133272223097996,0.389005511742259
"5678",1996-07-18,0.107776668312752,0.340074000831283
"5679",1996-07-19,0.0262405553236604,0.379219209560064
"5680",1996-07-20,2.67628834174077,0.369432907377869
"5681",1996-07-21,0,0.288695914374758
"5682",1996-07-22,0,0.259337007828173
"5683",1996-07-23,0.118041111726003,0.322947972012442
"5684",1996-07-24,2.36918279782931,0.335180849740186
"5685",1996-07-25,0,0.283802763283661
"5686",1996-07-26,3.66159224322108,0.6116438863872
"5687",1996-07-27,1.27130111368663,0.491761684655309
"5688",1996-07-28,0,0.330287698649088
"5689",1996-07-29,0.917426101213011,0.276463036647014
"5690",1996-07-30,1.48635777940104,0.256890432282624
"5691",1996-07-31,0.209262222740903,0.3058219431936
"5692",1996-08-01,2.54425777098868,0.354753454104576
"5693",1996-08-02,0.0797150000530398,0.300928792102502
"5694",1996-08-03,0,0.26423015891927
"5695",1996-08-04,0,0.247104130100429
"5696",1996-08-05,0.195190003084329,0.237317827918234
"5697",1996-08-06,0.172922778168176,0.22508495019049
"5698",1996-08-07,0,0.215298648008294
"5699",1996-08-08,0,0.207958921371648
"5700",1996-08-09,0,0.220191799099392
"5701",1996-08-10,0.695002217203171,0.269123310010368
"5702",1996-08-11,0,0.229978101281587
"5703",1996-08-12,1.96555833032055,0.200619194735002
"5704",1996-08-13,2.29310999589496,0.342520576376832
"5705",1996-08-14,2.46247331375546,0.322947972012442
"5706",1996-08-15,0,0.242210979009331
"5707",1996-08-16,0,0.212852072462746
"5708",1996-08-17,0.0695333337527182,0.20306577028055
"5709",1996-08-18,0,0.195726043643904
"5710",1996-08-19,0,0.185939741461709
"5711",1996-08-20,0,0.178600014825062
"5712",1996-08-21,0,0.178600014825062
"5713",1996-08-22,0.0161416666296621,0.176153439279514
"5714",1996-08-23,0,0.173706863733965
"5715",1996-08-24,1.55978166055845,0.239764403463782
"5716",1996-08-25,0.276726110661506,0.24465755455488
"5717",1996-08-26,2.0827716674635,0.200619194735002
"5718",1996-08-27,0,0.24465755455488
"5719",1996-08-28,1.35598277906184,0.220191799099392
"5720",1996-08-29,0,0.181046590370611
"5721",1996-08-30,0,0.171260288188416
"5722",1996-08-31,0,0.166367137097318
"5723",1996-09-01,0,0.161473986006221
"5724",1996-09-02,0,0.161473986006221
"5725",1996-09-03,0,0.159027410460672
"5726",1996-09-04,0.00455277781478232,0.156580834915123
"5727",1996-09-05,0,0.156580834915123
"5728",1996-09-06,0,0.156580834915123
"5729",1996-09-07,1.17519611726867,0.173706863733965
"5730",1996-09-08,1.68245833037297,0.288695914374758
"5731",1996-09-09,0.310582220614991,0.234871252372685
"5732",1996-09-10,0.890937216755417,0.24465755455488
"5733",1996-09-11,0,0.207958921371648
"5734",1996-09-12,0,0.181046590370611
"5735",1996-09-13,0.68018500013815,0.181046590370611
"5736",1996-09-14,3.30862776337068,0.215298648008294
"5737",1996-09-15,0,0.198172619189453
"5738",1996-09-16,0.608251111577368,0.178600014825062
"5739",1996-09-17,3.70182223643196,0.349860303013478
"5740",1996-09-18,14.498362218433,1.78110699715953
"5741",1996-09-19,4.0986588877837,1.22084119722885
"5742",1996-09-20,0,0.484421958018663
"5743",1996-09-21,0,0.32539454755799
"5744",1996-09-22,0.00264888896844867,0.349860303013478
"5745",1996-09-23,6.04641995705498,0.521120591201894
"5746",1996-09-24,0,0.381665785105613
"5747",1996-09-25,1.50523111040062,0.354753454104576
"5748",1996-09-26,0,0.293589065465856
"5749",1996-09-27,0.107031665091506,0.259337007828173
"5750",1996-09-28,0,0.249550705645978
"5751",1996-09-29,6.05850553660924,0.535800044475187
"5752",1996-09-30,1.35606553984651,0.440383598198784
"5753",1996-10-01,0,0.303375367648051
"5754",1996-10-02,0,0.269123310010368
"5755",1996-10-03,0.944494446615379,0.276463036647014
"5756",1996-10-04,0,0.242210979009331
"5757",1996-10-05,0,0.222638374644941
"5758",1996-10-06,0,0.215298648008294
"5759",1996-10-07,0,0.215298648008294
"5760",1996-10-08,0,0.472189080290918
"5761",1996-10-09,17.1926132941776,1.72728233515745
"5762",1996-10-10,1.41963888494174,1.03245488022159
"5763",1996-10-11,0.568600556029213,0.614090461932749
"5764",1996-10-12,0,0.452616475926528
"5765",1996-10-13,0.00662222218213394,0.389005511742259
"5766",1996-10-14,0,0.364539756286771
"5767",1996-10-15,0,0.335180849740186
"5768",1996-10-16,0,0.313161669830246
"5769",1996-10-17,0,0.300928792102502
"5770",1996-10-18,0,0.291142489920307
"5771",1996-10-19,0.775793329499661,0.973737067128423
"5772",1996-10-20,34.5709798787435,4.8931510910976
"5773",1996-10-21,2.48176053534614,3.91452087287808
"5774",1996-10-22,1.40142777343591,1.96460016307569
"5775",1996-10-23,0,1.25753983041208
"5776",1996-10-24,0.653447777264649,1.10585214658806
"5777",1996-10-25,0,0.902786376307507
"5778",1996-10-26,0,0.79513705230336
"5779",1996-10-27,0,0.729079512573542
"5780",1996-10-28,0,0.765778145756775
"5781",1996-10-29,2.10743944965468,0.755991843574579
"5782",1996-10-30,0,0.699720606026957
"5783",1996-10-31,1.26343722909027,0.645895944024883
"5784",1996-11-01,0,0.584731555386163
"5785",1996-11-02,0,0.528460317838541
"5786",1996-11-03,0,0.486868533564211
"5787",1996-11-04,0,0.467295929199821
"5788",1996-11-05,0,0.457509627017626
"5789",1996-11-06,0,0.44772332483543
"5790",1996-11-07,0.263067778774434,0.440383598198784
"5791",1996-11-08,4.79059832954407,1.00798912476611
"5792",1996-11-09,14.3641794482337,2.4465755455488
"5793",1996-11-10,0.990518889599375,2.19947141544837
"5794",1996-11-11,0,1.2135014705922
"5795",1996-11-12,4.41346279755917,0.893000074125312
"5796",1996-11-13,0,0.765778145756775
"5797",1996-11-14,0,0.69238087939031
"5798",1996-11-15,0,0.641002792933786
"5799",1996-11-16,0,0.59207128202281
"5800",1996-11-17,0,0.565158951021773
"5801",1996-11-18,0,0.552926073294029
"5802",1996-11-19,0.229791111032168,0.540693195566285
"5803",1996-11-20,0.144281668437334,0.521120591201894
"5804",1996-11-21,0,0.494208260200858
"5805",1996-11-22,0,0.472189080290918
"5806",1996-11-23,0,0.452616475926528
"5807",1996-11-24,0,0.437937022653235
"5808",1996-11-25,0.30528444443581,0.42815072047104
"5809",1996-11-26,9.13378279230329,1.94258098316575
"5810",1996-11-27,7.27037221590679,1.85939741461709
"5811",1996-11-28,0,0.981076793765069
"5812",1996-11-29,0,0.731526088119091
"5813",1996-11-30,0,0.650789095115981
"5814",1996-12-01,1.62931499936845,1.00798912476611
"5815",1996-12-02,17.8311612247891,4.23257569379942
"5816",1996-12-03,0.0234261111734021,3.30287698649088
"5817",1996-12-04,0.0200322225453953,1.69792342861087
"5818",1996-12-05,0.56835222293271,1.25509325486653
"5819",1996-12-06,3.63212330744001,1.62207958669885
"5820",1996-12-07,7.25630000315773,1.87897001898148
"5821",1996-12-08,8.99504728221894,2.05512345826099
"5822",1996-12-09,5.0994421830671,1.73217548624855
"5823",1996-12-10,0,1.3187042190508
"5824",1996-12-11,0.04420333300831,1.15723023304458
"5825",1996-12-12,1.76929221638044,1.41656724087276
"5826",1996-12-13,1.01146166319317,1.74440836397629
"5827",1996-12-14,0.45279444181712,1.82269878143386
"5828",1996-12-15,0.442364446830005,1.88630974561813
"5829",1996-12-16,1.16037888648113,1.59516725569782
"5830",1996-12-17,2.10876389283604,2.00619194735002
"5831",1996-12-18,4.61486112689971,2.38785773245563
"5832",1996-12-19,0.942507774935827,2.02821112725996
"5833",1996-12-20,1.61540833214919,1.89609604780032
"5834",1996-12-21,0,1.41656724087276
"5835",1996-12-22,0,1.15478365749903
"5836",1996-12-23,1.46690499479593,1.06181378676818
"5837",1996-12-24,0,1.07649324004147
"5838",1996-12-25,1.47005055869971,1.46305217623818
"5839",1996-12-26,0.647901672676204,1.16701653522678
"5840",1996-12-27,0,0.966397340491776
"5841",1996-12-28,0,0.885660347488666
"5842",1996-12-29,0.233681663494143,0.880767196397568
"5843",1996-12-30,1.03281834106975,0.922358980671898
"5844",1996-12-31,0.00198666668393546,0.807369930031104
"5845",1997-01-01,0.19957722187808,0.707060332663603
"5846",1997-01-02,1.28702889102035,0.689934303844762
"5847",1997-01-03,0.185836112307592,0.729079512573542
"5848",1997-01-04,0.00488388890307396,0.758438419120128
"5849",1997-01-05,0.0260749999414095,0.716846634845798
"5850",1997-01-06,0.41852444446418,0.702167181572506
"5851",1997-01-07,0,0.638556217388237
"5852",1997-01-08,0,0.587178130931712
"5853",1997-01-09,0.016721110953225,0.552926073294029
"5854",1997-01-10,1.4818877855142,0.582284979840614
"5855",1997-01-11,0.278381667737332,0.594517857568358
"5856",1997-01-12,0.0003311111037102,0.53090689338409
"5857",1997-01-13,0.0452794441570424,0.494208260200858
"5858",1997-01-14,0,0.479528806927565
"5859",1997-01-15,0.0317866667425259,0.462402778108723
"5860",1997-01-16,2.09816833751731,1.39944121205391
"5861",1997-01-17,6.29657442739275,1.40678093869056
"5862",1997-01-18,0,0.660575397298176
"5863",1997-01-19,0,0.55047949774848
"5864",1997-01-20,0,0.501547986837504
"5865",1997-01-21,0,0.477082231382016
"5866",1997-01-22,0,0.464849353654272
"5867",1997-01-23,0.83092333428065,0.609197310841651
"5868",1997-01-24,0,0.548032922202931
"5869",1997-01-25,11.3459360605876,3.10715094284698
"5870",1997-01-26,0.00620833339500758,2.16766593335624
"5871",1997-01-27,3.71308002809693,1.03490145576714
"5872",1997-01-28,3.73178776735729,1.69303027751977
"5873",1997-01-29,1.36426055705547,1.57804122687898
"5874",1997-01-30,0,0.934591858399642
"5875",1997-01-31,0.0259922222117376,0.763331570211226
"5876",1997-02-01,1.55059333475431,0.817156232213299
"5877",1997-02-02,0.239062222229006,0.831835685486592
"5878",1997-02-03,0.217871112084948,0.731526088119091
"5879",1997-02-04,0.0187905556289479,0.682594577208115
"5880",1997-02-05,5.72267614205677,1.96460016307569
"5881",1997-02-06,0.87107055571344,1.90832892552806
"5882",1997-02-07,0,1.11563844877025
"5883",1997-02-08,0,0.861194592033178
"5884",1997-02-09,0,0.753545268029031
"5885",1997-02-10,0,0.682594577208115
"5886",1997-02-11,0,0.638556217388237
"5887",1997-02-12,0.314058887388972,0.618983613023847
"5888",1997-02-13,0.0706922224923556,0.589624706477261
"5889",1997-02-14,1.00376333621475,0.785350750121165
"5890",1997-02-15,4.75980498610602,0.995756247038362
"5891",1997-02-16,0.570256117098446,0.875874045306471
"5892",1997-02-17,1.0404338765343,0.699720606026957
"5893",1997-02-18,0.067132778405005,0.641002792933786
"5894",1997-02-19,0,0.667915123934823
"5895",1997-02-20,0,0.685041152753664
"5896",1997-02-21,1.74429333395563,0.633663066297139
"5897",1997-02-22,1.03381166835222,0.65323567066153
"5898",1997-02-23,0,0.628769915206042
"5899",1997-02-24,0,0.565158951021773
"5900",1997-02-25,0,0.516227440110797
"5901",1997-02-26,0,0.494208260200858
"5902",1997-02-27,0.403044998500083,0.528460317838541
"5903",1997-02-28,0,0.518674015656346
"5904",1997-03-01,0,0.481975382473114
"5905",1997-03-02,0.47729666454014,0.548032922202931
"5906",1997-03-03,0.369602776701563,0.562712375476224
"5907",1997-03-04,1.70654666540358,0.567605526567322
"5908",1997-03-05,0.275401667110104,0.567605526567322
"5909",1997-03-06,2.22697056123945,0.773117872393421
"5910",1997-03-07,0.00380777775434157,0.677701426117018
"5911",1997-03-08,0.00157277772720489,0.548032922202931
"5912",1997-03-09,0.0113405556104456,0.50888771347415
"5913",1997-03-10,2.81527220959134,0.623876764114944
"5914",1997-03-11,0.0468522224238969,0.743758965846835
"5915",1997-03-12,0,0.626323339660493
"5916",1997-03-13,0,0.535800044475187
"5917",1997-03-14,0.142294999826079,0.670361699480371
"5918",1997-03-15,4.16107329893205,1.59027410460672
"5919",1997-03-16,0,1.16456995968123
"5920",1997-03-17,3.05979774842577,0.797583627848909
"5921",1997-03-18,0,0.694827454935859
"5922",1997-03-19,0,0.636109641842688
"5923",1997-03-20,0.906085564490303,0.623876764114944
"5924",1997-03-21,0.220437223986722,0.643449368479335
"5925",1997-03-22,2.61354278027929,0.707060332663603
"5926",1997-03-23,0,0.638556217388237
"5927",1997-03-24,0.193286112696139,0.543139771111834
"5928",1997-03-25,0,0.513780864565248
"5929",1997-03-26,3.91398163445791,0.643449368479335
"5930",1997-03-27,0,0.643449368479335
"5931",1997-03-28,0,0.535800044475187
"5932",1997-03-29,0,0.506441137928602
"5933",1997-03-30,0.398161110568378,0.555372648839578
"5934",1997-03-31,2.82404668119219,1.2281809238655
"5935",1997-04-01,15.9016938276291,1.99151249407672
"5936",1997-04-02,0,1.66611794651873
"5937",1997-04-03,0,1.50464396051251
"5938",1997-04-04,0,1.31381106795971
"5939",1997-04-05,0.0126649999019379,1.15233708195349
"5940",1997-04-06,0.489630550609281,0.983523369310618
"5941",1997-04-07,0,0.890553498579763
"5942",1997-04-08,0,0.790243901212262
"5943",1997-04-09,0,0.702167181572506
"5944",1997-04-10,0,0.643449368479335
"5945",1997-04-11,0,0.623876764114944
"5946",1997-04-12,0,0.716846634845798
"5947",1997-04-13,7.15911886236403,1.45081929851044
"5948",1997-04-14,3.62889500086837,1.11563844877025
"5949",1997-04-15,0,0.77556444793897
"5950",1997-04-16,0,0.680148001662567
"5951",1997-04-17,8.27777759275504e-05,0.655682246207078
"5952",1997-04-18,2.77711167266634,1.10585214658806
"5953",1997-04-19,6.14798829417758,1.37986860768952
"5954",1997-04-20,0.00728444448206574,1.04468775794934
"5955",1997-04-21,2.14261997420351,0.819602807758848
"5956",1997-04-22,0,0.736419239210189
"5957",1997-04-23,0,0.67280827502592
"5958",1997-04-24,0,0.623876764114944
"5959",1997-04-25,0,0.584731555386163
"5960",1997-04-26,0.635484999657091,0.55047949774848
"5961",1997-04-27,0,0.521120591201894
"5962",1997-04-28,3.58858221022289,0.726632937027994
"5963",1997-04-29,2.15859611884753,0.85630144094208
"5964",1997-04-30,0,0.638556217388237
"5965",1997-05-01,0.0188733332352713,0.565158951021773
"5966",1997-05-02,2.25585999984211,0.660575397298176
"5967",1997-05-03,0,1.08138639113257
"5968",1997-05-04,7.8293705075582,1.42635354305495
"5969",1997-05-05,0,1.01043570031165
"5970",1997-05-06,0.49252777648262,0.870980894215373
"5971",1997-05-07,2.53465554213524,0.902786376307507
"5972",1997-05-08,0,0.746205541392384
"5973",1997-05-09,0.696243889994091,0.682594577208115
"5974",1997-05-10,0.510573330678873,0.670361699480371
"5975",1997-05-11,0.00132444446109649,0.618983613023847
"5976",1997-05-12,0.00711888903814058,0.577391828749517
"5977",1997-05-13,0,0.545586346657383
"5978",1997-05-14,0.165638333840296,0.533353468929639
"5979",1997-05-15,0.073837777607557,0.518674015656346
"5980",1997-05-16,0.0169694444351933,0.496654835746406
"5981",1997-05-17,0.00413888895056315,0.474635655836467
"5982",1997-05-18,0.102975555134937,0.459956202563174
"5983",1997-05-19,3.30275054576663,0.533353468929639
"5984",1997-05-20,5.50968889204662,0.790243901212262
"5985",1997-05-21,0.0764866664834942,0.67280827502592
"5986",1997-05-22,0.0618349997280166,0.503994562383053
"5987",1997-05-23,0,0.450169900380979
"5988",1997-05-24,0,0.423257569379942
"5989",1997-05-25,0.325482220544067,0.516227440110797
"5990",1997-05-26,2.67430166414049,0.579838404295066
"5991",1997-05-27,0,0.452616475926528
"5992",1997-05-28,0,0.398791813924455
"5993",1997-05-29,0,0.374326058468966
"5994",1997-05-30,0,0.357200029650125
"5995",1997-05-31,0,0.349860303013478
"5996",1997-06-01,0.0260750001726879,0.34741372746793
"5997",1997-06-02,0.300897222882137,0.364539756286771
"5998",1997-06-03,1.65555555752913,0.401238389470003
"5999",1997-06-04,8.27777759275504e-05,0.354753454104576
"6000",1997-06-05,0,0.327841123103539
"6001",1997-06-06,0,0.310715094284698
"6002",1997-06-07,0,0.300928792102502
"6003",1997-06-08,0,0.296035641011405
"6004",1997-06-09,0,0.288695914374758
"6005",1997-06-10,0,0.278909612192563
"6006",1997-06-11,0,0.266676734464819
"6007",1997-06-12,0,0.251997281191526
"6008",1997-06-13,0.158271112553672,0.337627425285734
"6009",1997-06-14,1.30540556811552,0.371879482923418
"6010",1997-06-15,0,0.283802763283661
"6011",1997-06-16,3.23313445953983,0.249550705645978
"6012",1997-06-17,0,0.239764403463782
"6013",1997-06-18,0.152393887826241,0.254443856737075
"6014",1997-06-19,5.52351276577843,0.939485009490739
"6015",1997-06-20,0,0.40857811610665
"6016",1997-06-21,0,0.291142489920307
"6017",1997-06-22,0,0.254443856737075
"6018",1997-06-23,0.0912211098739256,0.251997281191526
"6019",1997-06-24,0,0.291142489920307
"6020",1997-06-25,0.841849998421139,0.32539454755799
"6021",1997-06-26,0.0178799997853736,0.337627425285734
"6022",1997-06-27,5.19695444191825,0.433043871562138
"6023",1997-06-28,0,0.389005511742259
"6024",1997-06-29,0,0.344967151922381
"6025",1997-06-30,0,0.28624933882921
"6026",1997-07-01,0,0.185939741461709
"6027",1997-07-02,0.24957499832246,0.181046590370611
"6028",1997-07-03,5.75694608174431,0.499101411291955
"6029",1997-07-04,0.334670554766742,0.384112360651162
"6030",1997-07-05,8.27777759275504e-05,0.239764403463782
"6031",1997-07-06,0,0.198172619189453
"6032",1997-07-07,0.228466662886035,0.210405496917197
"6033",1997-07-08,1.93906944444444,0.261783583373722
"6034",1997-07-09,0,0.352306878559027
"6035",1997-07-10,12.1982160845862,1.07404666449592
"6036",1997-07-11,0,0.596964433113907
"6037",1997-07-12,0,0.300928792102502
"6038",1997-07-13,0,0.242210979009331
"6039",1997-07-14,0,0.217745223553843
"6040",1997-07-15,0,0.20306577028055
"6041",1997-07-16,4.77354610384834,0.308268518739149
"6042",1997-07-17,0.0247505557732657,0.315608245375795
"6043",1997-07-18,0.307684999459735,0.217745223553843
"6044",1997-07-19,0.0269855550603113,0.188386317007258
"6045",1997-07-20,0,0.166367137097318
"6046",1997-07-21,0,0.161473986006221
"6047",1997-07-22,8.54266674955687,0.369432907377869
"6048",1997-07-23,0,0.384112360651162
"6049",1997-07-24,0.633912217551015,0.234871252372685
"6050",1997-07-25,4.01108001136781,0.261783583373722
"6051",1997-07-26,0.0374983334665497,0.242210979009331
"6052",1997-07-27,0,0.198172619189453
"6053",1997-07-28,0.000579444446911415,0.181046590370611
"6054",1997-07-29,0,0.166367137097318
"6055",1997-07-30,0,0.149241108278477
"6056",1997-07-31,0,0.14190138164183
"6057",1997-08-01,0,0.137008230550733
"6058",1997-08-02,0.0106783334184438,0.134561655005184
"6059",1997-08-03,0,0.22508495019049
"6060",1997-08-04,6.42901891920303,0.503994562383053
"6061",1997-08-05,6.17969218243492,1.08383296667812
"6062",1997-08-06,1.10764944397079,0.538246620020736
"6063",1997-08-07,0,0.266676734464819
"6064",1997-08-08,0,0.20306577028055
"6065",1997-08-09,0.0266544446195993,0.18349316591616
"6066",1997-08-10,0.0131616667116889,0.171260288188416
"6067",1997-08-11,0,0.159027410460672
"6068",1997-08-12,0.657421111742656,0.149241108278477
"6069",1997-08-13,0,0.171260288188416
"6070",1997-08-14,6.37281273735894,0.276463036647014
"6071",1997-08-15,0,0.215298648008294
"6072",1997-08-16,0.428374999830396,0.315608245375795
"6073",1997-08-17,0.680267778037426,0.207958921371648
"6074",1997-08-18,8.37462778409321,0.939485009490739
"6075",1997-08-19,0.117958333102055,0.572498677658419
"6076",1997-08-20,0.030958888474438,0.281356187738112
"6077",1997-08-21,7.79774946212769,1.22084119722885
"6078",1997-08-22,5.2435583633317,1.16946311077233
"6079",1997-08-23,0.0256611112159573,0.528460317838541
"6080",1997-08-24,0,0.34741372746793
"6081",1997-08-25,0.412647218086965,0.278909612192563
"6082",1997-08-26,0,0.26423015891927
"6083",1997-08-27,0,0.247104130100429
"6084",1997-08-28,1.37353166721927,0.389005511742259
"6085",1997-08-29,2.36198108869129,0.376772634014515
"6086",1997-08-30,0.616777216484667,0.3058219431936
"6087",1997-08-31,0,0.251997281191526
"6088",1997-09-01,0.0428788889018406,0.229978101281587
"6089",1997-09-02,0.0206116660980301,0.217745223553843
"6090",1997-09-03,0.0424649996367386,0.215298648008294
"6091",1997-09-04,0,0.200619194735002
"6092",1997-09-05,0,0.188386317007258
"6093",1997-09-06,0,0.181046590370611
"6094",1997-09-07,0,0.178600014825062
"6095",1997-09-08,0.991181114273767,0.176153439279514
"6096",1997-09-09,0.0930422227945592,0.181046590370611
"6097",1997-09-10,0,0.176153439279514
"6098",1997-09-11,0.00902277796156705,0.173706863733965
"6099",1997-09-12,2.22961945944362,0.212852072462746
"6100",1997-09-13,0,0.217745223553843
"6101",1997-09-14,0,0.185939741461709
"6102",1997-09-15,0,0.168813712642867
"6103",1997-09-16,0,0.159027410460672
"6104",1997-09-17,0,0.151687683824026
"6105",1997-09-18,0,0.151687683824026
"6106",1997-09-19,0,0.146794532732928
"6107",1997-09-20,0.517361117463559,0.14190138164183
"6108",1997-09-21,0.152145555516084,0.144347957187379
"6109",1997-09-22,0.00562888884016622,0.14190138164183
"6110",1997-09-23,0,0.139454806096282
"6111",1997-09-24,0.0136583334135099,0.14190138164183
"6112",1997-09-25,0,0.134561655005184
"6113",1997-09-26,0.192789443881975,0.137008230550733
"6114",1997-09-27,0,0.137008230550733
"6115",1997-09-28,0,0.134561655005184
"6116",1997-09-29,5.31160169887544,0.276463036647014
"6117",1997-09-30,0.401223890112507,0.261783583373722
"6118",1997-10-01,0.0799633338896352,0.181046590370611
"6119",1997-10-02,0,0.156580834915123
"6120",1997-10-03,0,0.149241108278477
"6121",1997-10-04,0.121269443584089,0.149241108278477
"6122",1997-10-05,0.289059997069856,0.156580834915123
"6123",1997-10-06,0.957987224353684,0.159027410460672
"6124",1997-10-07,0,0.144347957187379
"6125",1997-10-08,0,0.132115079459635
"6126",1997-10-09,0,0.132115079459635
"6127",1997-10-10,0,0.139454806096282
"6128",1997-10-11,0,0.132115079459635
"6129",1997-10-12,0,0.129668503914086
"6130",1997-10-13,0,0.129668503914086
"6131",1997-10-14,0,0.132115079459635
"6132",1997-10-15,0.13658333186857,0.137008230550733
"6133",1997-10-16,0.434417776948877,0.139454806096282
"6134",1997-10-17,0,0.14190138164183
"6135",1997-10-18,0,0.137008230550733
"6136",1997-10-19,0,0.137008230550733
"6137",1997-10-20,0,0.137008230550733
"6138",1997-10-21,0,0.129668503914086
"6139",1997-10-22,0,0.129668503914086
"6140",1997-10-23,0,0.127221928368538
"6141",1997-10-24,0,0.129668503914086
"6142",1997-10-25,1.63411610287883,0.256890432282624
"6143",1997-10-26,2.79913056226572,0.261783583373722
"6144",1997-10-27,6.80342274114822,0.354753454104576
"6145",1997-10-28,0.587722221235433,0.296035641011405
"6146",1997-10-29,0,0.212852072462746
"6147",1997-10-30,0,0.176153439279514
"6148",1997-10-31,0.000993333341967727,0.166367137097318
"6149",1997-11-01,3.45903500694698,0.870980894215373
"6150",1997-11-02,14.4829655782912,1.48262478060257
"6151",1997-11-03,3.30862779198753,0.870980894215373
"6152",1997-11-04,0.0512394444401272,0.437937022653235
"6153",1997-11-05,0.285914444868763,0.322947972012442
"6154",1997-11-06,0,0.274016461101466
"6155",1997-11-07,0,0.249550705645978
"6156",1997-11-08,0.353709443245497,0.44772332483543
"6157",1997-11-09,10.4501150814692,1.28934531250422
"6158",1997-11-10,5.75024104669358,1.36518915441623
"6159",1997-11-11,0,0.69238087939031
"6160",1997-11-12,0,0.442830173744333
"6161",1997-11-13,0.0130788890436913,0.364539756286771
"6162",1997-11-14,3.13976109295421,0.406131540561101
"6163",1997-11-15,5.5238439002567,0.462402778108723
"6164",1997-11-16,0.170687777940598,0.462402778108723
"6165",1997-11-17,0,0.413471267197747
"6166",1997-11-18,0,0.36698633183232
"6167",1997-11-19,0,0.349860303013478
"6168",1997-11-20,0,0.337627425285734
"6169",1997-11-21,0.00198666666851689,0.337627425285734
"6170",1997-11-22,4.89837500789432,0.755991843574579
"6171",1997-11-23,1.16791166990333,0.768224721302323
"6172",1997-11-24,0.241462778162625,0.560265799930675
"6173",1997-11-25,0,0.450169900380979
"6174",1997-11-26,0.00198666666851689,0.398791813924455
"6175",1997-11-27,1.16940166848236,0.406131540561101
"6176",1997-11-28,0.00231777775680853,0.371879482923418
"6177",1997-11-29,0.0273166663644629,0.34741372746793
"6178",1997-11-30,0.00885722224010776,0.340074000831283
"6179",1997-12-01,2.47480722048547,0.415917842743296
"6180",1997-12-02,0,0.393898662833357
"6181",1997-12-03,0.00405611115921704,0.344967151922381
"6182",1997-12-04,0.638796107795503,0.344967151922381
"6183",1997-12-05,0.209593333520823,0.344967151922381
"6184",1997-12-06,0.230453333054566,0.337627425285734
"6185",1997-12-07,0,0.318054820921344
"6186",1997-12-08,0,0.303375367648051
"6187",1997-12-09,0,0.293589065465856
"6188",1997-12-10,0.0168038887445711,0.291142489920307
"6189",1997-12-11,3.88037393214967,0.308268518739149
"6190",1997-12-12,0.0443688889610478,0.318054820921344
"6191",1997-12-13,0.174578334010516,0.322947972012442
"6192",1997-12-14,0,0.308268518739149
"6193",1997-12-15,0.211497222875969,0.291142489920307
"6194",1997-12-16,0,0.276463036647014
"6195",1997-12-17,0,0.278909612192563
"6196",1997-12-18,0,0.288695914374758
"6197",1997-12-19,0,0.283802763283661
"6198",1997-12-20,0.168369998333562,0.283802763283661
"6199",1997-12-21,0.0539711107836207,0.283802763283661
"6200",1997-12-22,0,0.269123310010368
"6201",1997-12-23,4.51594166035122,0.477082231382016
"6202",1997-12-24,2.78580332117611,0.457509627017626
"6203",1997-12-25,1.31351777438323,0.792690476757811
"6204",1997-12-26,2.26728332425488,0.797583627848909
"6205",1997-12-27,0.0265716663348592,0.621430188569395
"6206",1997-12-28,0.311989444470965,0.513780864565248
"6207",1997-12-29,0.455526108299382,0.46974250474537
"6208",1997-12-30,6.85085445139144,1.42635354305495
"6209",1997-12-31,0.424070557687017,1.0226685780394
"6210",1998-01-01,0,0.587178130931712
"6211",1998-01-02,0,0.48931510910976
"6212",1998-01-03,0,0.459956202563174
"6213",1998-01-04,0.00405611112837991,0.496654835746406
"6214",1998-01-05,1.58925054971377,0.565158951021773
"6215",1998-01-06,1.74636277209388,0.55047949774848
"6216",1998-01-07,2.59831164385213,0.6116438863872
"6217",1998-01-08,6.98106386046941,1.55846862251459
"6218",1998-01-09,1.70431166556146,1.34316997450629
"6219",1998-01-10,0.222754999677444,0.9174658295808
"6220",1998-01-11,0,0.71440005930025
"6221",1998-01-12,0.147923888126595,0.609197310841651
"6222",1998-01-13,0.0624972225059238,0.57005210211287
"6223",1998-01-14,0.179544999671893,0.548032922202931
"6224",1998-01-15,0,0.491761684655309
"6225",1998-01-16,5.7222621805403,0.670361699480371
"6226",1998-01-17,0,0.614090461932749
"6227",1998-01-18,0.0453622222259227,0.577391828749517
"6228",1998-01-19,0.10512777820333,0.50888771347415
"6229",1998-01-20,0.373493335007171,0.481975382473114
"6230",1998-01-21,0,0.455063051472077
"6231",1998-01-22,0,0.420810993834394
"6232",1998-01-23,0,0.63121649075159
"6233",1998-01-24,7.13867275570332,4.03684965015552
"6234",1998-01-25,0.00571166673944227,2.43923581891215
"6235",1998-01-26,7.86976615262528,1.35295627668849
"6236",1998-01-27,0,0.971290491582874
"6237",1998-01-28,0,0.819602807758848
"6238",1998-01-29,0,0.738865814755738
"6239",1998-01-30,0,0.687487728299213
"6240",1998-01-31,0,0.641002792933786
"6241",1998-02-01,0,0.587178130931712
"6242",1998-02-02,0,0.548032922202931
"6243",1998-02-03,0,0.526013742292992
"6244",1998-02-04,0.00124166665433182,0.526013742292992
"6245",1998-02-05,3.15002555918694,0.755991843574579
"6246",1998-02-06,1.30275665947298,0.675254850571469
"6247",1998-02-07,0,0.548032922202931
"6248",1998-02-08,0,0.496654835746406
"6249",1998-02-09,0,0.464849353654272
"6250",1998-02-10,0,0.445276749289882
"6251",1998-02-11,0.000993333341967727,0.440383598198784
"6252",1998-02-12,5.28825834537214,1.91077550107361
"6253",1998-02-13,4.10379114458298,1.41167408978166
"6254",1998-02-14,0,0.870980894215373
"6255",1998-02-15,0,0.648342519570432
"6256",1998-02-16,0,0.555372648839578
"6257",1998-02-17,0.0004966666555653,0.552926073294029
"6258",1998-02-18,13.4979099911584,2.81356187738112
"6259",1998-02-19,1.28355222372214,2.36094540145459
"6260",1998-02-20,0.159016111642743,1.36518915441623
"6261",1998-02-21,0.186001667057682,1.06915351340483
"6262",1998-02-22,0,0.880767196397568
"6263",1998-02-23,0.000662222207420404,0.773117872393421
"6264",1998-02-24,5.34463003031414,2.02087140062331
"6265",1998-02-25,2.72827278298802,1.9401344076202
"6266",1998-02-26,0,1.27221928368538
"6267",1998-02-27,0,0.97863021821952
"6268",1998-02-28,0.00115888889382283,0.863641167578726
"6269",1998-03-01,0.619922772232028,0.956611038309581
"6270",1998-03-02,0.596000000154185,0.983523369310618
"6271",1998-03-03,0.87653389074405,0.927252131762995
"6272",1998-03-04,0,0.621430188569395
"6273",1998-03-05,0,0.479528806927565
"6274",1998-03-06,0.0894827773657938,0.596964433113907
"6275",1998-03-07,0,0.57005210211287
"6276",1998-03-08,0,0.574945253203968
"6277",1998-03-09,17.1080972222222,4.2815072047104
"6278",1998-03-10,6.63836390309863,6.18983613023847
"6279",1998-03-11,4.60070608446043,3.08268518739149
"6280",1998-03-12,0,1.70526315524751
"6281",1998-03-13,0,1.31381106795971
"6282",1998-03-14,0.0399816664051679,1.26487955704873
"6283",1998-03-15,1.36359832892733,1.27221928368538
"6284",1998-03-16,0.802696106753209,1.08872611776922
"6285",1998-03-17,0,0.963950764946227
"6286",1998-03-18,0.843919446627713,0.941931585036288
"6287",1998-03-19,9.30935445139144,2.51997281191526
"6288",1998-03-20,3.73617498736912,2.88695914374758
"6289",1998-03-21,0.0216877777401565,1.8447179613438
"6290",1998-03-22,1.34646333059006,1.51687683824026
"6291",1998-03-23,2.25130721456475,1.328490521233
"6292",1998-03-24,0,1.26243298150318
"6293",1998-03-25,0,1.1131918732247
"6294",1998-03-26,0,1.00064939812946
"6295",1998-03-27,0,0.929698707308544
"6296",1998-03-28,0,0.868534318669824
"6297",1998-03-29,0,0.802476778940006
"6298",1998-03-30,0,0.738865814755738
"6299",1998-03-31,0,0.699720606026957
"6300",1998-04-01,0,0.758438419120128
"6301",1998-04-02,6.69804666540357,1.2281809238655
"6302",1998-04-03,0.504447776277861,1.05202748458598
"6303",1998-04-04,0,0.797583627848909
"6304",1998-04-05,0,0.69238087939031
"6305",1998-04-06,0.00140722217534979,0.63121649075159
"6306",1998-04-07,0,0.596964433113907
"6307",1998-04-08,0.000827777790112627,0.572498677658419
"6308",1998-04-09,0.125573889597526,0.689934303844762
"6309",1998-04-10,5.64602393305011,2.61783583373722
"6310",1998-04-11,0,1.74440836397629
"6311",1998-04-12,0,1.02022200249385
"6312",1998-04-13,4.60832171416323,0.829389109941043
"6313",1998-04-14,0,0.741312390301286
"6314",1998-04-15,0,0.685041152753664
"6315",1998-04-16,0,0.643449368479335
"6316",1998-04-17,0.27374611077437,0.731526088119091
"6317",1998-04-18,0.536482776564027,0.760884994665677
"6318",1998-04-19,0,0.638556217388237
"6319",1998-04-20,8.29184995894961,1.38965490987172
"6320",1998-04-21,0,1.04958090904044
"6321",1998-04-22,0,0.726632937027994
"6322",1998-04-23,0.00240055553273608,0.709506908209152
"6323",1998-04-24,2.27787889141507,0.770671296847872
"6324",1998-04-25,0,0.628769915206042
"6325",1998-04-26,0.0182938888654527,0.743758965846835
"6326",1998-04-27,3.99700779072442,0.966397340491776
"6327",1998-04-28,0,0.707060332663603
"6328",1998-04-29,0,0.589624706477261
"6329",1998-04-30,0,0.55047949774848
"6330",1998-05-01,0.0554611118758718,0.528460317838541
"6331",1998-05-02,3.16923000443561,1.00554254922056
"6332",1998-05-03,0.22598333259941,0.973737067128423
"6333",1998-05-04,3.43196662048499,0.675254850571469
"6334",1998-05-05,0.848803331151916,0.626323339660493
"6335",1998-05-06,4.46735112942589,1.16212338413568
"6336",1998-05-07,4.8958916729821,1.6245261622444
"6337",1998-05-08,0.060676111882656,1.09361926886031
"6338",1998-05-09,2.11025387871017,1.49485765833032
"6339",1998-05-10,3.56407997679939,3.00928792102502
"6340",1998-05-11,12.1090644930734,3.96345238378906
"6341",1998-05-12,4.38424222506418,2.96035641011405
"6342",1998-05-13,0,1.86918371679928
"6343",1998-05-14,0,1.32115079459635
"6344",1998-05-15,0,1.14499735531684
"6345",1998-05-16,0,0.973737067128423
"6346",1998-05-17,0.0364222225028401,0.910126102944154
"6347",1998-05-18,0.20777222241958,0.83672883657769
"6348",1998-05-19,0,0.643449368479335
"6349",1998-05-20,0,0.555372648839578
"6350",1998-05-21,0,0.545586346657383
"6351",1998-05-22,0,0.567605526567322
"6352",1998-05-23,0,0.574945253203968
"6353",1998-05-24,0,0.545586346657383
"6354",1998-05-25,0.028475555597494,0.589624706477261
"6355",1998-05-26,2.41090277777778,0.398791813924455
"6356",1998-05-27,0,0.420810993834394
"6357",1998-05-28,0,0.437937022653235
"6358",1998-05-29,0.157691670465801,0.442830173744333
"6359",1998-05-30,0.998631114893592,0.46974250474537
"6360",1998-05-31,0.920074999031715,0.626323339660493
"6361",1998-06-01,8.53794830428229,1.36029600332513
"6362",1998-06-02,0,0.724186361482445
"6363",1998-06-03,6.25460611237421,1.2135014705922
"6364",1998-06-04,0,0.812263081122202
"6365",1998-06-05,0,0.518674015656346
"6366",1998-06-06,0,0.357200029650125
"6367",1998-06-07,0,0.38655893619671
"6368",1998-06-08,0.0365049998624664,0.376772634014515
"6369",1998-06-09,0,0.364539756286771
"6370",1998-06-10,0,0.349860303013478
"6371",1998-06-11,0,0.335180849740186
"6372",1998-06-12,0.285666112589443,0.381665785105613
"6373",1998-06-13,3.25266998844717,0.785350750121165
"6374",1998-06-14,3.07122110879463,1.08383296667812
"6375",1998-06-15,10.2553388620482,0.902786376307507
"6376",1998-06-16,2.68887055887116,0.851408289850982
"6377",1998-06-17,0.235585555254585,0.577391828749517
"6378",1998-06-18,0.216381111146882,0.486868533564211
"6379",1998-06-19,0.472247217880356,0.42815072047104
"6380",1998-06-20,0,0.418364418288845
"6381",1998-06-21,0.110260000495861,0.479528806927565
"6382",1998-06-22,2.23566221566995,0.406131540561101
"6383",1998-06-23,0,0.36698633183232
"6384",1998-06-24,0,0.359646605195674
"6385",1998-06-25,0,0.349860303013478
"6386",1998-06-26,0,0.322947972012442
"6387",1998-06-27,0.0226811109279386,0.310715094284698
"6388",1998-06-28,0,0.291142489920307
"6389",1998-06-29,0,0.281356187738112
"6390",1998-06-30,1.60473000603914,1.90588234998252
"6391",1998-07-01,25.0244670971764,3.00928792102502
"6392",1998-07-02,0.0513222220156134,1.27466585923093
"6393",1998-07-03,0,0.645895944024883
"6394",1998-07-04,0,0.516227440110797
"6395",1998-07-05,0.774468889109067,0.477082231382016
"6396",1998-07-06,0.00281444435069958,0.425704144925491
"6397",1998-07-07,0,0.38655893619671
"6398",1998-07-08,0.119945000356477,0.376772634014515
"6399",1998-07-09,0.971728330254554,0.381665785105613
"6400",1998-07-10,0,0.354753454104576
"6401",1998-07-11,0,0.322947972012442
"6402",1998-07-12,0,0.300928792102502
"6403",1998-07-13,0,0.288695914374758
"6404",1998-07-14,0,0.274016461101466
"6405",1998-07-15,0,0.261783583373722
"6406",1998-07-16,0.0169694444043562,0.254443856737075
"6407",1998-07-17,0.167376668830816,0.259337007828173
"6408",1998-07-18,0.126981112682571,0.313161669830246
"6409",1998-07-19,0,0.254443856737075
"6410",1998-07-20,0.6434316710184,0.237317827918234
"6411",1998-07-21,1.95098945133222,0.254443856737075
"6412",1998-07-22,0.11539222173993,0.276463036647014
"6413",1998-07-23,0.0265716668436718,0.32539454755799
"6414",1998-07-24,2.31281111314945,0.381665785105613
"6415",1998-07-25,0,0.266676734464819
"6416",1998-07-26,0,0.222638374644941
"6417",1998-07-27,1.64992667191144,0.210405496917197
"6418",1998-07-28,0,0.20306577028055
"6419",1998-07-29,0,0.232424676827136
"6420",1998-07-30,0.0165555551084172,0.229978101281587
"6421",1998-07-31,1.94014555650287,0.247104130100429
"6422",1998-08-01,0.0710233331797646,0.222638374644941
"6423",1998-08-02,0,0.193279468098355
"6424",1998-08-03,0,0.178600014825062
"6425",1998-08-04,0,0.173706863733965
"6426",1998-08-05,0,0.168813712642867
"6427",1998-08-06,0,0.166367137097318
"6428",1998-08-07,0,0.161473986006221
"6429",1998-08-08,0,0.154134259369574
"6430",1998-08-09,0,0.151687683824026
"6431",1998-08-10,0,0.151687683824026
"6432",1998-08-11,0.922723887645535,0.171260288188416
"6433",1998-08-12,0.63672666729821,0.200619194735002
"6434",1998-08-13,0.0163900000499562,0.161473986006221
"6435",1998-08-14,0,0.154134259369574
"6436",1998-08-15,0,0.149241108278477
"6437",1998-08-16,0,0.146794532732928
"6438",1998-08-17,0.0743344439239137,0.193279468098355
"6439",1998-08-18,2.27001500805219,0.215298648008294
"6440",1998-08-19,2.29203388778369,0.237317827918234
"6441",1998-08-20,0,0.190832892552806
"6442",1998-08-21,0,0.16392056155177
"6443",1998-08-22,0,0.151687683824026
"6444",1998-08-23,0,0.144347957187379
"6445",1998-08-24,0,0.144347957187379
"6446",1998-08-25,0,0.14190138164183
"6447",1998-08-26,9.08146722348532,0.792690476757811
"6448",1998-08-27,0.562806111190054,0.411024691652198
"6449",1998-08-28,0,0.232424676827136
"6450",1998-08-29,0,0.185939741461709
"6451",1998-08-30,0,0.16392056155177
"6452",1998-08-31,0.0254127779498489,0.156580834915123
"6453",1998-09-01,0,0.151687683824026
"6454",1998-09-02,0,0.144347957187379
"6455",1998-09-03,0.226066109820269,0.14190138164183
"6456",1998-09-04,0,0.139454806096282
"6457",1998-09-05,0,0.137008230550733
"6458",1998-09-06,0,0.127221928368538
"6459",1998-09-07,0.15934722149755,0.171260288188416
"6460",1998-09-08,6.14434609911178,0.269123310010368
"6461",1998-09-09,0.0609244441465579,0.188386317007258
"6462",1998-09-10,0.01688666672094,0.154134259369574
"6463",1998-09-11,0,0.14190138164183
"6464",1998-09-12,0,0.137008230550733
"6465",1998-09-13,0,0.132115079459635
"6466",1998-09-14,0,0.127221928368538
"6467",1998-09-15,0,0.129668503914086
"6468",1998-09-16,0.043706667401207,0.134561655005184
"6469",1998-09-17,0,0.129668503914086
"6470",1998-09-18,0,0.124775352822989
"6471",1998-09-19,0,0.124775352822989
"6472",1998-09-20,0,0.12232877727744
"6473",1998-09-21,0,0.12232877727744
"6474",1998-09-22,9.33965115626654,0.281356187738112
"6475",1998-09-23,5.26210052050484,0.472189080290918
"6476",1998-09-24,0,0.251997281191526
"6477",1998-09-25,0,0.171260288188416
"6478",1998-09-26,0,0.151687683824026
"6479",1998-09-27,1.20036054311092,0.195726043643904
"6480",1998-09-28,3.73965166256164,0.274016461101466
"6481",1998-09-29,0,0.193279468098355
"6482",1998-09-30,0,0.154134259369574
"6483",1998-10-01,2.98016556329198,0.154134259369574
"6484",1998-10-02,0,0.215298648008294
"6485",1998-10-03,0,0.16392056155177
"6486",1998-10-04,0,0.14190138164183
"6487",1998-10-05,0,0.134561655005184
"6488",1998-10-06,0,0.129668503914086
"6489",1998-10-07,0.00662222238257527,0.127221928368538
"6490",1998-10-08,1.03894388140904,0.543139771111834
"6491",1998-10-09,17.3705027840932,1.46794532732928
"6492",1998-10-10,1.72475777900633,1.40188778759946
"6493",1998-10-11,4.11264830901888,0.944378160581837
"6494",1998-10-12,0.0001655555518551,0.474635655836467
"6495",1998-10-13,6.70276499621072,0.32539454755799
"6496",1998-10-14,0.81246389300873,0.491761684655309
"6497",1998-10-15,12.0814993358188,0.893000074125312
"6498",1998-10-16,0,0.484421958018663
"6499",1998-10-17,0,0.340074000831283
"6500",1998-10-18,0,0.291142489920307
"6501",1998-10-19,0.0181283334677832,0.266676734464819
"6502",1998-10-20,0,0.24465755455488
"6503",1998-10-21,0,0.227531525736038
"6504",1998-10-22,0,0.220191799099392
"6505",1998-10-23,0,0.212852072462746
"6506",1998-10-24,0,0.207958921371648
"6507",1998-10-25,0,0.20306577028055
"6508",1998-10-26,0,0.198172619189453
"6509",1998-10-27,0,0.195726043643904
"6510",1998-10-28,0.026323333731749,0.198172619189453
"6511",1998-10-29,1.76175944578648,0.24465755455488
"6512",1998-10-30,0,0.212852072462746
"6513",1998-10-31,0,0.198172619189453
"6514",1998-11-01,0,0.188386317007258
"6515",1998-11-02,0,0.188386317007258
"6516",1998-11-03,0,0.188386317007258
"6517",1998-11-04,0,0.18349316591616
"6518",1998-11-05,0,0.178600014825062
"6519",1998-11-06,0,0.181046590370611
"6520",1998-11-07,0.00107611108705815,0.178600014825062
"6521",1998-11-08,0.0299655557183754,0.178600014825062
"6522",1998-11-09,0,0.178600014825062
"6523",1998-11-10,0.0138238885799009,0.176153439279514
"6524",1998-11-11,2.58879222094433,0.389005511742259
"6525",1998-11-12,3.59479055145053,0.376772634014515
"6526",1998-11-13,0,0.269123310010368
"6527",1998-11-14,0,0.222638374644941
"6528",1998-11-15,0.151648889153471,0.210405496917197
"6529",1998-11-16,0,0.198172619189453
"6530",1998-11-17,0.784071113321517,0.20306577028055
"6531",1998-11-18,0.795163327925735,0.207958921371648
"6532",1998-11-19,0,0.188386317007258
"6533",1998-11-20,0.0706094451173104,0.181046590370611
"6534",1998-11-21,0.276560554647094,0.188386317007258
"6535",1998-11-22,0,0.185939741461709
"6536",1998-11-23,0.349653331623724,0.178600014825062
"6537",1998-11-24,0,0.178600014825062
"6538",1998-11-25,0,0.178600014825062
"6539",1998-11-26,1.17080888378103,0.503994562383053
"6540",1998-11-27,10.4390228895611,0.711953483754701
"6541",1998-11-28,0,0.457509627017626
"6542",1998-11-29,0,0.310715094284698
"6543",1998-11-30,0,0.26423015891927
"6544",1998-12-01,0.0246677776427112,0.24465755455488
"6545",1998-12-02,0,0.22508495019049
"6546",1998-12-03,0,0.215298648008294
"6547",1998-12-04,0,0.210405496917197
"6548",1998-12-05,0,0.20306577028055
"6549",1998-12-06,0,0.195726043643904
"6550",1998-12-07,0,0.195726043643904
"6551",1998-12-08,0.0124166665278996,0.185939741461709
"6552",1998-12-09,1.42940667906072,0.207958921371648
"6553",1998-12-10,0,0.20306577028055
"6554",1998-12-11,0,0.190832892552806
"6555",1998-12-12,0,0.18349316591616
"6556",1998-12-13,0,0.181046590370611
"6557",1998-12-14,0,0.181046590370611
"6558",1998-12-15,0,0.176153439279514
"6559",1998-12-16,0,0.173706863733965
"6560",1998-12-17,0.0408922219557896,0.20306577028055
"6561",1998-12-18,0.804931110203266,0.205512345826099
"6562",1998-12-19,0,0.18349316591616
"6563",1998-12-20,0,0.178600014825062
"6564",1998-12-21,0,0.176153439279514
"6565",1998-12-22,1.08149167140325,0.190832892552806
"6566",1998-12-23,0.569014442549813,0.185939741461709
"6567",1998-12-24,0.731755556344986,0.176153439279514
"6568",1998-12-25,0,0.168813712642867
"6569",1998-12-26,0,0.16392056155177
"6570",1998-12-27,0,0.161473986006221
"6571",1998-12-28,0,0.16392056155177
"6572",1998-12-29,0.327303332894211,0.190832892552806
"6573",1998-12-30,4.48663833522798,0.40857811610665
"6574",1998-12-31,0,0.283802763283661
"6575",1999-01-01,0,0.212852072462746
"6576",1999-01-02,0,0.168813712642867
"6577",1999-01-03,0.695747220054373,2.21170429317612
"6578",1999-01-04,17.3571756515503,2.56890432282624
"6579",1999-01-05,0,0.954164462764032
"6580",1999-01-06,0,0.494208260200858
"6581",1999-01-07,0.0177972225645143,0.401238389470003
"6582",1999-01-08,0.0253299999888986,0.337627425285734
"6583",1999-01-09,1.59289279276215,0.71440005930025
"6584",1999-01-10,1.76664333667855,0.878320620852019
"6585",1999-01-11,3.02229943970602,0.516227440110797
"6586",1999-01-12,0.201067222153147,0.371879482923418
"6587",1999-01-13,0,0.342520576376832
"6588",1999-01-14,1.05632722135385,0.322947972012442
"6589",1999-01-15,5.06831776767308,0.880767196397568
"6590",1999-01-16,3.67980335349341,1.14499735531684
"6591",1999-01-17,0,0.804923354485555
"6592",1999-01-18,0,1.50953711160361
"6593",1999-01-19,11.4901350448396,3.27841123103539
"6594",1999-01-20,0,1.62207958669885
"6595",1999-01-21,0.0324488883486224,0.880767196397568
"6596",1999-01-22,1.87127445186509,1.0226685780394
"6597",1999-01-23,0.26778611194063,0.949271311672935
"6598",1999-01-24,2.45196056573921,2.91142489920307
"6599",1999-01-25,7.76041668245528,3.59646605195674
"6600",1999-01-26,0.0235088890726782,1.64899191769989
"6601",1999-01-27,0,1.04468775794934
"6602",1999-01-28,0.204378333791573,0.885660347488666
"6603",1999-01-29,1.35424444858895,0.77556444793897
"6604",1999-01-30,0,0.655682246207078
"6605",1999-01-31,0,0.565158951021773
"6606",1999-02-01,0,0.526013742292992
"6607",1999-02-02,1.60746166516675,1.9352412565291
"6608",1999-02-03,13.4186088964674,4.42830173744333
"6609",1999-02-04,0.0138238888111793,2.2410631997227
"6610",1999-02-05,1.81713778156704,1.43858642078269
"6611",1999-02-06,0,1.08138639113257
"6612",1999-02-07,0.0358427776858833,0.890553498579763
"6613",1999-02-08,1.31947777659363,0.807369930031104
"6614",1999-02-09,0,0.724186361482445
"6615",1999-02-10,0,0.682594577208115
"6616",1999-02-11,0,0.638556217388237
"6617",1999-02-12,0.00827777780861491,0.609197310841651
"6618",1999-02-13,0.317535555288507,0.69238087939031
"6619",1999-02-14,0,0.594517857568358
"6620",1999-02-15,0,0.53090689338409
"6621",1999-02-16,0.182028331962931,0.511334289019699
"6622",1999-02-17,0.00488388894932967,0.499101411291955
"6623",1999-02-18,2.2070211101638,0.937038433945191
"6624",1999-02-19,5.28585771020253,1.22573434831995
"6625",1999-02-20,0,0.826942534395494
"6626",1999-02-21,0,0.638556217388237
"6627",1999-02-22,0,0.555372648839578
"6628",1999-02-23,0,0.48931510910976
"6629",1999-02-24,0,0.46974250474537
"6630",1999-02-25,1.12180444823371,0.467295929199821
"6631",1999-02-26,1.62029222427474,0.477082231382016
"6632",1999-02-27,0,0.472189080290918
"6633",1999-02-28,0,0.804923354485555
"6634",1999-03-01,9.26837941349877,2.25818922854154
"6635",1999-03-02,0.0198666670860516,1.56580834915123
"6636",1999-03-03,0,0.934591858399642
"6637",1999-03-04,9.86057165908815,2.71569885555917
"6638",1999-03-05,0.0148999999290746,2.09182209144422
"6639",1999-03-06,0.0170522219798424,1.26243298150318
"6640",1999-03-07,2.45957610971481,1.19637544177336
"6641",1999-03-08,1.64843667764962,0.927252131762995
"6642",1999-03-09,0,0.79513705230336
"6643",1999-03-10,0,0.746205541392384
"6644",1999-03-11,0,0.69238087939031
"6645",1999-03-12,0.0563716669330993,0.645895944024883
"6646",1999-03-13,0,0.609197310841651
"6647",1999-03-14,0.019287222222839,0.587178130931712
"6648",1999-03-15,7.00597997347514,0.760884994665677
"6649",1999-03-16,0.202722777363327,0.797583627848909
"6650",1999-03-17,0,0.844068563214336
"6651",1999-03-18,0,0.853854865396531
"6652",1999-03-19,0,0.758438419120128
"6653",1999-03-20,0,0.641002792933786
"6654",1999-03-21,0.651543894369878,0.589624706477261
"6655",1999-03-22,11.4965917014016,2.51997281191526
"6656",1999-03-23,2.72761056534449,2.98482216556954
"6657",1999-03-24,0.0118372224201966,1.39699463650837
"6658",1999-03-25,0.255535000656214,1.05202748458598
"6659",1999-03-26,0,0.885660347488666
"6660",1999-03-27,0.00579444437660276,0.787797325666714
"6661",1999-03-28,1.5316372212453,0.839175412123239
"6662",1999-03-29,2.14055055484507,0.866087743124275
"6663",1999-03-30,0,0.73397266366464
"6664",1999-03-31,0,0.638556217388237
"6665",1999-04-01,0,0.589624706477261
"6666",1999-04-02,0,0.572498677658419
"6667",1999-04-03,0,0.540693195566285
"6668",1999-04-04,0.0279788891269515,0.523567166747443
"6669",1999-04-05,0,0.494208260200858
"6670",1999-04-06,0.0100988889561138,0.474635655836467
"6671",1999-04-07,0.21522222074204,0.474635655836467
"6672",1999-04-08,0,0.455063051472077
"6673",1999-04-09,0.0182938891429868,0.440383598198784
"6674",1999-04-10,0.269110555615379,0.435490447107686
"6675",1999-04-11,0.0263233334696334,0.413471267197747
"6676",1999-04-12,1.33404666540358,0.435490447107686
"6677",1999-04-13,0,0.411024691652198
"6678",1999-04-14,0,0.38655893619671
"6679",1999-04-15,0,0.369432907377869
"6680",1999-04-16,0.0563716670101922,0.379219209560064
"6681",1999-04-17,1.21327388549927,0.48931510910976
"6682",1999-04-18,0.0828605546594286,0.425704144925491
"6683",1999-04-19,1.17610665814082,0.379219209560064
"6684",1999-04-20,0.387565555002955,0.379219209560064
"6685",1999-04-21,0.68597944251034,0.401238389470003
"6686",1999-04-22,0.265385552352812,0.369432907377869
"6687",1999-04-23,0.756754447049565,0.42815072047104
"6688",1999-04-24,1.11625832569806,0.518674015656346
"6689",1999-04-25,0,0.403684965015552
"6690",1999-04-26,0.397664444776251,0.357200029650125
"6691",1999-04-27,0,0.335180849740186
"6692",1999-04-28,0,0.318054820921344
"6693",1999-04-29,0,0.310715094284698
"6694",1999-04-30,0,0.298482216556954
"6695",1999-05-01,0,0.291142489920307
"6696",1999-05-02,0,0.278909612192563
"6697",1999-05-03,0.0838538884331161,0.274016461101466
"6698",1999-05-04,2.3692655380302,0.398791813924455
"6699",1999-05-05,2.56048222561677,0.46974250474537
"6700",1999-05-06,0,0.384112360651162
"6701",1999-05-07,0.0043044445178368,0.327841123103539
"6702",1999-05-08,0.583914444406207,0.315608245375795
"6703",1999-05-09,0.476220556105072,0.327841123103539
"6704",1999-05-10,0.588881109805469,0.300928792102502
"6705",1999-05-11,0,0.274016461101466
"6706",1999-05-12,0,0.256890432282624
"6707",1999-05-13,0,0.239764403463782
"6708",1999-05-14,0,0.229978101281587
"6709",1999-05-15,0,0.22508495019049
"6710",1999-05-16,0,0.220191799099392
"6711",1999-05-17,0,0.215298648008294
"6712",1999-05-18,0.0471833333888402,0.217745223553843
"6713",1999-05-19,3.86555665695667,0.320501396466893
"6714",1999-05-20,11.0214472127491,0.893000074125312
"6715",1999-05-21,0,0.53090689338409
"6716",1999-05-22,0,0.349860303013478
"6717",1999-05-23,0,0.369432907377869
"6718",1999-05-24,5.02428000031576,0.77556444793897
"6719",1999-05-25,7.2944605321884,1.17924941295452
"6720",1999-05-26,0,0.614090461932749
"6721",1999-05-27,0,0.430597296016589
"6722",1999-05-28,0,0.371879482923418
"6723",1999-05-29,0,0.330287698649088
"6724",1999-05-30,0,0.298482216556954
"6725",1999-05-31,0,0.278909612192563
"6726",1999-06-01,0,0.26423015891927
"6727",1999-06-02,0.0139894443938716,0.249550705645978
"6728",1999-06-03,0,0.234871252372685
"6729",1999-06-04,0,0.222638374644941
"6730",1999-06-05,0,0.212852072462746
"6731",1999-06-06,0,0.205512345826099
"6732",1999-06-07,0,0.205512345826099
"6733",1999-06-08,0.212076667029928,0.195726043643904
"6734",1999-06-09,0,0.193279468098355
"6735",1999-06-10,0.0167211111074107,0.188386317007258
"6736",1999-06-11,0,0.195726043643904
"6737",1999-06-12,0,0.207958921371648
"6738",1999-06-13,0,0.207958921371648
"6739",1999-06-14,0.389800556818645,0.193279468098355
"6740",1999-06-15,0.283596664598729,0.188386317007258
"6741",1999-06-16,0.0125822224806373,0.176153439279514
"6742",1999-06-17,0.0946977776809493,0.168813712642867
"6743",1999-06-18,0.449234999842114,0.171260288188416
"6744",1999-06-19,0,0.168813712642867
"6745",1999-06-20,0,0.161473986006221
"6746",1999-06-21,0.0819499998180609,0.161473986006221
"6747",1999-06-22,0.00827777774694066,0.159027410460672
"6748",1999-06-23,0,0.156580834915123
"6749",1999-06-24,0,0.151687683824026
"6750",1999-06-25,0,0.144347957187379
"6751",1999-06-26,0,0.14190138164183
"6752",1999-06-27,0,0.137008230550733
"6753",1999-06-28,0,0.137008230550733
"6754",1999-06-29,0.638382223217646,0.149241108278477
"6755",1999-06-30,2.26124055223995,0.173706863733965
"6756",1999-07-01,1.92309333080716,0.188386317007258
"6757",1999-07-02,0.602208326055773,0.332734274194637
"6758",1999-07-03,0.70791555194391,0.32539454755799
"6759",1999-07-04,0.506186111669262,0.222638374644941
"6760",1999-07-05,0.428540556245689,0.190832892552806
"6761",1999-07-06,0.511401114821434,0.161473986006221
"6762",1999-07-07,0.8575777809355,0.14190138164183
"6763",1999-07-08,0,0.134561655005184
"6764",1999-07-09,0,0.127221928368538
"6765",1999-07-10,0.0807911113251207,0.132115079459635
"6766",1999-07-11,0,0.127221928368538
"6767",1999-07-12,0,0.117435626186342
"6768",1999-07-13,0.390876664929921,0.12232877727744
"6769",1999-07-14,0,0.12232877727744
"6770",1999-07-15,0,0.119882201731891
"6771",1999-07-16,0,0.114989050640794
"6772",1999-07-17,0.0136583331822314,0.107649324004147
"6773",1999-07-18,0.049335554838284,0.105202748458598
"6774",1999-07-19,0.371920553147791,0.105202748458598
"6775",1999-07-20,3.77160390562481,0.134561655005184
"6776",1999-07-21,0,0.117435626186342
"6777",1999-07-22,0.0135755556684194,0.110095899549696
"6778",1999-07-23,0.0110094444604798,0.110095899549696
"6779",1999-07-24,0.0225155554223392,0.105202748458598
"6780",1999-07-25,0,0.110095899549696
"6781",1999-07-26,2.56884277319908,0.114989050640794
"6782",1999-07-27,0.0942838886471257,0.10275617291305
"6783",1999-07-28,0,0.097863021821952
"6784",1999-07-29,0.0367533333135976,0.0929698707308544
"6785",1999-07-30,0.164231110986529,0.0929698707308544
"6786",1999-07-31,0,0.0954164462764032
"6787",1999-08-01,0,0.0954164462764032
"6788",1999-08-02,0,0.0880767196397568
"6789",1999-08-03,0,0.085630144094208
"6790",1999-08-04,0,0.0831835685486592
"6791",1999-08-05,0.0230950000234362,0.085630144094208
"6792",1999-08-06,0.238813888870387,0.0880767196397568
"6793",1999-08-07,0.0294688897874827,0.085630144094208
"6794",1999-08-08,0.773309996129323,0.0929698707308544
"6795",1999-08-09,0.80517944428656,0.0905232951853056
"6796",1999-08-10,0,0.0905232951853056
"6797",1999-08-11,0.178965554500309,0.085630144094208
"6798",1999-08-12,0.248167775715391,0.0880767196397568
"6799",1999-08-13,0.00670499995806151,0.0880767196397568
"6800",1999-08-14,1.74230666065713,0.0929698707308544
"6801",1999-08-15,1.4042422266677,0.119882201731891
"6802",1999-08-16,2.26976665127277,0.105202748458598
"6803",1999-08-17,0,0.0954164462764032
"6804",1999-08-18,0,0.0905232951853056
"6805",1999-08-19,0,0.0831835685486592
"6806",1999-08-20,0.0207772222666277,0.0905232951853056
"6807",1999-08-21,1.2895950010719,0.0954164462764032
"6808",1999-08-22,0.865524442629373,0.107649324004147
"6809",1999-08-23,1.86845999999013,0.105202748458598
"6810",1999-08-24,0,0.0929698707308544
"6811",1999-08-25,0,0.0880767196397568
"6812",1999-08-26,0.579278888815498,0.212852072462746
"6813",1999-08-27,4.16214941634074,0.22508495019049
"6814",1999-08-28,0.0775627789428044,0.146794532732928
"6815",1999-08-29,0,0.114989050640794
"6816",1999-08-30,0,0.097863021821952
"6817",1999-08-31,0,0.0905232951853056
"6818",1999-09-01,0,0.0880767196397568
"6819",1999-09-02,0,0.085630144094208
"6820",1999-09-03,0,0.0831835685486592
"6821",1999-09-04,0,0.0831835685486592
"6822",1999-09-05,0.0325316663558283,0.0831835685486592
"6823",1999-09-06,0.427298887972408,0.097863021821952
"6824",1999-09-07,2.65178608663877,0.139454806096282
"6825",1999-09-08,2.71188278677728,0.237317827918234
"6826",1999-09-09,0.487478330007858,0.161473986006221
"6827",1999-09-10,9.10646614774067,0.724186361482445
"6828",1999-09-11,1.88907165945818,0.663021972843725
"6829",1999-09-12,2.47050278589719,0.259337007828173
"6830",1999-09-13,3.59967446395941,0.16392056155177
"6831",1999-09-14,0,0.144347957187379
"6832",1999-09-15,0.310168331658259,0.146794532732928
"6833",1999-09-16,12.391088300493,2.02087140062331
"6834",1999-09-17,50.5373234621685,6.38556217388237
"6835",1999-09-18,0,3.84112360651162
"6836",1999-09-19,0,1.03979460685824
"6837",1999-09-20,0,0.584731555386163
"6838",1999-09-21,1.03165944004152,0.599411008659456
"6839",1999-09-22,6.64374441602495,0.800030203394458
"6840",1999-09-23,0.375811112640632,0.577391828749517
"6841",1999-09-24,0,0.440383598198784
"6842",1999-09-25,0.183766667539357,0.391452087287808
"6843",1999-09-26,0,0.352306878559027
"6844",1999-09-27,0.0431272221525304,0.318054820921344
"6845",1999-09-28,0,0.3058219431936
"6846",1999-09-29,0,0.296035641011405
"6847",1999-09-30,2.2974144551992,0.682594577208115
"6848",1999-10-01,6.43108833207025,0.648342519570432
"6849",1999-10-02,0,0.384112360651162
"6850",1999-10-03,0,0.298482216556954
"6851",1999-10-04,1.04895999723021,0.614090461932749
"6852",1999-10-05,6.89149835480583,0.645895944024883
"6853",1999-10-06,0,0.450169900380979
"6854",1999-10-07,0,0.340074000831283
"6855",1999-10-08,0,0.296035641011405
"6856",1999-10-09,0.360166110600449,0.283802763283661
"6857",1999-10-10,0.678363886230729,0.359646605195674
"6858",1999-10-11,1.9138222361236,0.425704144925491
"6859",1999-10-12,1.49687056355841,0.344967151922381
"6860",1999-10-13,0,0.293589065465856
"6861",1999-10-14,3.40241501357819,0.406131540561101
"6862",1999-10-15,0,0.354753454104576
"6863",1999-10-16,0,0.298482216556954
"6864",1999-10-17,0.082115555200312,0.281356187738112
"6865",1999-10-18,5.77830277146233,0.839175412123239
"6866",1999-10-19,0,0.543139771111834
"6867",1999-10-20,1.75621333207024,0.601857584205005
"6868",1999-10-21,4.00603055397671,0.638556217388237
"6869",1999-10-22,0,0.496654835746406
"6870",1999-10-23,3.54694497047529,1.40433436314501
"6871",1999-10-24,0,1.18169598850007
"6872",1999-10-25,3.23197554537499,0.643449368479335
"6873",1999-10-26,0,0.506441137928602
"6874",1999-10-27,0,0.452616475926528
"6875",1999-10-28,0,0.411024691652198
"6876",1999-10-29,0,0.389005511742259
"6877",1999-10-30,0,0.369432907377869
"6878",1999-10-31,0,0.357200029650125
"6879",1999-11-01,0,0.34741372746793
"6880",1999-11-02,2.74060666307476,0.384112360651162
"6881",1999-11-03,10.4978777840932,2.01842482507776
"6882",1999-11-04,0,1.55602204696904
"6883",1999-11-05,0,0.746205541392384
"6884",1999-11-06,0,0.584731555386163
"6885",1999-11-07,0,0.506441137928602
"6886",1999-11-08,0,0.455063051472077
"6887",1999-11-09,0,0.42815072047104
"6888",1999-11-10,0,0.420810993834394
"6889",1999-11-11,0.0268200000635245,0.393898662833357
"6890",1999-11-12,0,0.369432907377869
"6891",1999-11-13,0,0.357200029650125
"6892",1999-11-14,0,0.349860303013478
"6893",1999-11-15,0,0.337627425285734
"6894",1999-11-16,0,0.327841123103539
"6895",1999-11-17,0,0.315608245375795
"6896",1999-11-18,0,0.298482216556954
"6897",1999-11-19,0,0.291142489920307
"6898",1999-11-20,0.239393331174118,0.296035641011405
"6899",1999-11-21,0.581762222124159,0.327841123103539
"6900",1999-11-22,0.659656104430556,0.318054820921344
"6901",1999-11-23,0.00720166661362682,0.300928792102502
"6902",1999-11-24,0.255866109262117,0.296035641011405
"6903",1999-11-25,1.3790777806888,0.352306878559027
"6904",1999-11-26,1.68742499575681,0.48931510910976
"6905",1999-11-27,3.98202500677491,1.80067960152392
"6906",1999-11-28,0.290218887382187,1.64654534215434
"6907",1999-11-29,6.87519109484883,0.800030203394458
"6908",1999-11-30,0,0.572498677658419
"6909",1999-12-01,0,0.48931510910976
"6910",1999-12-02,0,0.437937022653235
"6911",1999-12-03,0,0.415917842743296
"6912",1999-12-04,0.044120555818288,0.403684965015552
"6913",1999-12-05,0.0747483327110401,0.393898662833357
"6914",1999-12-06,0.67099666209167,0.455063051472077
"6915",1999-12-07,5.00151609563826,0.746205541392384
"6916",1999-12-08,0,0.6116438863872
"6917",1999-12-09,0,0.46974250474537
"6918",1999-12-10,0.0655599998760347,0.442830173744333
"6919",1999-12-11,0.35155722676083,0.494208260200858
"6920",1999-12-12,0,0.437937022653235
"6921",1999-12-13,0.062911110737982,0.396345238378906
"6922",1999-12-14,2.09700943197144,0.518674015656346
"6923",1999-12-15,4.7974689002567,0.912572678489702
"6924",1999-12-16,0.595006661693256,0.822049383304397
"6925",1999-12-17,0,0.606750735296102
"6926",1999-12-18,0,0.506441137928602
"6927",1999-12-19,0,0.455063051472077
"6928",1999-12-20,0,0.511334289019699
"6929",1999-12-21,6.86029114458298,1.35050970114294
"6930",1999-12-22,0,1.02511515358495
"6931",1999-12-23,0.00215222220495343,0.67280827502592
"6932",1999-12-24,0,0.567605526567322
"6933",1999-12-25,0,0.48931510910976
"6934",1999-12-26,0,0.452616475926528
"6935",1999-12-27,0,0.442830173744333
"6936",1999-12-28,0,0.425704144925491
"6937",1999-12-29,0,0.406131540561101
"6938",1999-12-30,0,0.393898662833357
"6939",1999-12-31,0,0.389005511742259
"6940",2000-01-01,0,0.376772634014515
"6941",2000-01-02,0,0.369432907377869
"6942",2000-01-03,0.0561233330348299,0.381665785105613
"6943",2000-01-04,0.702121111545297,0.459956202563174
"6944",2000-01-05,6.37827614837222,1.06915351340483
"6945",2000-01-06,0,0.685041152753664
"6946",2000-01-07,0,0.491761684655309
"6947",2000-01-08,0,0.442830173744333
"6948",2000-01-09,0.0209427779572498,0.413471267197747
"6949",2000-01-10,1.3354539000988,0.596964433113907
"6950",2000-01-11,6.10063947412702,1.2281809238655
"6951",2000-01-12,0,0.844068563214336
"6952",2000-01-13,0.168121666424287,0.594517857568358
"6953",2000-01-14,1.93633777840932,0.50888771347415
"6954",2000-01-15,0,0.42815072047104
"6955",2000-01-16,0,0.396345238378906
"6956",2000-01-17,0,0.38655893619671
"6957",2000-01-18,0,0.36698633183232
"6958",2000-01-19,0,0.349860303013478
"6959",2000-01-20,0.209344998281139,0.337627425285734
"6960",2000-01-21,0.577540552437306,0.327841123103539
"6961",2000-01-22,0,0.318054820921344
"6962",2000-01-23,0,0.315608245375795
"6963",2000-01-24,0,0.313161669830246
"6964",2000-01-25,0.689124993138741,0.3058219431936
"6965",2000-01-26,4.89464996210733,0.3058219431936
"6966",2000-01-27,0,0.303375367648051
"6967",2000-01-28,0,0.300928792102502
"6968",2000-01-29,0,0.298482216556954
"6969",2000-01-30,0.0580272219274194,0.298482216556954
"6970",2000-01-31,5.31731333838568,0.391452087287808
"6971",2000-02-01,0,0.398791813924455
"6972",2000-02-02,0,0.342520576376832
"6973",2000-02-03,0.0467694444012725,0.313161669830246
"6974",2000-02-04,1.08844500205252,0.313161669830246
"6975",2000-02-05,0,0.308268518739149
"6976",2000-02-06,0.00653944448329922,0.300928792102502
"6977",2000-02-07,0,0.298482216556954
"6978",2000-02-08,0,0.293589065465856
"6979",2000-02-09,0,0.288695914374758
"6980",2000-02-10,0,0.313161669830246
"6981",2000-02-11,0.0575305548863898,0.340074000831283
"6982",2000-02-12,0.138735556355471,0.364539756286771
"6983",2000-02-13,0.0519844446084981,0.318054820921344
"6984",2000-02-14,4.61477829986149,1.729728910703
"6985",2000-02-15,4.62189722537994,1.6294193133355
"6986",2000-02-16,0,0.824495958849946
"6987",2000-02-17,0,0.606750735296102
"6988",2000-02-18,0,0.501547986837504
"6989",2000-02-19,2.97387445583691,0.472189080290918
"6990",2000-02-20,0.0892344430666416,0.455063051472077
"6991",2000-02-21,3.40729888974555,0.42815072047104
"6992",2000-02-22,0,0.423257569379942
"6993",2000-02-23,0,0.479528806927565
"6994",2000-02-24,0,0.650789095115981
"6995",2000-02-25,0.294523333256857,0.890553498579763
"6996",2000-02-26,1.0120411104771,1.07893981558702
"6997",2000-02-27,0.25983944335466,0.895446649670861
"6998",2000-02-28,2.9218900159465,0.993309671492813
"6999",2000-02-29,0.00405611106670565,0.976183642673971
"7000",2000-03-01,0,0.743758965846835
"7001",2000-03-02,0,0.660575397298176
"7002",2000-03-03,0,0.604304159750554
"7003",2000-03-04,0,0.543139771111834
"7004",2000-03-05,0,0.503994562383053
"7005",2000-03-06,0,0.474635655836467
"7006",2000-03-07,0,0.44772332483543
"7007",2000-03-08,0.0448655559095657,0.445276749289882
"7008",2000-03-09,0.0586894447207451,0.437937022653235
"7009",2000-03-10,0.292950556423929,0.433043871562138
"7010",2000-03-11,0.61868111424293,0.883213771943117
"7011",2000-03-12,7.62623383726015,2.4416823944577
"7012",2000-03-13,8.03697719727622,1.76642754388623
"7013",2000-03-14,0,0.983523369310618
"7014",2000-03-15,0,0.765778145756775
"7015",2000-03-16,0.0915522227353519,0.69238087939031
"7016",2000-03-17,7.59982774935827,1.64165219106325
"7017",2000-03-18,0.34733555486912,1.36763572996178
"7018",2000-03-19,0,0.902786376307507
"7019",2000-03-20,0.520092783390751,0.758438419120128
"7020",2000-03-21,0,0.677701426117018
"7021",2000-03-22,0,0.628769915206042
"7022",2000-03-23,0,0.589624706477261
"7023",2000-03-24,0,0.552926073294029
"7024",2000-03-25,0,0.523567166747443
"7025",2000-03-26,0.315135000341675,0.518674015656346
"7026",2000-03-27,0,0.486868533564211
"7027",2000-03-28,5.73020885541703,0.707060332663603
"7028",2000-03-29,0.367616111328204,0.699720606026957
"7029",2000-03-30,0,0.543139771111834
"7030",2000-03-31,0,0.477082231382016
"7031",2000-04-01,0.0245022219058333,0.445276749289882
"7032",2000-04-02,0,0.430597296016589
"7033",2000-04-03,0,0.423257569379942
"7034",2000-04-04,2.09436056139734,0.565158951021773
"7035",2000-04-05,0.873140005091825,0.538246620020736
"7036",2000-04-06,0,0.44772332483543
"7037",2000-04-07,0,0.418364418288845
"7038",2000-04-08,0.00968500001480181,0.406131540561101
"7039",2000-04-09,3.49760943088597,0.711953483754701
"7040",2000-04-10,2.74209666461415,0.709506908209152
"7041",2000-04-11,0.0137411112819488,0.50888771347415
"7042",2000-04-12,0.182359443960918,0.457509627017626
"7043",2000-04-13,0,0.425704144925491
"7044",2000-04-14,0,0.403684965015552
"7045",2000-04-15,0.0886550011021187,0.391452087287808
"7046",2000-04-16,0.904181665698999,0.455063051472077
"7047",2000-04-17,0.823721664614148,0.477082231382016
"7048",2000-04-18,2.88290164677302,0.596964433113907
"7049",2000-04-19,0.684737780481577,0.535800044475187
"7050",2000-04-20,0,0.455063051472077
"7051",2000-04-21,0.570090554099428,1.30402476577751
"7052",2000-04-22,7.48824329291451,5.65158951021773
"7053",2000-04-23,0.891268318345872,3.71879482923418
"7054",2000-04-24,13.4004805902905,1.7395152128852
"7055",2000-04-25,0,1.18414256404562
"7056",2000-04-26,0.0563716674881675,0.983523369310618
"7057",2000-04-27,1.30540555792385,0.924805556217446
"7058",2000-04-28,0.00496666667900152,0.817156232213299
"7059",2000-04-29,0,0.729079512573542
"7060",2000-04-30,0,0.655682246207078
"7061",2000-05-01,0,0.604304159750554
"7062",2000-05-02,0.667768328044148,0.601857584205005
"7063",2000-05-03,0.00968499996854613,0.57005210211287
"7064",2000-05-04,0,0.526013742292992
"7065",2000-05-05,0.0714372211959626,0.511334289019699
"7066",2000-05-06,0.211993885430197,0.513780864565248
"7067",2000-05-07,0,0.481975382473114
"7068",2000-05-08,0.253217221958873,0.462402778108723
"7069",2000-05-09,0.769253887514171,0.442830173744333
"7070",2000-05-10,0.837711120325244,0.44772332483543
"7071",2000-05-11,4.16984776798884,0.736419239210189
"7072",2000-05-12,0.308926667316713,0.574945253203968
"7073",2000-05-13,2.01373500008881,0.729079512573542
"7074",2000-05-14,1.92930166210524,1.2330740749566
"7075",2000-05-15,3.74528054713084,0.807369930031104
"7076",2000-05-16,0,0.538246620020736
"7077",2000-05-17,0,0.462402778108723
"7078",2000-05-18,0.00496666670983865,0.513780864565248
"7079",2000-05-19,5.85412726200951,0.802476778940006
"7080",2000-05-20,2.29658667602142,0.946824736127386
"7081",2000-05-21,0.874381675199915,0.831835685486592
"7082",2000-05-22,3.51490999115837,0.650789095115981
"7083",2000-05-23,0.762466113203101,0.579838404295066
"7084",2000-05-24,5.42409662119548,0.924805556217446
"7085",2000-05-25,1.76308389094141,0.944378160581837
"7086",2000-05-26,0.00190388892342647,0.682594577208115
"7087",2000-05-27,0,0.521120591201894
"7088",2000-05-28,0,0.459956202563174
"7089",2000-05-29,0,0.42815072047104
"7090",2000-05-30,0,0.40857811610665
"7091",2000-05-31,0,0.391452087287808
"7092",2000-06-01,0,0.381665785105613
"7093",2000-06-02,0.183849444590612,0.442830173744333
"7094",2000-06-03,1.85190444779582,0.621430188569395
"7095",2000-06-04,0,0.44772332483543
"7096",2000-06-05,3.43519502968259,0.371879482923418
"7097",2000-06-06,2.31918500741571,0.826942534395494
"7098",2000-06-07,18.4858506073422,2.28510155954258
"7099",2000-06-08,3.08504498665863,1.75664124170404
"7100",2000-06-09,0,0.804923354485555
"7101",2000-06-10,0,0.59207128202281
"7102",2000-06-11,0.414882220026003,0.866087743124275
"7103",2000-06-12,8.73802216222552,1.64409876660879
"7104",2000-06-13,1.55771223066913,1.10585214658806
"7105",2000-06-14,1.49115888975726,0.809816505576653
"7106",2000-06-15,0.0175488888512676,0.665468548389274
"7107",2000-06-16,0.0102644441379234,0.596964433113907
"7108",2000-06-17,0,0.540693195566285
"7109",2000-06-18,0.426885000788815,0.523567166747443
"7110",2000-06-19,1.37551833791203,0.511334289019699
"7111",2000-06-20,0,0.462402778108723
"7112",2000-06-21,0.179296666652482,0.425704144925491
"7113",2000-06-22,0.60171166516675,0.40857811610665
"7114",2000-06-23,0,0.381665785105613
"7115",2000-06-24,0,0.352306878559027
"7116",2000-06-25,0.0109266665766223,0.337627425285734
"7117",2000-06-26,0.0893999993585878,0.330287698649088
"7118",2000-06-27,0.941514442904439,0.391452087287808
"7119",2000-06-28,3.05011278393533,0.452616475926528
"7120",2000-06-29,0.322171111742656,0.357200029650125
"7121",2000-06-30,0.0546333330218782,0.32539454755799
"7122",2000-07-01,0,0.303375367648051
"7123",2000-07-02,0,0.288695914374758
"7124",2000-07-03,0.347087223036939,0.278909612192563
"7125",2000-07-04,0.406438887482717,0.28624933882921
"7126",2000-07-05,2.32117165405552,0.342520576376832
"7127",2000-07-06,0,0.288695914374758
"7128",2000-07-07,0,0.256890432282624
"7129",2000-07-08,0,0.242210979009331
"7130",2000-07-09,0.0290549998748013,0.232424676827136
"7131",2000-07-10,0.154628888331354,0.237317827918234
"7132",2000-07-11,0,0.227531525736038
"7133",2000-07-12,0,0.212852072462746
"7134",2000-07-13,0,0.205512345826099
"7135",2000-07-14,0.0788872242981775,0.205512345826099
"7136",2000-07-15,5.48171001701223,0.46974250474537
"7137",2000-07-16,7.34205782015538,1.7248357596119
"7138",2000-07-17,7.72117999400034,0.868534318669824
"7139",2000-07-18,0,0.376772634014515
"7140",2000-07-19,0.0248333331945663,0.3058219431936
"7141",2000-07-20,0.106038334154834,0.28624933882921
"7142",2000-07-21,0.221844446470443,0.26423015891927
"7143",2000-07-22,0.915604998884929,0.28624933882921
"7144",2000-07-23,0,0.249550705645978
"7145",2000-07-24,0,0.229978101281587
"7146",2000-07-25,0.0120855555167008,0.22508495019049
"7147",2000-07-26,1.50291332989931,0.300928792102502
"7148",2000-07-27,12.3117872373793,0.670361699480371
"7149",2000-07-28,2.80111721716987,0.694827454935859
"7150",2000-07-29,0.0151483333956243,0.406131540561101
"7151",2000-07-30,0.292867776366054,0.711953483754701
"7152",2000-07-31,8.77709334659575,1.45815902514708
"7153",2000-08-01,1.27270833135976,0.858748016487629
"7154",2000-08-02,0.857495006690422,0.55047949774848
"7155",2000-08-03,1.11965222115649,0.459956202563174
"7156",2000-08-04,1.31840167242951,0.523567166747443
"7157",2000-08-05,0,0.398791813924455
"7158",2000-08-06,0.0336905556196969,0.335180849740186
"7159",2000-08-07,2.41719392236074,0.587178130931712
"7160",2000-08-08,0,0.38655893619671
"7161",2000-08-09,0.139149445019248,0.320501396466893
"7162",2000-08-10,4.28772334533268,0.574945253203968
"7163",2000-08-11,0.207275554946831,0.462402778108723
"7164",2000-08-12,1.2293327733508,0.501547986837504
"7165",2000-08-13,0.194031112386535,0.521120591201894
"7166",2000-08-14,3.76448502747217,0.53090689338409
"7167",2000-08-15,1.6755877803829,0.455063051472077
"7168",2000-08-16,0.470094996785537,0.403684965015552
"7169",2000-08-17,0,0.349860303013478
"7170",2000-08-18,0,0.310715094284698
"7171",2000-08-19,0.221844444388938,0.300928792102502
"7172",2000-08-20,0,0.283802763283661
"7173",2000-08-21,0,0.26423015891927
"7174",2000-08-22,0,0.256890432282624
"7175",2000-08-23,0.121931665961113,0.261783583373722
"7176",2000-08-24,1.62716276933087,0.281356187738112
"7177",2000-08-25,0,0.259337007828173
"7178",2000-08-26,0,0.242210979009331
"7179",2000-08-27,0,0.232424676827136
"7180",2000-08-28,0,0.22508495019049
"7181",2000-08-29,3.44703220441317,0.229978101281587
"7182",2000-08-30,0,0.22508495019049
"7183",2000-08-31,0.00860888902025504,0.215298648008294
"7184",2000-09-01,0.0826950002485472,0.215298648008294
"7185",2000-09-02,0.86792499908722,0.266676734464819
"7186",2000-09-03,2.1177866614077,0.298482216556954
"7187",2000-09-04,0,0.239764403463782
"7188",2000-09-05,0.274656664505601,0.215298648008294
"7189",2000-09-06,0,0.200619194735002
"7190",2000-09-07,0,0.195726043643904
"7191",2000-09-08,0,0.193279468098355
"7192",2000-09-09,0,0.212852072462746
"7193",2000-09-10,0.505606665156264,0.278909612192563
"7194",2000-09-11,1.70257332054888,0.22508495019049
"7195",2000-09-12,0.0236744447941374,0.205512345826099
"7196",2000-09-13,2.52314945975939,0.269123310010368
"7197",2000-09-14,0,0.254443856737075
"7198",2000-09-15,6.58861441728805,0.545586346657383
"7199",2000-09-16,0.287487220853671,0.398791813924455
"7200",2000-09-17,0,0.26423015891927
"7201",2000-09-18,0.00463555559070988,0.22508495019049
"7202",2000-09-19,0.388807219976663,0.357200029650125
"7203",2000-09-20,12.0079099437926,0.956611038309581
"7204",2000-09-21,0,0.491761684655309
"7205",2000-09-22,0,0.3058219431936
"7206",2000-09-23,0,0.261783583373722
"7207",2000-09-24,0.193617222257993,0.254443856737075
"7208",2000-09-25,0.105541667190898,0.242210979009331
"7209",2000-09-26,0.582424445996785,0.269123310010368
"7210",2000-09-27,0.700051666144902,0.300928792102502
"7211",2000-09-28,0,0.254443856737075
"7212",2000-09-29,0,0.227531525736038
"7213",2000-09-30,0,0.212852072462746
"7214",2000-10-01,0,0.210405496917197
"7215",2000-10-02,0,0.207958921371648
"7216",2000-10-03,0,0.205512345826099
"7217",2000-10-04,0,0.20306577028055
"7218",2000-10-05,0.0916349995399101,0.20306577028055
"7219",2000-10-06,2.56619387104776,0.215298648008294
"7220",2000-10-07,0.161830555978024,0.215298648008294
"7221",2000-10-08,0,0.200619194735002
"7222",2000-10-09,0,0.190832892552806
"7223",2000-10-10,0,0.185939741461709
"7224",2000-10-11,0.0153966664458728,0.18349316591616
"7225",2000-10-12,0,0.181046590370611
"7226",2000-10-13,0,0.181046590370611
"7227",2000-10-14,0,0.181046590370611
"7228",2000-10-15,0,0.178600014825062
"7229",2000-10-16,0.150076110547408,0.176153439279514
"7230",2000-10-17,1.17825889212555,0.176153439279514
"7231",2000-10-18,0.513801668288083,0.207958921371648
"7232",2000-10-19,4.94605498610602,0.32539454755799
"7233",2000-10-20,0,0.256890432282624
"7234",2000-10-21,0,0.215298648008294
"7235",2000-10-22,0,0.195726043643904
"7236",2000-10-23,0,0.185939741461709
"7237",2000-10-24,0,0.18349316591616
"7238",2000-10-25,0,0.18349316591616
"7239",2000-10-26,0,0.181046590370611
"7240",2000-10-27,0,0.18349316591616
"7241",2000-10-28,0,0.18349316591616
"7242",2000-10-29,0,0.176153439279514
"7243",2000-10-30,0.0116716666524816,0.176153439279514
"7244",2000-10-31,0.139480555583309,0.176153439279514
"7245",2000-11-01,0,0.176153439279514
"7246",2000-11-02,0,0.176153439279514
"7247",2000-11-03,0,0.176153439279514
"7248",2000-11-04,0,0.176153439279514
"7249",2000-11-05,0,0.178600014825062
"7250",2000-11-06,0,0.171260288188416
"7251",2000-11-07,0,0.173706863733965
"7252",2000-11-08,0,0.178600014825062
"7253",2000-11-09,0.0448655551386376,0.173706863733965
"7254",2000-11-10,5.15250280382898,0.932145282854093
"7255",2000-11-11,3.24083279114383,0.890553498579763
"7256",2000-11-12,0.00504944450118476,0.50888771347415
"7257",2000-11-13,8.25940109311209,0.332734274194637
"7258",2000-11-14,0.447082776712047,0.330287698649088
"7259",2000-11-15,3.75918723106385,0.40857811610665
"7260",2000-11-16,0.040147222974648,0.330287698649088
"7261",2000-11-17,0,0.281356187738112
"7262",2000-11-18,0,0.259337007828173
"7263",2000-11-19,0,0.247104130100429
"7264",2000-11-20,0,0.237317827918234
"7265",2000-11-21,0.0147344446547536,0.232424676827136
"7266",2000-11-22,0,0.22508495019049
"7267",2000-11-23,0,0.217745223553843
"7268",2000-11-24,0,0.207958921371648
"7269",2000-11-25,0,0.207958921371648
"7270",2000-11-26,1.24630222569572,0.491761684655309
"7271",2000-11-27,8.08507107384999,0.755991843574579
"7272",2000-11-28,0,0.462402778108723
"7273",2000-11-29,0.0398161116242409,0.332734274194637
"7274",2000-11-30,1.6999244573911,0.342520576376832
"7275",2000-12-01,0.189892222264161,0.332734274194637
"7276",2000-12-02,0,0.296035641011405
"7277",2000-12-03,0,0.271569885555917
"7278",2000-12-04,0,0.259337007828173
"7279",2000-12-05,0,0.251997281191526
"7280",2000-12-06,0,0.24465755455488
"7281",2000-12-07,0,0.234871252372685
"7282",2000-12-08,0.121021109824586,0.229978101281587
"7283",2000-12-09,0.111667220836402,0.227531525736038
"7284",2000-12-10,0.0135755557300937,0.220191799099392
"7285",2000-12-11,0.68465499636862,0.234871252372685
"7286",2000-12-12,0.432679441326195,0.247104130100429
"7287",2000-12-13,0,0.24465755455488
"7288",2000-12-14,3.14779055145053,0.34741372746793
"7289",2000-12-15,0.559494999690396,0.342520576376832
"7290",2000-12-16,0.155622221858344,0.308268518739149
"7291",2000-12-17,9.41125389141507,2.08203578926203
"7292",2000-12-18,15.6302656130261,2.59337007828173
"7293",2000-12-19,0,1.28934531250422
"7294",2000-12-20,1.68336889394124,0.765778145756775
"7295",2000-12-21,0,0.596964433113907
"7296",2000-12-22,0.070195555451326,0.518674015656346
"7297",2000-12-23,0.00248333333950076,0.464849353654272
"7298",2000-12-24,0,0.423257569379942
"7299",2000-12-25,0,0.398791813924455
"7300",2000-12-26,0,0.352306878559027
"7301",2000-12-27,0,0.357200029650125
"7302",2000-12-28,0,0.349860303013478
"7303",2000-12-29,0.0694505546045388,0.332734274194637
"7304",2000-12-30,1.79313222065816,0.332734274194637
"7305",2000-12-31,3.07345612263679,0.349860303013478
"7306",2001-01-01,0,0.330287698649088
"7307",2001-01-02,5.11036888604693,0.313161669830246
"7308",2001-01-03,0,0.303375367648051
"7309",2001-01-04,0,0.310715094284698
"7310",2001-01-05,0.0719338899947082,0.300928792102502
"7311",2001-01-06,0.303463333349985,0.303375367648051
"7312",2001-01-07,0,0.298482216556954
"7313",2001-01-08,0.663795003434021,0.291142489920307
"7314",2001-01-09,2.03111831659741,0.298482216556954
"7315",2001-01-10,0.0322833335214398,0.288695914374758
"7316",2001-01-11,0,0.276463036647014
"7317",2001-01-12,0,0.276463036647014
"7318",2001-01-13,0,0.259337007828173
"7319",2001-01-14,0,0.261783583373722
"7320",2001-01-15,0.286990554814848,0.296035641011405
"7321",2001-01-16,1.35200944973363,0.315608245375795
"7322",2001-01-17,0,0.310715094284698
"7323",2001-01-18,0,0.293589065465856
"7324",2001-01-19,0.50105388573795,0.369432907377869
"7325",2001-01-20,0.967341111291201,0.516227440110797
"7326",2001-01-21,0.858239996667123,0.406131540561101
"7327",2001-01-22,5.65959947633743,0.335180849740186
"7328",2001-01-23,0,0.308268518739149
"7329",2001-01-24,0,0.300928792102502
"7330",2001-01-25,0,0.291142489920307
"7331",2001-01-26,0,0.281356187738112
"7332",2001-01-27,0.055792222100724,0.278909612192563
"7333",2001-01-28,0,0.271569885555917
"7334",2001-01-29,0,0.259337007828173
"7335",2001-01-30,0.0508255559459536,0.506441137928602
"7336",2001-01-31,4.72594888162613,0.667915123934823
"7337",2001-02-01,0.000248333327782651,0.557819224385127
"7338",2001-02-02,0.00446999997718053,0.501547986837504
"7339",2001-02-03,0.00794666656613763,0.450169900380979
"7340",2001-02-04,0,0.384112360651162
"7341",2001-02-05,2.6092383178605,0.371879482923418
"7342",2001-02-06,9.61058281124962,0.381665785105613
"7343",2001-02-07,0.146102778382185,0.433043871562138
"7344",2001-02-08,0,0.381665785105613
"7345",2001-02-09,0.391124997039635,0.362093180741222
"7346",2001-02-10,0.0399816665593534,0.562712375476224
"7347",2001-02-11,0,0.609197310841651
"7348",2001-02-12,0,0.44772332483543
"7349",2001-02-13,0.515457219597366,0.430597296016589
"7350",2001-02-14,0.0259094444358101,0.411024691652198
"7351",2001-02-15,0.281610001229785,0.452616475926528
"7352",2001-02-16,0.0464383332358881,0.48931510910976
"7353",2001-02-17,0.818258325405108,0.606750735296102
"7354",2001-02-18,0,0.496654835746406
"7355",2001-02-19,0,0.42815072047104
"7356",2001-02-20,0,0.425704144925491
"7357",2001-02-21,0,0.479528806927565
"7358",2001-02-22,0.0306277781262373,0.445276749289882
"7359",2001-02-23,1.70811944365501,0.423257569379942
"7360",2001-02-24,0,0.406131540561101
"7361",2001-02-25,0.600387225886289,0.609197310841651
"7362",2001-02-26,5.07303612216312,1.06670693785928
"7363",2001-02-27,0,0.826942534395494
"7364",2001-02-28,0,0.67280827502592
"7365",2001-03-01,0,0.577391828749517
"7366",2001-03-02,0.0576133329090146,0.528460317838541
"7367",2001-03-03,0.0143205552663033,0.491761684655309
"7368",2001-03-04,0.0571166674098415,0.474635655836467
"7369",2001-03-05,3.58096665403577,0.491761684655309
"7370",2001-03-06,7.871752752516,0.521120591201894
"7371",2001-03-07,2.33855498610602,0.516227440110797
"7372",2001-03-08,0,0.484421958018663
"7373",2001-03-09,0.00264888889135586,0.491761684655309
"7374",2001-03-10,2.58937166298595,0.557819224385127
"7375",2001-03-11,0,0.582284979840614
"7376",2001-03-12,3.44223111089401,0.601857584205005
"7377",2001-03-13,6.66592887088987,1.71994260852081
"7378",2001-03-14,0.883238889283605,1.59027410460672
"7379",2001-03-15,0,1.23796722604769
"7380",2001-03-16,0.021936111283799,1.20126859286446
"7381",2001-03-17,0.647322223202844,1.48262478060257
"7382",2001-03-18,0.374734998731977,1.53155629151355
"7383",2001-03-19,0,1.30402476577751
"7384",2001-03-20,0,1.14989050640794
"7385",2001-03-21,2.09800276916805,1.20371516841001
"7386",2001-03-22,14.3631861553192,5.11334289019699
"7387",2001-03-23,3.10590496873855,4.6974250474537
"7388",2001-03-24,0.0540538890837794,2.54443856737075
"7389",2001-03-25,0.00231777774138997,1.71994260852081
"7390",2001-03-26,0.10727999915938,1.38476175878062
"7391",2001-03-27,0.546498890704579,1.20616174395556
"7392",2001-03-28,0,1.04468775794934
"7393",2001-03-29,0.030627778557957,0.946824736127386
"7394",2001-03-30,9.80122000757853,3.18054820921344
"7395",2001-03-31,4.94613779735564,4.50169900380979
"7396",2001-04-01,0,2.49550705645978
"7397",2001-04-02,5.91662441476187,1.62697273778995
"7398",2001-04-03,0,1.31381106795971
"7399",2001-04-04,0,1.14010420422574
"7400",2001-04-05,0,1.03490145576714
"7401",2001-04-06,0.0438722224442494,1.00309597367501
"7402",2001-04-07,0.809815004456581,1.04224118240379
"7403",2001-04-08,0.90451277923884,1.12542475095245
"7404",2001-04-09,3.75446885683801,1.08383296667812
"7405",2001-04-10,2.36529221638044,1.12053159986135
"7406",2001-04-11,0,0.949271311672935
"7407",2001-04-12,2.61784721038077,0.95905761385513
"7408",2001-04-13,0.213483888973999,0.951717887218483
"7409",2001-04-14,0,0.824495958849946
"7410",2001-04-15,0,0.738865814755738
"7411",2001-04-16,0,0.687487728299213
"7412",2001-04-17,0,0.648342519570432
"7413",2001-04-18,0.00240055556357321,0.6116438863872
"7414",2001-04-19,0,0.574945253203968
"7415",2001-04-20,0,0.55047949774848
"7416",2001-04-21,0.0903933332093682,0.535800044475187
"7417",2001-04-22,0.325813331755705,0.55047949774848
"7418",2001-04-23,0,0.523567166747443
"7419",2001-04-24,0,0.503994562383053
"7420",2001-04-25,0.0201977772800666,0.481975382473114
"7421",2001-04-26,0,0.462402778108723
"7422",2001-04-27,0,0.450169900380979
"7423",2001-04-28,0,0.437937022653235
"7424",2001-04-29,0,0.418364418288845
"7425",2001-04-30,0,0.411024691652198
"7426",2001-05-01,0,0.403684965015552
"7427",2001-05-02,0,0.393898662833357
"7428",2001-05-03,0,0.379219209560064
"7429",2001-05-04,0,0.36698633183232
"7430",2001-05-05,0,0.354753454104576
"7431",2001-05-06,0,0.342520576376832
"7432",2001-05-07,0,0.335180849740186
"7433",2001-05-08,0,0.32539454755799
"7434",2001-05-09,0,0.32539454755799
"7435",2001-05-10,0,0.318054820921344
"7436",2001-05-11,0,0.308268518739149
"7437",2001-05-12,0.0504116662953877,0.298482216556954
"7438",2001-05-13,0.218119445474404,0.296035641011405
"7439",2001-05-14,0.0922144442797743,0.283802763283661
"7440",2001-05-15,0,0.274016461101466
"7441",2001-05-16,0,0.269123310010368
"7442",2001-05-17,0,0.266676734464819
"7443",2001-05-18,0.0119200000111014,0.266676734464819
"7444",2001-05-19,0,0.266676734464819
"7445",2001-05-20,0,0.259337007828173
"7446",2001-05-21,0.0367533335294575,0.247104130100429
"7447",2001-05-22,3.88029110116429,0.48931510910976
"7448",2001-05-23,8.11710617552863,0.934591858399642
"7449",2001-05-24,8.60483281124962,1.47773162951148
"7450",2001-05-25,3.00417111618319,1.29179188804977
"7451",2001-05-26,2.19145888847444,1.55357547142349
"7452",2001-05-27,4.09369222955406,2.12118099799081
"7453",2001-05-28,0.145192223232446,1.35540285223404
"7454",2001-05-29,5.31673386883737,0.792690476757811
"7455",2001-05-30,0.266130554756874,0.623876764114944
"7456",2001-05-31,0.0607588891189339,0.538246620020736
"7457",2001-06-01,0.0164727777950466,0.48931510910976
"7458",2001-06-02,4.53704996664656,0.929698707308544
"7459",2001-06-03,1.28404889706936,1.06181378676818
"7460",2001-06-04,5.02221055587133,0.910126102944154
"7461",2001-06-05,0,0.63121649075159
"7462",2001-06-06,0,0.518674015656346
"7463",2001-06-07,0,0.462402778108723
"7464",2001-06-08,0,0.425704144925491
"7465",2001-06-09,0,0.396345238378906
"7466",2001-06-10,0,0.369432907377869
"7467",2001-06-11,1.0298383306209,0.38655893619671
"7468",2001-06-12,7.3003377626207,1.48751793169367
"7469",2001-06-13,0,0.858748016487629
"7470",2001-06-14,0,0.511334289019699
"7471",2001-06-15,0,0.435490447107686
"7472",2001-06-16,0,0.396345238378906
"7473",2001-06-17,9.38865554608239,2.54443856737075
"7474",2001-06-18,16.2677371710671,4.06131540561101
"7475",2001-06-19,0,1.71749603297526
"7476",2001-06-20,0.218616112392085,0.848961714305434
"7477",2001-06-21,0.633581113709447,0.648342519570432
"7478",2001-06-22,0.204047223397117,0.589624706477261
"7479",2001-06-23,0.492941664113353,0.55047949774848
"7480",2001-06-24,0.469350001396923,0.562712375476224
"7481",2001-06-25,0.199577221600546,0.484421958018663
"7482",2001-06-26,0,0.433043871562138
"7483",2001-06-27,0,0.398791813924455
"7484",2001-06-28,0,0.369432907377869
"7485",2001-06-29,0,0.342520576376832
"7486",2001-06-30,0,0.32539454755799
"7487",2001-07-01,0.927607777751256,0.315608245375795
"7488",2001-07-02,0.65816610757841,0.3058219431936
"7489",2001-07-03,0,0.288695914374758
"7490",2001-07-04,0.224576112413055,0.283802763283661
"7491",2001-07-05,2.24600943986575,0.48931510910976
"7492",2001-07-06,3.16161443702378,0.641002792933786
"7493",2001-07-07,0,0.364539756286771
"7494",2001-07-08,0.543187779837081,0.322947972012442
"7495",2001-07-09,1.32030555456877,0.332734274194637
"7496",2001-07-10,0.0574477779893206,0.340074000831283
"7497",2001-07-11,0.202226110214367,0.291142489920307
"7498",2001-07-12,0.409667220820984,0.278909612192563
"7499",2001-07-13,0,0.259337007828173
"7500",2001-07-14,0,0.249550705645978
"7501",2001-07-15,0,0.239764403463782
"7502",2001-07-16,0,0.229978101281587
"7503",2001-07-17,0.0907244444055896,0.227531525736038
"7504",2001-07-18,0.427381668600771,0.234871252372685
"7505",2001-07-19,0,0.22508495019049
"7506",2001-07-20,0,0.215298648008294
"7507",2001-07-21,0,0.207958921371648
"7508",2001-07-22,0,0.200619194735002
"7509",2001-07-23,0,0.193279468098355
"7510",2001-07-24,0,0.190832892552806
"7511",2001-07-25,0,0.185939741461709
"7512",2001-07-26,0.597821113753235,0.210405496917197
"7513",2001-07-27,2.17804889188872,0.215298648008294
"7514",2001-07-28,0,0.190832892552806
"7515",2001-07-29,0,0.181046590370611
"7516",2001-07-30,0,0.178600014825062
"7517",2001-07-31,0,0.176153439279514
"7518",2001-08-01,0,0.171260288188416
"7519",2001-08-02,0,0.166367137097318
"7520",2001-08-03,0,0.161473986006221
"7521",2001-08-04,0.342699998569156,0.161473986006221
"7522",2001-08-05,0.448489999072418,0.166367137097318
"7523",2001-08-06,0,0.16392056155177
"7524",2001-08-07,0,0.156580834915123
"7525",2001-08-08,0,0.151687683824026
"7526",2001-08-09,0,0.149241108278477
"7527",2001-08-10,0,0.178600014825062
"7528",2001-08-11,1.72003944018152,0.210405496917197
"7529",2001-08-12,0.546416107085015,0.176153439279514
"7530",2001-08-13,4.95160109784868,0.418364418288845
"7531",2001-08-14,4.18118836996292,0.516227440110797
"7532",2001-08-15,0.526218330313761,0.274016461101466
"7533",2001-08-16,0,0.20306577028055
"7534",2001-08-17,0.115474998482813,0.185939741461709
"7535",2001-08-18,0.81138777860668,0.20306577028055
"7536",2001-08-19,0,0.18349316591616
"7537",2001-08-20,1.7934633360174,0.249550705645978
"7538",2001-08-21,3.40912000915739,0.222638374644941
"7539",2001-08-22,0,0.181046590370611
"7540",2001-08-23,0.158436664574676,0.168813712642867
"7541",2001-08-24,1.61110388786263,0.178600014825062
"7542",2001-08-25,0,0.166367137097318
"7543",2001-08-26,0,0.154134259369574
"7544",2001-08-27,0,0.193279468098355
"7545",2001-08-28,2.61619166824553,0.178600014825062
"7546",2001-08-29,1.38752112200525,0.181046590370611
"7547",2001-08-30,0,0.159027410460672
"7548",2001-08-31,0.0250816664298376,0.151687683824026
"7549",2001-09-01,0.343279442815629,0.154134259369574
"7550",2001-09-02,0,0.151687683824026
"7551",2001-09-03,0,0.146794532732928
"7552",2001-09-04,0.00885722220927063,0.146794532732928
"7553",2001-09-05,0.727368330412441,0.176153439279514
"7554",2001-09-06,0,0.154134259369574
"7555",2001-09-07,0,0.146794532732928
"7556",2001-09-08,0,0.144347957187379
"7557",2001-09-09,0,0.144347957187379
"7558",2001-09-10,0.0539711116008046,0.14190138164183
"7559",2001-09-11,1.28330388766527,0.14190138164183
"7560",2001-09-12,0,0.139454806096282
"7561",2001-09-13,0,0.137008230550733
"7562",2001-09-14,3.59040331170293,0.276463036647014
"7563",2001-09-15,1.21600554897491,0.251997281191526
"7564",2001-09-16,0,0.178600014825062
"7565",2001-09-17,1.36169445355682,0.154134259369574
"7566",2001-09-18,0,0.144347957187379
"7567",2001-09-19,0,0.14190138164183
"7568",2001-09-20,1.1632761085615,0.139454806096282
"7569",2001-09-21,10.1614688528909,0.53090689338409
"7570",2001-09-22,0.289639442703997,0.459956202563174
"7571",2001-09-23,0,0.232424676827136
"7572",2001-09-24,0.458174998223783,0.18349316591616
"7573",2001-09-25,2.75351999100049,0.239764403463782
"7574",2001-09-26,3.07444941555131,0.318054820921344
"7575",2001-09-27,0,0.212852072462746
"7576",2001-09-28,0.042630554648944,0.181046590370611
"7577",2001-09-29,0.101651110442562,0.26423015891927
"7578",2001-09-30,0.0156449998353298,0.210405496917197
"7579",2001-10-01,7.01061552460988,0.467295929199821
"7580",2001-10-02,0.44890389028026,0.322947972012442
"7581",2001-10-03,0,0.22361700486316
"7582",2001-10-04,0,0.197193988971233
"7583",2001-10-05,0,0.183248508361605
"7584",2001-10-06,0.0442033325765902,0.180067960152392
"7585",2001-10-07,0.27175944327325,0.17346220617941
"7586",2001-10-08,0,0.161229328451666
"7587",2001-10-09,0,0.155357547142349
"7588",2001-10-10,0,0.151687683824026
"7589",2001-10-11,0,0.148017820505702
"7590",2001-10-12,0,0.148017820505702
"7591",2001-10-13,0,0.148507135614812
"7592",2001-10-14,0,0.144347957187379
"7593",2001-10-15,3.7360094280243,0.214809332899185
"7594",2001-10-16,0,0.193279468098355
"7595",2001-10-17,0.139397777684033,0.16343124644266
"7596",2001-10-18,0,0.148507135614812
"7597",2001-10-19,0,0.139699463650836
"7598",2001-10-20,0,0.140922751423611
"7599",2001-10-21,0,0.140678093869056
"7600",2001-10-22,0,0.140188778759946
"7601",2001-10-23,0,0.139210148541727
"7602",2001-10-24,0.00571166678569798,0.137742203214397
"7603",2001-10-25,0,0.140188778759946
"7604",2001-10-26,0,0.135295627668849
"7605",2001-10-27,0,0.13235973701419
"7606",2001-10-28,0,0.129179188804977
"7607",2001-10-29,0,0.128689873695867
"7608",2001-10-30,0,0.128445216141312
"7609",2001-10-31,0,0.125998640595763
"7610",2001-11-01,0.127477777657513,0.127711243477647
"7611",2001-11-02,0,0.13235973701419
"7612",2001-11-03,0.361242220315254,0.150464396051251
"7613",2001-11-04,0.633912225106111,0.159516725569782
"7614",2001-11-05,0.897890549871657,0.148507135614812
"7615",2001-11-06,0.00157277775804202,0.136274257887068
"7616",2001-11-07,0,0.131625764350525
"7617",2001-11-08,0,0.134316997450629
"7618",2001-11-09,0.0046355555444542,0.134316997450629
"7619",2001-11-10,0,0.131625764350525
"7620",2001-11-11,0,0.132604394568745
"7621",2001-11-12,0,0.128934531250422
"7622",2001-11-13,0,0.125998640595763
"7623",2001-11-14,0,0.127466585923092
"7624",2001-11-15,0.033856111479923,0.129179188804977
"7625",2001-11-16,0.143122776567729,0.130402476577751
"7626",2001-11-17,0,0.128934531250422
"7627",2001-11-18,0,0.127221928368538
"7628",2001-11-19,0,0.128445216141312
"7629",2001-11-20,0.891847779830298,0.133583024786964
"7630",2001-11-21,0.119448332960821,0.138720833432617
"7631",2001-11-22,0,0.136274257887068
"7632",2001-11-23,0,0.130402476577751
"7633",2001-11-24,0.123173333340118,0.128689873695867
"7634",2001-11-25,1.13720110502756,0.138231518323507
"7635",2001-11-26,3.87184777588313,0.232424676827136
"7636",2001-11-27,0,0.190832892552806
"7637",2001-11-28,0.00289722215746426,0.15242165648769
"7638",2001-11-29,0.081039445161716,0.134561655005184
"7639",2001-11-30,0.756423337241015,0.13235973701419
"7640",2001-12-01,0.112412221482748,0.137008230550733
"7641",2001-12-02,0,0.131136449241416
"7642",2001-12-03,0,0.123796722604769
"7643",2001-12-04,0,0.12183946216833
"7644",2001-12-05,0.0697816667104555,0.128445216141312
"7645",2001-12-06,0,0.124286037713879
"7646",2001-12-07,0.348742776258124,0.124775352822989
"7647",2001-12-08,0.0825294452363418,0.126243298150318
"7648",2001-12-09,2.0720933354944,0.170526315524751
"7649",2001-12-10,2.40568778867192,0.182514535697941
"7650",2001-12-11,0,0.159272068015227
"7651",2001-12-12,0,0.150219738496696
"7652",2001-12-13,8.27777759275504e-05,0.145815902514709
"7653",2001-12-14,0.494762777342359,0.151443026269471
"7654",2001-12-15,0.732169446319343,0.190098919889142
"7655",2001-12-16,0.0288066668553899,0.160740013342556
"7656",2001-12-17,0,0.144837272296489
"7657",2001-12-18,5.76861776293649,0.344967151922381
"7658",2001-12-19,0.778773328076219,0.330287698649088
"7659",2001-12-20,0.00753277765566275,0.228754813508813
"7660",2001-12-21,0.00653944459122916,0.191566865216471
"7661",2001-12-22,0,0.174440836397629
"7662",2001-12-23,0.0217705552231314,0.164899191769989
"7663",2001-12-24,2.04146555394524,0.340074000831283
"7664",2001-12-25,0.230453334658096,0.288695914374758
"7665",2001-12-26,0,0.21407536023552
"7666",2001-12-27,0,0.189854262334587
"7667",2001-12-28,0,0.174930151506739
"7668",2001-12-29,0,0.163675903997215
"7669",2001-12-30,0,0.158538095351562
"7670",2001-12-31,0,0.1529109715968
"7671",2002-01-01,0,0.146305217623818
"7672",2002-01-02,0,0.141412066532721
"7673",2002-01-03,0,0.139454806096282
"7674",2002-01-04,0,0.139210148541727
"7675",2002-01-05,0,0.140678093869056
"7676",2002-01-06,0,0.153155629151355
"7677",2002-01-07,4.74407724306317,0.259337007828173
"7678",2002-01-08,1.01543499865797,0.203799742944215
"7679",2002-01-09,0,0.177621384606843
"7680",2002-01-10,0.627538333353069,0.169058370197422
"7681",2002-01-11,0,0.186918371679928
"7682",2002-01-12,1.03505332907041,0.197683304080343
"7683",2002-01-13,0.778773340596093,0.225818922854154
"7684",2002-01-14,0.530688328517807,0.218723853772063
"7685",2002-01-15,0.0743344438005652,0.190588234998252
"7686",2002-01-16,0,0.18398248102527
"7687",2002-01-17,0.570587217840883,0.179578645043282
"7688",2002-01-18,0.0501633333993247,0.178110699715953
"7689",2002-01-19,0,0.170770973079306
"7690",2002-01-20,2.63787944112884,0.169792342861087
"7691",2002-01-21,0.00711888888395494,0.174685493952184
"7692",2002-01-22,1.46301443860266,0.176398096834068
"7693",2002-01-23,0,0.181780563034276
"7694",2002-01-24,0.124663332566722,0.22361700486316
"7695",2002-01-25,0.322502223524783,0.240987691236557
"7696",2002-01-26,0,0.217011250890179
"7697",2002-01-27,0,0.194992070980239
"7698",2002-01-28,0,0.185695083907154
"7699",2002-01-29,0,0.180312617706947
"7700",2002-01-30,0.0701955545107936,0.170770973079306
"7701",2002-01-31,0,0.170770973079306
"7702",2002-02-01,1.4146722190645,0.198172619189453
"7703",2002-02-02,1.88932000599967,0.251997281191526
"7704",2002-02-03,0,0.205757003380654
"7705",2002-02-04,0,0.179578645043282
"7706",2002-02-05,0,0.168079739979203
"7707",2002-02-06,0,0.157804122687898
"7708",2002-02-07,0,0.154623574478684
"7709",2002-02-08,0.00306277780183074,0.15388960181502
"7710",2002-02-09,0,0.1529109715968
"7711",2002-02-10,0,0.157070150024233
"7712",2002-02-11,4.49086002747217,0.423257569379942
"7713",2002-02-12,0.45113889036907,0.310715094284698
"7714",2002-02-13,0,0.221659744426721
"7715",2002-02-14,0,0.189364947225477
"7716",2002-02-15,0,0.173706863733965
"7717",2002-02-16,0,0.1729728910703
"7718",2002-02-17,0.493272776573897,0.19450275587113
"7719",2002-02-18,1.15276333917512,0.20355508538966
"7720",2002-02-19,0,0.180067960152392
"7721",2002-02-20,0,0.170526315524751
"7722",2002-02-21,2.7328255505032,0.259337007828173
"7723",2002-02-22,0,0.23413727970902
"7724",2002-02-23,0,0.199885222071337
"7725",2002-02-24,0,0.181780563034276
"7726",2002-02-25,0,0.173706863733965
"7727",2002-02-26,0,0.171015630633861
"7728",2002-02-27,0,0.181780563034276
"7729",2002-02-28,1.27477777975135,0.188630974561812
"7730",2002-03-01,0,0.17395152128852
"7731",2002-03-02,0,0.16245261622444
"7732",2002-03-03,11.1966876742045,1.127871326498
"7733",2002-03-04,0.000993333311130604,0.853854865396531
"7734",2002-03-05,0,0.418364418288845
"7735",2002-03-06,0,0.315608245375795
"7736",2002-03-07,0,0.288695914374758
"7737",2002-03-08,0,0.266676734464819
"7738",2002-03-09,0.187077778067647,0.251997281191526
"7739",2002-03-10,2.38077167171902,0.320501396466893
"7740",2002-03-11,0,0.298482216556954
"7741",2002-03-12,0,0.254443856737075
"7742",2002-03-13,0.210669443112281,0.24465755455488
"7743",2002-03-14,0.330862776966146,0.241966321454776
"7744",2002-03-15,0,0.244412897000325
"7745",2002-03-16,0.508752220564418,0.254443856737075
"7746",2002-03-17,0.380777776544294,0.256890432282624
"7747",2002-03-18,1.33454333554374,0.269123310010368
"7748",2002-03-19,1.83816334075398,0.296035641011405
"7749",2002-03-20,0,0.371879482923418
"7750",2002-03-21,6.95598220390743,0.53090689338409
"7751",2002-03-22,0.897559448944198,0.40857811610665
"7752",2002-03-23,0,0.327841123103539
"7753",2002-03-24,0,0.293589065465856
"7754",2002-03-25,0,0.291142489920307
"7755",2002-03-26,0.339471668067905,0.310715094284698
"7756",2002-03-27,10.4372844059202,1.24286037713879
"7757",2002-03-28,0,0.782904174575616
"7758",2002-03-29,0,0.481975382473114
"7759",2002-03-30,0.564958334813516,0.430597296016589
"7760",2002-03-31,0.303049444069464,0.374326058468966
"7761",2002-04-01,2.60518222048547,0.433043871562138
"7762",2002-04-02,0,0.374326058468966
"7763",2002-04-03,0,0.34741372746793
"7764",2002-04-04,3.07370444981257,0.450169900380979
"7765",2002-04-05,0,0.379219209560064
"7766",2002-04-06,0,0.335180849740186
"7767",2002-04-07,0,0.310715094284698
"7768",2002-04-08,0,0.298482216556954
"7769",2002-04-09,0,0.296035641011405
"7770",2002-04-10,1.24572277785672,0.310715094284698
"7771",2002-04-11,0,0.293589065465856
"7772",2002-04-12,0,0.278909612192563
"7773",2002-04-13,0.184180556033531,0.276463036647014
"7774",2002-04-14,0.385661667929756,0.278909612192563
"7775",2002-04-15,3.79825833649105,0.379219209560064
"7776",2002-04-16,0.102147779056285,0.362093180741222
"7777",2002-04-17,0,0.298482216556954
"7778",2002-04-18,0.337153890634886,0.271569885555917
"7779",2002-04-19,0,0.259337007828173
"7780",2002-04-20,0.318942776060768,0.254443856737075
"7781",2002-04-21,0.625303335114484,0.24465755455488
"7782",2002-04-22,0.0831088888506508,0.259337007828173
"7783",2002-04-23,2.31686723690563,0.318054820921344
"7784",2002-04-24,0,0.274016461101466
"7785",2002-04-25,0,0.291142489920307
"7786",2002-04-26,4.56395276514691,0.418364418288845
"7787",2002-04-27,0,0.322947972012442
"7788",2002-04-28,2.07151389283604,0.491761684655309
"7789",2002-04-29,7.83168830680846,0.800030203394458
"7790",2002-04-30,0.0859233341418826,0.567605526567322
"7791",2002-05-01,2.5774516696665,0.63121649075159
"7792",2002-05-02,0.299903889046776,0.48931510910976
"7793",2002-05-03,2.81510666603512,0.511334289019699
"7794",2002-05-04,0,0.430597296016589
"7795",2002-05-05,0,0.359646605195674
"7796",2002-05-06,0,0.330287698649088
"7797",2002-05-07,0,0.3058219431936
"7798",2002-05-08,0,0.296035641011405
"7799",2002-05-09,0.0448655554778459,0.281356187738112
"7800",2002-05-10,0.400230555752913,0.278909612192563
"7801",2002-05-11,0,0.259337007828173
"7802",2002-05-12,0,0.28624933882921
"7803",2002-05-13,4.42844553597768,0.968843916037325
"7804",2002-05-14,14.6660699823168,2.11139469580861
"7805",2002-05-15,0.486236669705973,1.08627954222367
"7806",2002-05-16,0,0.584731555386163
"7807",2002-05-17,0.319687777570552,0.462402778108723
"7808",2002-05-18,5.83111501831478,1.30891791686861
"7809",2002-05-19,4.47223495642343,1.26732613259428
"7810",2002-05-20,0,0.707060332663603
"7811",2002-05-21,0,0.53090689338409
"7812",2002-05-22,0,0.459956202563174
"7813",2002-05-23,0,0.418364418288845
"7814",2002-05-24,0,0.389005511742259
"7815",2002-05-25,0.0548816666426137,0.354753454104576
"7816",2002-05-26,0.144612775331777,0.335180849740186
"7817",2002-05-27,0,0.327841123103539
"7818",2002-05-28,0.913701101697154,0.369432907377869
"7819",2002-05-29,1.34563555705547,0.357200029650125
"7820",2002-05-30,0,0.320501396466893
"7821",2002-05-31,0,0.330287698649088
"7822",2002-06-01,4.87569390657212,0.481975382473114
"7823",2002-06-02,0.00231777769513428,0.371879482923418
"7824",2002-06-03,0,0.283802763283661
"7825",2002-06-04,0,0.256890432282624
"7826",2002-06-05,2.50361391099294,0.3058219431936
"7827",2002-06-06,2.58117666019334,0.393898662833357
"7828",2002-06-07,12.180418976042,1.36029600332513
"7829",2002-06-08,1.09283222009076,1.05202748458598
"7830",2002-06-09,0,0.499101411291955
"7831",2002-06-10,0,0.379219209560064
"7832",2002-06-11,0,0.32539454755799
"7833",2002-06-12,0.000827777774694065,0.308268518739149
"7834",2002-06-13,0.905506110992698,0.298482216556954
"7835",2002-06-14,0,0.322947972012442
"7836",2002-06-15,3.81746278630362,0.389005511742259
"7837",2002-06-16,0.382267776850197,0.450169900380979
"7838",2002-06-17,3.72400665182538,0.626323339660493
"7839",2002-06-18,0,0.374326058468966
"7840",2002-06-19,0.130209444556075,0.300928792102502
"7841",2002-06-20,0.30230444684604,0.288695914374758
"7842",2002-06-21,0,0.266676734464819
"7843",2002-06-22,0,0.247104130100429
"7844",2002-06-23,0,0.232424676827136
"7845",2002-06-24,0.0956083329077809,0.226308237963264
"7846",2002-06-25,0,0.209426866698977
"7847",2002-06-26,0.0178800001400005,0.207958921371648
"7848",2002-06-27,0.486733335898981,0.206246318489764
"7849",2002-06-28,1.60671667771869,0.222393717090386
"7850",2002-06-29,0.00596000006722493,0.193768783207465
"7851",2002-06-30,0,0.186918371679928
"7852",2002-07-01,0,0.181780563034276
"7853",2002-07-02,0,0.171749603297526
"7854",2002-07-03,0,0.168813712642867
"7855",2002-07-04,0,0.156091519806013
"7856",2002-07-05,0,0.148751793169367
"7857",2002-07-06,0,0.138231518323507
"7858",2002-07-07,0,0.136518915441623
"7859",2002-07-08,0,0.137252888105288
"7860",2002-07-09,0,0.153155629151355
"7861",2002-07-10,4.21338889678318,0.219457826435727
"7862",2002-07-11,0,0.155112889587794
"7863",2002-07-12,0,0.135050970114294
"7864",2002-07-13,0,0.125753983041208
"7865",2002-07-14,0,0.125509325486653
"7866",2002-07-15,0,0.124041380159324
"7867",2002-07-16,0.497908332056677,0.123552065050214
"7868",2002-07-17,0,0.119882201731891
"7869",2002-07-18,0,0.116946311077233
"7870",2002-07-19,0.00596000011348064,0.134806312559739
"7871",2002-07-20,5.60074445549648,0.183737823470715
"7872",2002-07-21,0,0.141656724087276
"7873",2002-07-22,0.822562786081599,0.125264667932099
"7874",2002-07-23,0,0.187652344343593
"7875",2002-07-24,8.33257668940226,0.330287698649088
"7876",2002-07-25,0,0.182514535697941
"7877",2002-07-26,0,0.139210148541727
"7878",2002-07-27,0,0.128200558586757
"7879",2002-07-28,0,0.128445216141312
"7880",2002-07-29,1.61656721179187,0.135050970114294
"7881",2002-07-30,0,0.141167408978166
"7882",2002-07-31,0,0.124775352822989
"7883",2002-08-01,0,0.116456995968123
"7884",2002-08-02,0.211662777240595,0.216277278226514
"7885",2002-08-03,7.54353889046776,0.376772634014515
"7886",2002-08-04,0,0.221659744426721
"7887",2002-08-05,0.173916111587236,0.147773162951148
"7888",2002-08-06,0.215304999859383,0.129668503914086
"7889",2002-08-07,0,0.119882201731891
"7890",2002-08-08,0,0.113765762868019
"7891",2002-08-09,0,0.111563844877025
"7892",2002-08-10,0,0.108138639113257
"7893",2002-08-11,0,0.105202748458598
"7894",2002-08-12,0,0.104468775794934
"7895",2002-08-13,0,0.103000830467604
"7896",2002-08-14,0,0.10128822758572
"7897",2002-08-15,0,0.100554254922056
"7898",2002-08-16,0,0.100554254922056
"7899",2002-08-17,0.118289444729996,0.103490145576714
"7900",2002-08-18,0,0.10177754269483
"7901",2002-08-19,0,0.0968843916037325
"7902",2002-08-20,2.81659666461415,0.122084119722885
"7903",2002-08-21,1.7985127934085,0.126732613259428
"7904",2002-08-22,0,0.109361926886031
"7905",2002-08-23,0,0.102511515358495
"7906",2002-08-24,0,0.102022200249385
"7907",2002-08-25,0.72215333464576,0.106426036231373
"7908",2002-08-26,0.602291111648911,0.105692063567708
"7909",2002-08-27,0,0.0995756247038362
"7910",2002-08-28,0,0.0968843916037325
"7911",2002-08-29,2.31165222411685,0.511334289019699
"7912",2002-08-30,11.574154422972,0.477082231382016
"7913",2002-08-31,0,0.228265498399703
"7914",2002-09-01,0,0.158538095351562
"7915",2002-09-02,5.34487831407123,0.393898662833357
"7916",2002-09-03,6.77536110321682,0.433043871562138
"7917",2002-09-04,4.64747555997637,0.839175412123239
"7918",2002-09-05,0,0.425704144925491
"7919",2002-09-06,0,0.238541115691008
"7920",2002-09-07,0,0.186184399016264
"7921",2002-09-08,0,0.164409876660879
"7922",2002-09-09,0,0.153644944260465
"7923",2002-09-10,0,0.143858642078269
"7924",2002-09-11,0,0.139944121205391
"7925",2002-09-12,0,0.125020010377544
"7926",2002-09-13,0,0.126243298150318
"7927",2002-09-14,0,0.125509325486653
"7928",2002-09-15,0,0.188141659452703
"7929",2002-09-16,7.98101944128673,0.44772332483543
"7930",2002-09-17,1.64140055240277,0.310715094284698
"7931",2002-09-18,0,0.193279468098355
"7932",2002-09-19,0,0.155846862251459
"7933",2002-09-20,0,0.143858642078269
"7934",2002-09-21,0,0.137252888105288
"7935",2002-09-22,0,0.13235973701419
"7936",2002-09-23,1.19605611513721,0.16392056155177
"7937",2002-09-24,0,0.139454806096282
"7938",2002-09-25,0,0.127466585923092
"7939",2002-09-26,0,0.144347957187379
"7940",2002-09-27,7.65214333396488,0.474635655836467
"7941",2002-09-28,4.07332887246873,0.403684965015552
"7942",2002-09-29,0,0.249550705645978
"7943",2002-09-30,0,0.186429056570819
"7944",2002-10-01,0,0.163675903997215
"7945",2002-10-02,0,0.15340028670591
"7946",2002-10-03,0,0.146305217623818
"7947",2002-10-04,0.0532261114941081,0.139944121205391
"7948",2002-10-05,1.83609388446808,0.148017820505702
"7949",2002-10-06,0,0.148996450723922
"7950",2002-10-07,0.00471833327412606,0.137986860768952
"7951",2002-10-08,0,0.129913161468641
"7952",2002-10-09,0,0.126243298150318
"7953",2002-10-10,0,0.125753983041208
"7954",2002-10-11,6.99770217990875,0.206490976044319
"7955",2002-10-12,12.2386116963493,1.10340557104251
"7956",2002-10-13,3.21856559644805,1.12053159986135
"7957",2002-10-14,0.532095556798908,0.535800044475187
"7958",2002-10-15,0,0.32539454755799
"7959",2002-10-16,4.72396222080123,0.364539756286771
"7960",2002-10-17,8.51278383647072,0.626323339660493
"7961",2002-10-18,0.263233332938618,0.48931510910976
"7962",2002-10-19,0,0.327841123103539
"7963",2002-10-20,0,0.276463036647014
"7964",2002-10-21,0,0.251997281191526
"7965",2002-10-22,0,0.230222758836142
"7966",2002-10-23,0.0001655555518551,0.221170429317612
"7967",2002-10-24,0.0011588888629857,0.212852072462746
"7968",2002-10-25,0,0.211628784689971
"7969",2002-10-26,5.94650722916922,0.59207128202281
"7970",2002-10-27,4.92469828059939,0.587178130931712
"7971",2002-10-28,0.253134442610252,0.393898662833357
"7972",2002-10-29,0,0.303375367648051
"7973",2002-10-30,0,0.276463036647014
"7974",2002-10-31,0,0.254443856737075
"7975",2002-11-01,0,0.242700294118441
"7976",2002-11-02,0,0.231446046608917
"7977",2002-11-03,0,0.229488786172477
"7978",2002-11-04,0,0.233403307045356
"7979",2002-11-05,3.0387722293271,0.231446046608917
"7980",2002-11-06,5.75984331501854,0.435490447107686
"7981",2002-11-07,0.425891663607623,0.415917842743296
"7982",2002-11-08,0,0.315608245375795
"7983",2002-11-09,0,0.271569885555917
"7984",2002-11-10,0,0.251997281191526
"7985",2002-11-11,0.677039445115462,0.266676734464819
"7986",2002-11-12,0.158684997578669,0.340074000831283
"7987",2002-11-13,8.52048221969604,0.790243901212262
"7988",2002-11-14,0.118454998554972,0.582284979840614
"7989",2002-11-15,0,0.389005511742259
"7990",2002-11-16,0,0.337627425285734
"7991",2002-11-17,12.0732217475043,1.50464396051251
"7992",2002-11-18,7.53194998105367,2.0355508538966
"7993",2002-11-19,0,1.2232877727744
"7994",2002-11-20,0.381605558713278,0.736419239210189
"7995",2002-11-21,0,0.582284979840614
"7996",2002-11-22,2.55419113826752,0.614090461932749
"7997",2002-11-23,2.50485554687182,0.726632937027994
"7998",2002-11-24,0,0.594517857568358
"7999",2002-11-25,0,0.477082231382016
"8000",2002-11-26,0,0.437937022653235
"8001",2002-11-27,4.71758832417593,0.459956202563174
"8002",2002-11-28,0.270848887645536,0.467295929199821
"8003",2002-11-29,0,0.42815072047104
"8004",2002-11-30,1.6557211208211,0.42815072047104
"8005",2002-12-01,0,0.435490447107686
"8006",2002-12-02,0,0.401238389470003
"8007",2002-12-03,0.0078638890369071,0.374326058468966
"8008",2002-12-04,0,0.34741372746793
"8009",2002-12-05,0,0.344967151922381
"8010",2002-12-06,2.80475942012999,0.349860303013478
"8011",2002-12-07,0,0.337627425285734
"8012",2002-12-08,0,0.337627425285734
"8013",2002-12-09,0,0.32539454755799
"8014",2002-12-10,0,0.310715094284698
"8015",2002-12-11,0,0.330287698649088
"8016",2002-12-12,5.80032167487676,0.663021972843725
"8017",2002-12-13,0,0.626323339660493
"8018",2002-12-14,6.88893223232692,1.43613984523715
"8019",2002-12-15,1.23554111497932,1.41167408978166
"8020",2002-12-16,0.390379997750124,0.927252131762995
"8021",2002-12-17,0.41347499990132,0.694827454935859
"8022",2002-12-18,0,0.552926073294029
"8023",2002-12-19,0,0.494208260200858
"8024",2002-12-20,0.690201105150911,2.32913991936246
"8025",2002-12-21,15.3769655467139,2.66676734464819
"8026",2002-12-22,0,1.43858642078269
"8027",2002-12-23,0,0.944378160581837
"8028",2002-12-24,0,0.768224721302323
"8029",2002-12-25,0.208186112517284,0.822049383304397
"8030",2002-12-26,8.36850221464369,0.885660347488666
"8031",2002-12-27,0,0.741312390301286
"8032",2002-12-28,0,0.645895944024883
"8033",2002-12-29,0,0.59207128202281
"8034",2002-12-30,0.00504944440867338,0.557819224385127
"8035",2002-12-31,1.40738777761989,0.596964433113907
"8036",2003-01-01,0.478372776768169,0.900339800761959
"8037",2003-01-02,11.823646671719,2.78909612192563
"8038",2003-01-03,0.354951111071641,2.03310427835105
"8039",2003-01-04,5.740059431182,1.20860831950111
"8040",2003-01-05,0.142791667314246,0.95905761385513
"8041",2003-01-06,1.13885666998228,0.819602807758848
"8042",2003-01-07,0.349901668729054,0.743758965846835
"8043",2003-01-08,0.430444443457658,0.682594577208115
"8044",2003-01-09,0,0.677701426117018
"8045",2003-01-10,0,0.704613757118055
"8046",2003-01-11,0,0.633663066297139
"8047",2003-01-12,0,0.562712375476224
"8048",2003-01-13,0,0.526013742292992
"8049",2003-01-14,0,0.496654835746406
"8050",2003-01-15,0,0.464849353654272
"8051",2003-01-16,0,0.44772332483543
"8052",2003-01-17,0.0252472226138537,0.440383598198784
"8053",2003-01-18,0,0.40857811610665
"8054",2003-01-19,0,0.406131540561101
"8055",2003-01-20,0,0.398791813924455
"8056",2003-01-21,0,0.376772634014515
"8057",2003-01-22,0,0.357200029650125
"8058",2003-01-23,0,0.34741372746793
"8059",2003-01-24,0,0.340074000831283
"8060",2003-01-25,0,0.335180849740186
"8061",2003-01-26,0.0197838887858929,0.337627425285734
"8062",2003-01-27,0.446089445312818,0.340074000831283
"8063",2003-01-28,0,0.320501396466893
"8064",2003-01-29,0.0446172221346447,0.330287698649088
"8065",2003-01-30,0.214477220959134,0.315608245375795
"8066",2003-01-31,0,0.315608245375795
"8067",2003-02-01,0.0354288892996393,0.320501396466893
"8068",2003-02-02,0.0301311109464407,0.349860303013478
"8069",2003-02-03,0,0.396345238378906
"8070",2003-02-04,0.202474444760217,0.53090689338409
"8071",2003-02-05,2.07027223327425,0.589624706477261
"8072",2003-02-06,0,0.418364418288845
"8073",2003-02-07,1.16691833751731,0.381665785105613
"8074",2003-02-08,1.85182166698244,0.349860303013478
"8075",2003-02-09,0,0.344967151922381
"8076",2003-02-10,0.968086109038858,0.342520576376832
"8077",2003-02-11,1.4277511191633,0.337627425285734
"8078",2003-02-12,0,0.322947972012442
"8079",2003-02-13,0,0.303375367648051
"8080",2003-02-14,0,0.298482216556954
"8081",2003-02-15,0,0.303375367648051
"8082",2003-02-16,0,0.281356187738112
"8083",2003-02-17,0.45784388585575,0.254443856737075
"8084",2003-02-18,14.3011855858697,0.322947972012442
"8085",2003-02-19,0,0.354753454104576
"8086",2003-02-20,0,0.327841123103539
"8087",2003-02-21,0,0.337627425285734
"8088",2003-02-22,0,0.800030203394458
"8089",2003-02-23,13.1072816691929,2.71569885555917
"8090",2003-02-24,9.09553951517741,2.11873442244526
"8091",2003-02-25,0,1.07893981558702
"8092",2003-02-26,0,0.689934303844762
"8093",2003-02-27,0,0.567605526567322
"8094",2003-02-28,0,0.523567166747443
"8095",2003-03-01,0,0.481975382473114
"8096",2003-03-02,0.756175001184145,1.37742203214397
"8097",2003-03-03,7.03660775756835,1.74930151506739
"8098",2003-03-04,0,0.893000074125312
"8099",2003-03-05,0.795908329173404,0.895446649670861
"8100",2003-03-06,2.09965832622846,0.976183642673971
"8101",2003-03-07,2.51884499573708,0.675254850571469
"8102",2003-03-08,0,0.623876764114944
"8103",2003-03-09,0,0.787797325666714
"8104",2003-03-10,0,0.834282261032141
"8105",2003-03-11,0,0.599411008659456
"8106",2003-03-12,0,0.584731555386163
"8107",2003-03-13,0,0.643449368479335
"8108",2003-03-14,1.59628667187691,0.562712375476224
"8109",2003-03-15,0,0.535800044475187
"8110",2003-03-16,0,0.780457599030067
"8111",2003-03-17,0,1.34072339896074
"8112",2003-03-18,0,1.70281657970196
"8113",2003-03-19,0,1.60740013342556
"8114",2003-03-20,0,1.25998640595763
"8115",2003-03-21,8.75821997600132,3.42520576376832
"8116",2003-03-22,0.601628887961308,2.88695914374758
"8117",2003-03-23,0,1.76887411943178
"8118",2003-03-24,0,1.24286037713879
"8119",2003-03-25,0,1.0177754269483
"8120",2003-03-26,0,0.900339800761959
"8121",2003-03-27,1.54041167187691,0.900339800761959
"8122",2003-03-28,0,0.797583627848909
"8123",2003-03-29,0.228135555081897,0.822049383304397
"8124",2003-03-30,5.52202276325225,1.29423846359532
"8125",2003-03-31,1.22718056147628,1.08138639113257
"8126",2003-04-01,0,0.822049383304397
"8127",2003-04-02,0.306360555970006,0.719293210391347
"8128",2003-04-03,0,0.667915123934823
"8129",2003-04-04,0.387482775823938,0.643449368479335
"8130",2003-04-05,0.867097220248645,0.655682246207078
"8131",2003-04-06,0.884232216735681,0.655682246207078
"8132",2003-04-07,0,0.59207128202281
"8133",2003-04-08,2.90599667803447,0.623876764114944
"8134",2003-04-09,1.69752389228344,0.73397266366464
"8135",2003-04-10,1.86647332164976,0.797583627848909
"8136",2003-04-11,0,1.1131918732247
"8137",2003-04-12,7.77548225127325,2.15787963117404
"8138",2003-04-13,2.56031665640407,1.77132069497733
"8139",2003-04-14,0,1.05447406013153
"8140",2003-04-15,0,0.848961714305434
"8141",2003-04-16,0,0.765778145756775
"8142",2003-04-17,0,0.680148001662567
"8143",2003-04-18,0,0.616537037478298
"8144",2003-04-19,0,0.584731555386163
"8145",2003-04-20,0,0.560265799930675
"8146",2003-04-21,0,0.543139771111834
"8147",2003-04-22,1.1112088830471,0.574945253203968
"8148",2003-04-23,0.863620550976858,0.552926073294029
"8149",2003-04-24,0,0.506441137928602
"8150",2003-04-25,0,0.474635655836467
"8151",2003-04-26,1.47576222790612,0.814709656667751
"8152",2003-04-27,6.82146831501854,1.33583024786965
"8153",2003-04-28,0,0.851408289850982
"8154",2003-04-29,0,0.63121649075159
"8155",2003-04-30,0.0187905552589024,0.557819224385127
"8156",2003-05-01,0.956166111032168,0.548032922202931
"8157",2003-05-02,0.543684444997045,0.560265799930675
"8158",2003-05-03,1.93211611675554,0.584731555386163
"8159",2003-05-04,0,0.513780864565248
"8160",2003-05-05,0,0.472189080290918
"8161",2003-05-06,0.470839996506769,0.459956202563174
"8162",2003-05-07,0.163072221383452,0.457509627017626
"8163",2003-05-08,4.02606278472476,0.729079512573542
"8164",2003-05-09,0.792845553345151,0.687487728299213
"8165",2003-05-10,0,0.53090689338409
"8166",2003-05-11,0,0.46974250474537
"8167",2003-05-12,3.06360556660758,0.616537037478298
"8168",2003-05-13,0.419848887645535,0.499101411291955
"8169",2003-05-14,0.274077223327425,0.452616475926528
"8170",2003-05-15,0,0.423257569379942
"8171",2003-05-16,0,0.401238389470003
"8172",2003-05-17,0,0.38655893619671
"8173",2003-05-18,0,0.374326058468966
"8174",2003-05-19,0,0.362093180741222
"8175",2003-05-20,0,0.349860303013478
"8176",2003-05-21,0.0761555553643655,0.352306878559027
"8177",2003-05-22,1.14349222111702,0.381665785105613
"8178",2003-05-23,1.63154999921057,0.435490447107686
"8179",2003-05-24,1.94560888462596,0.535800044475187
"8180",2003-05-25,0.89830444428656,0.484421958018663
"8181",2003-05-26,1.99113667227162,1.67345767315538
"8182",2003-05-27,14.1701483484904,2.43923581891215
"8183",2003-05-28,0.676542783856391,1.40433436314501
"8184",2003-05-29,1.87019833980666,1.06670693785928
"8185",2003-05-30,0.0105127779436815,0.773117872393421
"8186",2003-05-31,0.287818332959587,0.682594577208115
"8187",2003-06-01,9.5046272462209,1.89854262334587
"8188",2003-06-02,2.44227556313409,2.2459563508138
"8189",2003-06-03,0,1.1131918732247
"8190",2003-06-04,2.2506449988948,1.10095899549696
"8191",2003-06-05,7.66182832670211,2.47104130100429
"8192",2003-06-06,0.331607777304119,1.43858642078269
"8193",2003-06-07,0,1.06670693785928
"8194",2003-06-08,4.17522834406958,1.19148229068227
"8195",2003-06-09,0,0.929698707308544
"8196",2003-06-10,0.0216877778326679,0.746205541392384
"8197",2003-06-11,0,0.641002792933786
"8198",2003-06-12,0.899463339964547,0.626323339660493
"8199",2003-06-13,9.85999221716986,2.17255908444734
"8200",2003-06-14,4.62595332670211,2.51997281191526
"8201",2003-06-15,1.11625832760996,1.4239069675094
"8202",2003-06-16,0,0.89789322521641
"8203",2003-06-17,0,0.724186361482445
"8204",2003-06-18,3.23321722348532,1.05936721122263
"8205",2003-06-19,1.91282888431019,1.03245488022159
"8206",2003-06-20,0.0395677775255301,0.770671296847872
"8207",2003-06-21,0.0236744447170446,0.73397266366464
"8208",2003-06-22,4.95242888667848,1.33093709677855
"8209",2003-06-23,5.68915109311209,1.76153439279514
"8210",2003-06-24,0.164644998771449,1.1131918732247
"8211",2003-06-25,0,0.773117872393421
"8212",2003-06-26,0,0.636109641842688
"8213",2003-06-27,0,0.562712375476224
"8214",2003-06-28,0,0.496654835746406
"8215",2003-06-29,0.0149827781213034,0.462402778108723
"8216",2003-06-30,0.0711888886699453,0.467295929199821
"8217",2003-07-01,0.799302226189111,0.501547986837504
"8218",2003-07-02,0,0.420810993834394
"8219",2003-07-03,0,0.393898662833357
"8220",2003-07-04,0,0.384112360651162
"8221",2003-07-05,0,0.364539756286771
"8222",2003-07-06,0.00190388893884503,0.34741372746793
"8223",2003-07-07,0.000662222207420404,0.335180849740186
"8224",2003-07-08,0.7660255537596,0.344967151922381
"8225",2003-07-09,0,0.337627425285734
"8226",2003-07-10,2.32953222285377,0.36698633183232
"8227",2003-07-11,0.387979443497128,0.362093180741222
"8228",2003-07-12,0.227059444565326,0.337627425285734
"8229",2003-07-13,0,0.315608245375795
"8230",2003-07-14,0,0.298482216556954
"8231",2003-07-15,0,0.293589065465856
"8232",2003-07-16,0.0134927779541661,0.296035641011405
"8233",2003-07-17,0.587142776110105,0.291142489920307
"8234",2003-07-18,0,0.276463036647014
"8235",2003-07-19,1.83112722648515,0.433043871562138
"8236",2003-07-20,0,0.337627425285734
"8237",2003-07-21,0,0.281356187738112
"8238",2003-07-22,2.29782833558321,0.560265799930675
"8239",2003-07-23,5.98880663919447,0.67280827502592
"8240",2003-07-24,1.23595500544707,0.437937022653235
"8241",2003-07-25,0.00107611110247672,0.34741372746793
"8242",2003-07-26,0,0.303375367648051
"8243",2003-07-27,0,0.283802763283661
"8244",2003-07-28,0.0856750003361246,0.269123310010368
"8245",2003-07-29,0.0855922223597557,0.256890432282624
"8246",2003-07-30,0,0.249550705645978
"8247",2003-07-31,0,0.242455636563886
"8248",2003-08-01,0.858405559897423,0.288695914374758
"8249",2003-08-02,6.37993165498311,0.543139771111834
"8250",2003-08-03,1.33048722780744,0.464849353654272
"8251",2003-08-04,8.93875833649105,0.729079512573542
"8252",2003-08-05,3.99824943055048,0.961504189400678
"8253",2003-08-06,2.98687056873903,0.883213771943117
"8254",2003-08-07,0.0216049997946247,0.486868533564211
"8255",2003-08-08,5.59602609311209,0.873427469760922
"8256",2003-08-09,0.217788334139416,0.579838404295066
"8257",2003-08-10,4.56800889015197,0.665468548389274
"8258",2003-08-11,2.43143167471886,0.71440005930025
"8259",2003-08-12,0.533420001460447,0.457509627017626
"8260",2003-08-13,0,0.401238389470003
"8261",2003-08-14,3.42791056159469,0.538246620020736
"8262",2003-08-15,0,0.415917842743296
"8263",2003-08-16,0,0.467295929199821
"8264",2003-08-17,4.45112663729985,0.557819224385127
"8265",2003-08-18,4.14377277904086,0.63121649075159
"8266",2003-08-19,0.308264444538805,0.433043871562138
"8267",2003-08-20,0,0.362093180741222
"8268",2003-08-21,0,0.32539454755799
"8269",2003-08-22,0,0.308268518739149
"8270",2003-08-23,0.381771110703444,0.298482216556954
"8271",2003-08-24,0,0.278909612192563
"8272",2003-08-25,0,0.266676734464819
"8273",2003-08-26,0,0.261783583373722
"8274",2003-08-27,0,0.254443856737075
"8275",2003-08-28,0,0.24465755455488
"8276",2003-08-29,0,0.232424676827136
"8277",2003-08-30,0,0.231690704163471
"8278",2003-08-31,0,0.224840292635935
"8279",2003-09-01,0.0411405549597822,0.23364796459991
"8280",2003-09-02,17.8898504810333,1.85205768798044
"8281",2003-09-03,2.15752000284195,1.32115079459635
"8282",2003-09-04,1.09481889473067,0.579838404295066
"8283",2003-09-05,0.0740033334369461,0.450169900380979
"8284",2003-09-06,0,0.379219209560064
"8285",2003-09-07,0,0.340074000831283
"8286",2003-09-08,0,0.318054820921344
"8287",2003-09-09,0,0.300928792102502
"8288",2003-09-10,0,0.288695914374758
"8289",2003-09-11,0,0.278909612192563
"8290",2003-09-12,0,0.266676734464819
"8291",2003-09-13,0,0.259337007828173
"8292",2003-09-14,4.13152167961332,0.401238389470003
"8293",2003-09-15,0.990104999131628,0.374326058468966
"8294",2003-09-16,6.41668495326573,0.924805556217446
"8295",2003-09-17,0,0.496654835746406
"8296",2003-09-18,0,0.349860303013478
"8297",2003-09-19,4.5580755583975,0.557819224385127
"8298",2003-09-20,1.78957278022501,0.57005210211287
"8299",2003-09-21,0,0.389005511742259
"8300",2003-09-22,0,0.332734274194637
"8301",2003-09-23,0.180538335511668,0.995756247038362
"8302",2003-09-24,10.8663216275109,1.50219738496696
"8303",2003-09-25,0,0.670361699480371
"8304",2003-09-26,0.321508889165189,0.457509627017626
"8305",2003-09-27,0.0259094446825071,0.411024691652198
"8306",2003-09-28,1.35267166700711,3.42520576376832
"8307",2003-09-29,18.1508488674164,2.93589065465856
"8308",2003-09-30,0.234261112689972,1.328490521233
"8309",2003-10-01,0,0.79513705230336
"8310",2003-10-02,0,0.643449368479335
"8311",2003-10-03,0,0.562712375476224
"8312",2003-10-04,0,0.516227440110797
"8313",2003-10-05,0.782332776712047,0.48931510910976
"8314",2003-10-06,0,0.457509627017626
"8315",2003-10-07,0,0.435490447107686
"8316",2003-10-08,0,0.418364418288845
"8317",2003-10-09,0,0.403684965015552
"8318",2003-10-10,0,0.391452087287808
"8319",2003-10-11,0,0.38655893619671
"8320",2003-10-12,0.144778332332977,1.13276447758909
"8321",2003-10-13,8.04997330586115,0.829389109941043
"8322",2003-10-14,0,0.533353468929639
"8323",2003-10-15,10.1387049482134,1.48751793169367
"8324",2003-10-16,0,1.09117269331477
"8325",2003-10-17,0,0.667915123934823
"8326",2003-10-18,1.27229445075989,0.596964433113907
"8327",2003-10-19,0.347501110775605,0.601857584205005
"8328",2003-10-20,1.9653100045787,0.596964433113907
"8329",2003-10-21,0,0.560265799930675
"8330",2003-10-22,1.90637221590678,0.604304159750554
"8331",2003-10-23,0.115971665816796,0.53090689338409
"8332",2003-10-24,0,0.481975382473114
"8333",2003-10-25,0,0.457509627017626
"8334",2003-10-26,0.180703888750739,0.46974250474537
"8335",2003-10-27,4.7747877989345,1.04468775794934
"8336",2003-10-28,7.24529052776761,1.77376727052288
"8337",2003-10-29,7.80958667108748,3.27841123103539
"8338",2003-10-30,8.19301336680519,3.52306878559027
"8339",2003-10-31,0,1.76153439279514
"8340",2003-11-01,0,1.13031790204355
"8341",2003-11-02,0.00124166663891325,0.951717887218483
"8342",2003-11-03,0.0623316669694872,0.846515138759885
"8343",2003-11-04,0,0.773117872393421
"8344",2003-11-05,1.88286333167553,0.848961714305434
"8345",2003-11-06,4.14302779356639,1.07404666449592
"8346",2003-11-07,1.12867500611809,0.988416520401715
"8347",2003-11-08,0,0.802476778940006
"8348",2003-11-09,0,0.687487728299213
"8349",2003-11-10,0,0.638556217388237
"8350",2003-11-11,0,0.618983613023847
"8351",2003-11-12,0.583169443852371,0.618983613023847
"8352",2003-11-13,0.798722775883145,0.633663066297139
"8353",2003-11-14,0,0.589624706477261
"8354",2003-11-15,0,0.55047949774848
"8355",2003-11-16,0,0.528460317838541
"8356",2003-11-17,0.0207772220199307,0.518674015656346
"8357",2003-11-18,0.352716109255951,0.50888771347415
"8358",2003-11-19,0.0612555566379388,0.574945253203968
"8359",2003-11-20,10.924928293546,1.75419466615849
"8360",2003-11-21,0.0079466667511604,1.61473986006221
"8361",2003-11-22,0,0.870980894215373
"8362",2003-11-23,0,0.687487728299213
"8363",2003-11-24,0,0.621430188569395
"8364",2003-11-25,1.52153832496537,0.663021972843725
"8365",2003-11-26,0,0.618983613023847
"8366",2003-11-27,0,0.567605526567322
"8367",2003-11-28,0.0494183328146529,0.59207128202281
"8368",2003-11-29,5.40720998642181,0.993309671492813
"8369",2003-11-30,0,0.831835685486592
"8370",2003-12-01,0,0.63121649075159
"8371",2003-12-02,8.27777759275504e-05,0.565158951021773
"8372",2003-12-03,0,0.518674015656346
"8373",2003-12-04,0,0.491761684655309
"8374",2003-12-05,0,0.48931510910976
"8375",2003-12-06,2.51545112389988,0.511334289019699
"8376",2003-12-07,4.54292721780141,0.518674015656346
"8377",2003-12-08,0,0.503994562383053
"8378",2003-12-09,0,0.484421958018663
"8379",2003-12-10,0,0.484421958018663
"8380",2003-12-11,0.847396108190219,1.38720833432617
"8381",2003-12-12,5.95321220895979,1.8447179613438
"8382",2003-12-13,0,1.06426036231373
"8383",2003-12-14,0,0.748652116937933
"8384",2003-12-15,8.52279997158051,1.45326587405599
"8385",2003-12-16,0,1.10585214658806
"8386",2003-12-17,0,2.3511590992724
"8387",2003-12-18,9.91040390088822,4.33043871562138
"8388",2003-12-19,0,2.42210979009331
"8389",2003-12-20,0,1.39454806096282
"8390",2003-12-21,0,1.07893981558702
"8391",2003-12-22,0,0.939485009490739
"8392",2003-12-23,0,0.870980894215373
"8393",2003-12-24,0.984641670021745,1.39454806096282
"8394",2003-12-25,7.02361164898342,2.12607414908191
"8395",2003-12-26,0.0237572223850422,1.46305217623818
"8396",2003-12-27,0,1.03245488022159
"8397",2003-12-28,0,0.883213771943117
"8398",2003-12-29,0,0.807369930031104
"8399",2003-12-30,0,0.780457599030067
"8400",2003-12-31,0.416868889994091,0.741312390301286
"8401",2004-01-01,0,0.685041152753664
"8402",2004-01-02,0.200736111357808,0.655682246207078
"8403",2004-01-03,0.704852773633269,0.655682246207078
"8404",2004-01-04,1.17345778559314,0.682594577208115
"8405",2004-01-05,4.68927832354441,1.127871326498
"8406",2004-01-06,0.997720561239454,1.08138639113257
"8407",2004-01-07,0.0284755553199599,0.778011023484519
"8408",2004-01-08,0,0.628769915206042
"8409",2004-01-09,0,0.577391828749517
"8410",2004-01-10,0,0.506441137928602
"8411",2004-01-11,0,0.496654835746406
"8412",2004-01-12,1.02156055034532,0.513780864565248
"8413",2004-01-13,0.0300483332938619,0.526013742292992
"8414",2004-01-14,0,0.499101411291955
"8415",2004-01-15,0.602042773988512,0.48931510910976
"8416",2004-01-16,0,0.496654835746406
"8417",2004-01-17,0,0.464849353654272
"8418",2004-01-18,0.31546611172292,0.474635655836467
"8419",2004-01-19,1.45490221622255,0.472189080290918
"8420",2004-01-20,0,0.452616475926528
"8421",2004-01-21,0,0.440383598198784
"8422",2004-01-22,0,0.437937022653235
"8423",2004-01-23,0,0.42815072047104
"8424",2004-01-24,0,0.411024691652198
"8425",2004-01-25,0,0.415917842743296
"8426",2004-01-26,0,0.401238389470003
"8427",2004-01-27,0.326558331261079,0.393898662833357
"8428",2004-01-28,2.91112888352076,0.403684965015552
"8429",2004-01-29,0.438722222222222,0.403684965015552
"8430",2004-01-30,0,0.38655893619671
"8431",2004-01-31,0,0.393898662833357
"8432",2004-02-01,0,0.374326058468966
"8433",2004-02-02,0,0.36698633183232
"8434",2004-02-03,0,0.455063051472077
"8435",2004-02-04,7.39569776640998,0.878320620852019
"8436",2004-02-05,0,0.633663066297139
"8437",2004-02-06,0.84590611158477,0.848961714305434
"8438",2004-02-07,9.49105160098605,1.65633164433654
"8439",2004-02-08,0.0399816664360049,0.990863095947264
"8440",2004-02-09,0,0.636109641842688
"8441",2004-02-10,0,0.567605526567322
"8442",2004-02-11,0,0.565158951021773
"8443",2004-02-12,0,0.506441137928602
"8444",2004-02-13,0,0.477082231382016
"8445",2004-02-14,0,0.472189080290918
"8446",2004-02-15,0,0.455063051472077
"8447",2004-02-16,0,0.415917842743296
"8448",2004-02-17,0,0.40857811610665
"8449",2004-02-18,0,0.406131540561101
"8450",2004-02-19,0,0.406131540561101
"8451",2004-02-20,0,0.406131540561101
"8452",2004-02-21,0.0812877784586613,0.406131540561101
"8453",2004-02-22,8.27777759275504e-05,0.433043871562138
"8454",2004-02-23,0,0.445276749289882
"8455",2004-02-24,0.00339388889012237,0.433043871562138
"8456",2004-02-25,0,0.40857811610665
"8457",2004-02-26,0,0.396345238378906
"8458",2004-02-27,0,0.393898662833357
"8459",2004-02-28,0,0.393898662833357
"8460",2004-02-29,0,0.42815072047104
"8461",2004-03-01,0,0.44772332483543
"8462",2004-03-02,0.194196667229136,0.506441137928602
"8463",2004-03-03,0,0.562712375476224
"8464",2004-03-04,1.21029388920466,0.567605526567322
"8465",2004-03-05,0.685896662837928,0.555372648839578
"8466",2004-03-06,3.39041220580206,0.853854865396531
"8467",2004-03-07,0.969162226524617,0.851408289850982
"8468",2004-03-08,0.575553886678483,0.623876764114944
"8469",2004-03-09,0.73779833428065,0.577391828749517
"8470",2004-03-10,0.914611667732399,0.574945253203968
"8471",2004-03-11,0,0.543139771111834
"8472",2004-03-12,0,0.513780864565248
"8473",2004-03-13,0,0.481975382473114
"8474",2004-03-14,0,0.455063051472077
"8475",2004-03-15,0.114564443888143,0.455063051472077
"8476",2004-03-16,0.0199494442760737,0.452616475926528
"8477",2004-03-17,2.533,0.472189080290918
"8478",2004-03-18,0.545505555358197,0.46974250474537
"8479",2004-03-19,1.6616810993486,0.481975382473114
"8480",2004-03-20,0.324406112571558,0.48931510910976
"8481",2004-03-21,2.68299332449171,0.804923354485555
"8482",2004-03-22,0,0.711953483754701
"8483",2004-03-23,0,0.55047949774848
"8484",2004-03-24,0,0.506441137928602
"8485",2004-03-25,0.107197221383452,0.484421958018663
"8486",2004-03-26,0,0.477082231382016
"8487",2004-03-27,0.841767224669457,0.481975382473114
"8488",2004-03-28,0,0.46974250474537
"8489",2004-03-29,0,0.435490447107686
"8490",2004-03-30,0,0.425704144925491
"8491",2004-03-31,5.83376389678318,1.12542475095245
"8492",2004-04-01,8.92187161488003,2.78909612192563
"8493",2004-04-02,5.2528294734955,2.6423015891927
"8494",2004-04-03,0,1.56336177360568
"8495",2004-04-04,0.366788328419131,1.09117269331477
"8496",2004-04-05,1.03108000149992,1.00064939812946
"8497",2004-04-06,0,0.824495958849946
"8498",2004-04-07,0,0.716846634845798
"8499",2004-04-08,0,0.660575397298176
"8500",2004-04-09,0,0.618983613023847
"8501",2004-04-10,0,0.582284979840614
"8502",2004-04-11,0,0.55047949774848
"8503",2004-04-12,0,0.535800044475187
"8504",2004-04-13,7.34983891730838,2.20925771763057
"8505",2004-04-14,17.4116432234446,6.09197310841651
"8506",2004-04-15,1.99643445486492,3.71879482923418
"8507",2004-04-16,0.574477776593631,1.78355357270508
"8508",2004-04-17,0,1.2330740749566
"8509",2004-04-18,0,1.00309597367501
"8510",2004-04-19,0,0.875874045306471
"8511",2004-04-20,0,0.79513705230336
"8512",2004-04-21,0,0.71440005930025
"8513",2004-04-22,0.00761555563203164,0.665468548389274
"8514",2004-04-23,2.0969266720348,0.719293210391347
"8515",2004-04-24,2.0588488989936,0.792690476757811
"8516",2004-04-25,0,0.641002792933786
"8517",2004-04-26,4.81096164740455,1.21105489504666
"8518",2004-04-27,5.32873664108913,2.24350977526825
"8519",2004-04-28,0.00306277784808641,1.30402476577751
"8520",2004-04-29,0,0.863641167578726
"8521",2004-04-30,0,0.731526088119091
"8522",2004-05-01,0,0.663021972843725
"8523",2004-05-02,0,0.65323567066153
"8524",2004-05-03,1.36997222222222,0.770671296847872
"8525",2004-05-04,6.11347002336713,1.34806312559739
"8526",2004-05-05,8.27777759275504e-05,0.915019254035251
"8527",2004-05-06,0.110508332189276,0.680148001662567
"8528",2004-05-07,0,0.594517857568358
"8529",2004-05-08,0,0.53090689338409
"8530",2004-05-09,0.641858887586328,0.526013742292992
"8531",2004-05-10,0.720663335820038,0.523567166747443
"8532",2004-05-11,0.391952777975135,0.48931510910976
"8533",2004-05-12,0,0.455063051472077
"8534",2004-05-13,0.0267372223801083,0.423257569379942
"8535",2004-05-14,0,0.401238389470003
"8536",2004-05-15,0,0.391452087287808
"8537",2004-05-16,1.62790778046184,0.420810993834394
"8538",2004-05-17,0,0.396345238378906
"8539",2004-05-18,0.16439666604499,0.371879482923418
"8540",2004-05-19,1.60224665632513,0.430597296016589
"8541",2004-05-20,0,0.423257569379942
"8542",2004-05-21,0.705597770702507,0.371879482923418
"8543",2004-05-22,0,0.362093180741222
"8544",2004-05-23,0.161665000009868,0.494208260200858
"8545",2004-05-24,7.81943722316953,0.85630144094208
"8546",2004-05-25,0.347832224346282,0.584731555386163
"8547",2004-05-26,0.0105955557812833,0.418364418288845
"8548",2004-05-27,4.05122722885343,0.606750735296102
"8549",2004-05-28,0.816188887128088,0.699720606026957
"8550",2004-05-29,3.13520830965043,0.628769915206042
"8551",2004-05-30,0,0.442830173744333
"8552",2004-05-31,0,0.381665785105613
"8553",2004-06-01,3.2517594517072,0.533353468929639
"8554",2004-06-02,0.787464992066224,0.567605526567322
"8555",2004-06-03,1.66027388833629,0.442830173744333
"8556",2004-06-04,0.0562061106103161,0.36698633183232
"8557",2004-06-05,0,0.332734274194637
"8558",2004-06-06,0.0296344446146654,0.322947972012442
"8559",2004-06-07,0.13393444302347,0.320501396466893
"8560",2004-06-08,0,0.308268518739149
"8561",2004-06-09,0,0.293589065465856
"8562",2004-06-10,0.764121662245856,0.293589065465856
"8563",2004-06-11,0,0.276463036647014
"8564",2004-06-12,0,0.261783583373722
"8565",2004-06-13,0,0.251997281191526
"8566",2004-06-14,0.0063738887310028,0.259337007828173
"8567",2004-06-15,1.09043166485098,0.26423015891927
"8568",2004-06-16,0,0.247104130100429
"8569",2004-06-17,0.00132444444567793,0.235605225036349
"8570",2004-06-18,0.956580003473494,0.261783583373722
"8571",2004-06-19,1.93302666256163,0.369432907377869
"8572",2004-06-20,0,0.26423015891927
"8573",2004-06-21,0,0.231446046608917
"8574",2004-06-22,0.000744999983347954,0.22410631997227
"8575",2004-06-23,0.198004443842504,0.220191799099392
"8576",2004-06-24,0,0.209671524253532
"8577",2004-06-25,0.0062083332716591,0.207469606262538
"8578",2004-06-26,0.466618331892622,0.209426866698977
"8579",2004-06-27,0.0730927775316975,0.201353167398666
"8580",2004-06-28,0,0.192790152989245
"8581",2004-06-29,1.91100776704152,0.230222758836142
"8582",2004-06-30,0,0.213830702680965
"8583",2004-07-01,0.628945558087901,0.201353167398666
"8584",2004-07-02,0.00057944443149285,0.203799742944215
"8585",2004-07-03,1.70919557248884,0.19352412565291
"8586",2004-07-04,0,0.176398096834068
"8587",2004-07-05,4.9484555413458,0.574945253203968
"8588",2004-07-06,3.48370276514691,0.467295929199821
"8589",2004-07-07,0,0.318054820921344
"8590",2004-07-08,0.0175488886816634,0.232913991936246
"8591",2004-07-09,0.144198889027039,0.207958921371648
"8592",2004-07-10,0,0.192790152989245
"8593",2004-07-11,0,0.182025220588831
"8594",2004-07-12,0,0.176398096834068
"8595",2004-07-13,3.25482219696046,0.232669334381691
"8596",2004-07-14,0.946812225143113,0.241721663900221
"8597",2004-07-15,0.428292222301165,0.210894812026307
"8598",2004-07-16,0.00802944461959933,0.190588234998252
"8599",2004-07-17,0,0.179333987488727
"8600",2004-07-18,0.657669443698186,0.205023030716989
"8601",2004-07-19,2.15098056660758,0.241721663900221
"8602",2004-07-20,0.201894998894798,0.242700294118441
"8603",2004-07-21,0,0.19352412565291
"8604",2004-07-22,0,0.172238918406636
"8605",2004-07-23,0,0.172728233515745
"8606",2004-07-24,5.09679331975513,0.271569885555917
"8607",2004-07-25,0,0.266676734464819
"8608",2004-07-26,0,0.201842482507776
"8609",2004-07-27,0,0.191077550107361
"8610",2004-07-28,8.55533164077334,0.472189080290918
"8611",2004-07-29,0.114729999794625,0.274016461101466
"8612",2004-07-30,0,0.210405496917197
"8613",2004-07-31,0.00579444425325428,0.186918371679928
"8614",2004-08-01,0.00115888884756714,0.269123310010368
"8615",2004-08-02,2.80798777949479,0.237807143027343
"8616",2004-08-03,0,0.182269878143386
"8617",2004-08-04,0,0.170281657970196
"8618",2004-08-05,2.61379110116429,0.243189609227551
"8619",2004-08-06,0.170356666235564,0.223861662417715
"8620",2004-08-07,0,0.182025220588831
"8621",2004-08-08,0.0526466670317782,0.166122479542764
"8622",2004-08-09,0.00645666672279024,0.160006040678892
"8623",2004-08-10,0,0.154134259369574
"8624",2004-08-11,0.101816666009836,0.157314807578788
"8625",2004-08-12,1.28255888344182,0.17395152128852
"8626",2004-08-13,0.515291667653456,0.176887411943178
"8627",2004-08-14,1.64479443497128,0.182025220588831
"8628",2004-08-15,6.73571057955425,0.472189080290918
"8629",2004-08-16,0.494679999921057,0.411024691652198
"8630",2004-08-17,2.72554110511144,0.300928792102502
"8631",2004-08-18,0,0.226308237963264
"8632",2004-08-19,0,0.19401344076202
"8633",2004-08-20,0.183849444760217,0.190832892552806
"8634",2004-08-21,3.98632946165402,0.716846634845798
"8635",2004-08-22,8.89314777904086,0.961504189400678
"8636",2004-08-23,0,0.420810993834394
"8637",2004-08-24,0,0.261783583373722
"8638",2004-08-25,0.00504944437783625,0.220681114208502
"8639",2004-08-26,0.00206944447528157,0.198906591853117
"8640",2004-08-27,0,0.189609604780032
"8641",2004-08-28,0,0.181535905479721
"8642",2004-08-29,0.00463555546736137,0.174930151506739
"8643",2004-08-30,0,0.168324397533757
"8644",2004-08-31,0.431603329267766,0.171015630633861
"8645",2004-09-01,0.00190388887717078,0.166122479542764
"8646",2004-09-02,0,0.159027410460672
"8647",2004-09-03,0,0.155112889587794
"8648",2004-09-04,0,0.150953711160361
"8649",2004-09-05,0.0106783333105139,0.141656724087276
"8650",2004-09-06,0,0.140433436314501
"8651",2004-09-07,0,0.142146039196385
"8652",2004-09-08,4.07018332386017,0.256890432282624
"8653",2004-09-09,8.32015991221534,0.545586346657383
"8654",2004-09-10,2.13235556266043,0.40857811610665
"8655",2004-09-11,0,0.242700294118441
"8656",2004-09-12,0,0.195236728534794
"8657",2004-09-13,0,0.178355357270508
"8658",2004-09-14,0,0.165143849324544
"8659",2004-09-15,0,0.160740013342556
"8660",2004-09-16,0.536482781312946,0.169547685306532
"8661",2004-09-17,8.27777759275504e-05,0.159272068015227
"8662",2004-09-18,14.7783994873894,3.22947972012442
"8663",2004-09-19,13.9527739179399,2.6423015891927
"8664",2004-09-20,0,0.758438419120128
"8665",2004-09-21,0,0.413471267197747
"8666",2004-09-22,0,0.337627425285734
"8667",2004-09-23,0,0.298482216556954
"8668",2004-09-24,0,0.274016461101466
"8669",2004-09-25,0,0.261783583373722
"8670",2004-09-26,0.143536668130197,0.251997281191526
"8671",2004-09-27,0,0.239519745909228
"8672",2004-09-28,2.96038166366683,0.506441137928602
"8673",2004-09-29,16.3376844469706,1.6392056155177
"8674",2004-09-30,0.0004966666555653,1.08383296667812
"8675",2004-10-01,0.483091108269162,0.606750735296102
"8676",2004-10-02,0.25545222241773,0.484421958018663
"8677",2004-10-03,0.312900000838769,0.435490447107686
"8678",2004-10-04,0,0.401238389470003
"8679",2004-10-05,0,0.376772634014515
"8680",2004-10-06,0,0.352306878559027
"8681",2004-10-07,0,0.337627425285734
"8682",2004-10-08,0,0.330287698649088
"8683",2004-10-09,0,0.32539454755799
"8684",2004-10-10,0,0.320501396466893
"8685",2004-10-11,0,0.310715094284698
"8686",2004-10-12,0,0.300928792102502
"8687",2004-10-13,0,0.298482216556954
"8688",2004-10-14,0,0.293589065465856
"8689",2004-10-15,1.65092000244724,0.330287698649088
"8690",2004-10-16,6.72743281756508,0.557819224385127
"8691",2004-10-17,0.343444998444574,0.445276749289882
"8692",2004-10-18,0,0.354753454104576
"8693",2004-10-19,5.70280951012506,0.743758965846835
"8694",2004-10-20,3.12428166919285,0.753545268029031
"8695",2004-10-21,0,0.506441137928602
"8696",2004-10-22,0,0.423257569379942
"8697",2004-10-23,0,0.393898662833357
"8698",2004-10-24,0,0.371879482923418
"8699",2004-10-25,0,0.354753454104576
"8700",2004-10-26,0,0.34741372746793
"8701",2004-10-27,0,0.337627425285734
"8702",2004-10-28,0,0.327841123103539
"8703",2004-10-29,0,0.322947972012442
"8704",2004-10-30,0.0826122215783431,0.320501396466893
"8705",2004-10-31,0.385330555654234,0.32539454755799
"8706",2004-11-01,0,0.315608245375795
"8707",2004-11-02,0,0.310715094284698
"8708",2004-11-03,0.0293033333105139,0.313161669830246
"8709",2004-11-04,0,0.340074000831283
"8710",2004-11-05,5.98764777904086,0.567605526567322
"8711",2004-11-06,0,0.445276749289882
"8712",2004-11-07,0,0.374326058468966
"8713",2004-11-08,0,0.342520576376832
"8714",2004-11-09,0,0.320501396466893
"8715",2004-11-10,0,0.474635655836467
"8716",2004-11-11,0,0.401238389470003
"8717",2004-11-12,0,0.342520576376832
"8718",2004-11-13,4.87114111932119,0.391452087287808
"8719",2004-11-14,0.004718333382056,0.396345238378906
"8720",2004-11-15,0,0.371879482923418
"8721",2004-11-16,0,0.376772634014515
"8722",2004-11-17,0,0.364539756286771
"8723",2004-11-18,0,0.352306878559027
"8724",2004-11-19,0,0.330287698649088
"8725",2004-11-20,0,0.318054820921344
"8726",2004-11-21,2.31016219001346,0.359646605195674
"8727",2004-11-22,0.00595999986678363,0.379219209560064
"8728",2004-11-23,0.0228466665568865,0.335180849740186
"8729",2004-11-24,0.0291377773423576,0.391452087287808
"8730",2004-11-25,7.18569060039521,0.890553498579763
"8731",2004-11-26,1.22039278425111,0.746205541392384
"8732",2004-11-27,0,0.55047949774848
"8733",2004-11-28,0,0.755991843574579
"8734",2004-11-29,10.4630283156501,1.26487955704873
"8735",2004-11-30,0,0.822049383304397
"8736",2004-12-01,1.45970333459642,1.43613984523715
"8737",2004-12-02,6.61940780809189,1.46305217623818
"8738",2004-12-03,0,0.890553498579763
"8739",2004-12-04,0,0.675254850571469
"8740",2004-12-05,0,0.579838404295066
"8741",2004-12-06,0,0.535800044475187
"8742",2004-12-07,1.13579388723109,0.626323339660493
"8743",2004-12-08,3.72135779309272,1.29668503914086
"8744",2004-12-09,0,0.797583627848909
"8745",2004-12-10,3.30424054039848,0.981076793765069
"8746",2004-12-11,3.75720055839751,1.54378916924129
"8747",2004-12-12,0.0662222223301521,1.14255077977129
"8748",2004-12-13,3.22974056408141,0.792690476757811
"8749",2004-12-14,0.0482594445375726,0.677701426117018
"8750",2004-12-15,0,0.589624706477261
"8751",2004-12-16,0,0.540693195566285
"8752",2004-12-17,0,0.523567166747443
"8753",2004-12-18,0,0.501547986837504
"8754",2004-12-19,0,0.481975382473114
"8755",2004-12-20,3.36367501894633,0.474635655836467
"8756",2004-12-21,0,0.437937022653235
"8757",2004-12-22,0,0.474635655836467
"8758",2004-12-23,0.766356668008699,0.844068563214336
"8759",2004-12-24,9.96007048861187,2.08937551589868
"8760",2004-12-25,0,1.62207958669885
"8761",2004-12-26,0,0.971290491582874
"8762",2004-12-27,0.939610551529461,0.699720606026957
"8763",2004-12-28,0,0.614090461932749
"8764",2004-12-29,0,0.594517857568358
"8765",2004-12-30,0,0.577391828749517
"8766",2004-12-31,0,0.565158951021773
"8767",2005-01-01,0,0.567605526567322
"8768",2005-01-02,0,0.540693195566285
"8769",2005-01-03,0.41943500013815,0.528460317838541
"8770",2005-01-04,5.38486000378928,0.934591858399642
"8771",2005-01-05,0.109680555170091,0.858748016487629
"8772",2005-01-06,4.39798333491219,0.746205541392384
"8773",2005-01-07,2.10296944207615,0.753545268029031
"8774",2005-01-08,0.261329445372025,0.966397340491776
"8775",2005-01-09,5.81191057639653,1.27466585923093
"8776",2005-01-10,0,0.941931585036288
"8777",2005-01-11,0,0.802476778940006
"8778",2005-01-12,4.2582544529703,0.824495958849946
"8779",2005-01-13,0.976281110597982,0.888106923034215
"8780",2005-01-14,1.90984888715214,2.6423015891927
"8781",2005-01-15,5.62466720453899,3.49860303013478
"8782",2005-01-16,0,2.05267688271544
"8783",2005-01-17,0.264143889105982,1.35295627668849
"8784",2005-01-18,0,0.973737067128423
"8785",2005-01-19,0,0.824495958849946
"8786",2005-01-20,0.384585557844903,0.790243901212262
"8787",2005-01-21,0,0.709506908209152
"8788",2005-01-22,0,0.63121649075159
"8789",2005-01-23,3.74668776104187,0.65323567066153
"8790",2005-01-24,0.397498886757426,0.660575397298176
"8791",2005-01-25,0,0.601857584205005
"8792",2005-01-26,0.561398891790044,0.582284979840614
"8793",2005-01-27,0.832496116479238,0.543139771111834
"8794",2005-01-28,0,0.560265799930675
"8795",2005-01-29,0,0.538246620020736
"8796",2005-01-30,0.233764443043205,0.511334289019699
"8797",2005-01-31,0,0.496654835746406
"8798",2005-02-01,0,0.474635655836467
"8799",2005-02-02,0,0.467295929199821
"8800",2005-02-03,0,0.462402778108723
"8801",2005-02-04,2.11662778828707,0.494208260200858
"8802",2005-02-05,0,0.50888771347415
"8803",2005-02-06,0,0.50888771347415
"8804",2005-02-07,0,0.506441137928602
"8805",2005-02-08,0,0.496654835746406
"8806",2005-02-09,0,0.511334289019699
"8807",2005-02-10,0.831751108308632,0.689934303844762
"8808",2005-02-11,1.19903611426883,0.704613757118055
"8809",2005-02-12,0.000662222207420404,0.552926073294029
"8810",2005-02-13,0,0.501547986837504
"8811",2005-02-14,0,0.503994562383053
"8812",2005-02-15,8.07480671024322,2.20681114208502
"8813",2005-02-16,0,1.91566865216471
"8814",2005-02-17,1.12387389465173,1.328490521233
"8815",2005-02-18,0,0.890553498579763
"8816",2005-02-19,0,0.687487728299213
"8817",2005-02-20,0,0.618983613023847
"8818",2005-02-21,2.7300938746002,0.609197310841651
"8819",2005-02-22,2.80269001120991,0.616537037478298
"8820",2005-02-23,0.170605001721945,0.609197310841651
"8821",2005-02-24,0,0.572498677658419
"8822",2005-02-25,1.40978832891252,0.552926073294029
"8823",2005-02-26,0,0.533353468929639
"8824",2005-02-27,0,0.516227440110797
"8825",2005-02-28,0,0.499101411291955
"8826",2005-03-01,2.55741943497128,0.511334289019699
"8827",2005-03-02,0.780925556818645,0.506441137928602
"8828",2005-03-03,0,0.481975382473114
"8829",2005-03-04,0,0.457509627017626
"8830",2005-03-05,0,0.455063051472077
"8831",2005-03-06,0,0.450169900380979
"8832",2005-03-07,0.0220188890597266,0.459956202563174
"8833",2005-03-08,0.6325049997237,0.648342519570432
"8834",2005-03-09,2.88505387878418,0.670361699480371
"8835",2005-03-10,0,0.57005210211287
"8836",2005-03-11,0,0.513780864565248
"8837",2005-03-12,1.88567776356803,0.484421958018663
"8838",2005-03-13,0.886881105071968,0.479528806927565
"8839",2005-03-14,0,0.464849353654272
"8840",2005-03-15,0,0.474635655836467
"8841",2005-03-16,0,0.496654835746406
"8842",2005-03-17,0,0.503994562383053
"8843",2005-03-18,0,0.53090689338409
"8844",2005-03-19,0,0.535800044475187
"8845",2005-03-20,0,0.538246620020736
"8846",2005-03-21,0.562640551845233,0.526013742292992
"8847",2005-03-22,0.000827777759275504,0.53090689338409
"8848",2005-03-23,0.00281444438153671,0.543139771111834
"8849",2005-03-24,4.37008719317118,0.599411008659456
"8850",2005-03-25,0.0159761110932256,0.675254850571469
"8851",2005-03-26,0,0.71440005930025
"8852",2005-03-27,0,0.667915123934823
"8853",2005-03-28,2.49839890609847,1.49975080942141
"8854",2005-03-29,15.3037070997026,4.59956202563174
"8855",2005-03-30,0.173584998756647,3.03375367648051
"8856",2005-03-31,0,1.71994260852081
"8857",2005-04-01,0.586149443970787,1.25020010377544
"8858",2005-04-02,7.97249335606894,2.16521935781069
"8859",2005-04-03,8.2234756231308,3.89005511742259
"8860",2005-04-04,0.568600552082063,2.47104130100429
"8861",2005-04-05,0,1.53644944260465
"8862",2005-04-06,0.019287222469536,1.24041380159324
"8863",2005-04-07,0,1.0128822758572
"8864",2005-04-08,2.67661945154932,1.14744393086239
"8865",2005-04-09,0,1.12542475095245
"8866",2005-04-10,0,0.937038433945191
"8867",2005-04-11,0,0.778011023484519
"8868",2005-04-12,0,0.697274030481408
"8869",2005-04-13,0,0.670361699480371
"8870",2005-04-14,0,0.636109641842688
"8871",2005-04-15,0,0.604304159750554
"8872",2005-04-16,0,0.574945253203968
"8873",2005-04-17,0,0.562712375476224
"8874",2005-04-18,0,0.545586346657383
"8875",2005-04-19,0,0.526013742292992
"8876",2005-04-20,0,0.513780864565248
"8877",2005-04-21,0.125160001195864,0.496654835746406
"8878",2005-04-22,0,0.477082231382016
"8879",2005-04-23,1.20367166935073,1.10585214658806
"8880",2005-04-24,16.6304693433973,3.57200029650125
"8881",2005-04-25,0.482180554568769,2.35360567481795
"8882",2005-04-26,0,1.21105489504666
"8883",2005-04-27,0.695747221827506,1.01532885140275
"8884",2005-04-28,4.39972166066698,1.08138639113257
"8885",2005-04-29,0.168204444755283,0.988416520401715
"8886",2005-04-30,0,0.878320620852019
"8887",2005-05-01,2.99423775630527,0.89789322521641
"8888",2005-05-02,0.463969445036518,0.878320620852019
"8889",2005-05-03,1.90777944665485,0.817156232213299
"8890",2005-05-04,0,0.716846634845798
"8891",2005-05-05,0,0.633663066297139
"8892",2005-05-06,0,0.59207128202281
"8893",2005-05-07,1.04920833382673,0.594517857568358
"8894",2005-05-08,0.764370003236664,0.596964433113907
"8895",2005-05-09,0,0.572498677658419
"8896",2005-05-10,0,0.528460317838541
"8897",2005-05-11,0,0.501547986837504
"8898",2005-05-12,0,0.479528806927565
"8899",2005-05-13,0,0.452616475926528
"8900",2005-05-14,0,0.445276749289882
"8901",2005-05-15,0.326061669015224,0.440383598198784
"8902",2005-05-16,0.809649449891514,0.452616475926528
"8903",2005-05-17,0.156284443603208,0.450169900380979
"8904",2005-05-18,0,0.418364418288845
"8905",2005-05-19,0,0.398791813924455
"8906",2005-05-20,0,0.389005511742259
"8907",2005-05-21,0,0.381665785105613
"8908",2005-05-22,0.82339055776596,0.393898662833357
"8909",2005-05-23,0.75021499996053,0.413471267197747
"8910",2005-05-24,1.44207166303529,0.452616475926528
"8911",2005-05-25,3.24074999210568,0.540693195566285
"8912",2005-05-26,1.09986832843886,0.513780864565248
"8913",2005-05-27,0.545753889441492,0.450169900380979
"8914",2005-05-28,2.81850054971377,0.526013742292992
"8915",2005-05-29,0.632504998736912,0.484421958018663
"8916",2005-05-30,0.0242538887939105,0.433043871562138
"8917",2005-05-31,0.00728444412743879,0.418364418288845
"8918",2005-06-01,0.0988366667548608,0.396345238378906
"8919",2005-06-02,0,0.369432907377869
"8920",2005-06-03,0,0.352306878559027
"8921",2005-06-04,0.0494183327529785,0.344967151922381
"8922",2005-06-05,0,0.332734274194637
"8923",2005-06-06,0.00198666665309833,0.322947972012442
"8924",2005-06-07,0.131285555226832,0.315608245375795
"8925",2005-06-08,0,0.3058219431936
"8926",2005-06-09,0.0223500004409709,0.293589065465856
"8927",2005-06-10,0,0.28624933882921
"8928",2005-06-11,0.0753277766337204,0.28624933882921
"8929",2005-06-12,0.0553783337144803,0.28624933882921
"8930",2005-06-13,0.00380777778517867,0.278909612192563
"8931",2005-06-14,0,0.266676734464819
"8932",2005-06-15,0,0.259337007828173
"8933",2005-06-16,0.167790554518811,0.269123310010368
"8934",2005-06-17,2.83157943007681,0.349860303013478
"8935",2005-06-18,0.00860888865020955,0.308268518739149
"8936",2005-06-19,0.00960222216178147,0.281356187738112
"8937",2005-06-20,0,0.261783583373722
"8938",2005-06-21,0,0.249550705645978
"8939",2005-06-22,0.000745000029603639,0.24465755455488
"8940",2005-06-23,0.428871668567467,0.254443856737075
"8941",2005-06-24,0,0.240253718572892
"8942",2005-06-25,0,0.230467416390697
"8943",2005-06-26,0,0.224840292635935
"8944",2005-06-27,0,0.220925771763057
"8945",2005-06-28,3.20730779388215,0.32539454755799
"8946",2005-06-29,2.17217167329788,0.675254850571469
"8947",2005-06-30,4.76717222695881,0.719293210391347
"8948",2005-07-01,0.0985055562216375,0.36698633183232
"8949",2005-07-02,0.24460833688577,0.3058219431936
"8950",2005-07-03,0,0.261783583373722
"8951",2005-07-04,0,0.243434266782106
"8952",2005-07-05,0,0.236094540145459
"8953",2005-07-06,1.30300499256949,0.296035641011405
"8954",2005-07-07,1.1624483365996,0.354753454104576
"8955",2005-07-08,0.161085555023307,0.552926073294029
"8956",2005-07-09,10.2705699981054,0.797583627848909
"8957",2005-07-10,0.0225983331674296,0.711953483754701
"8958",2005-07-11,0,0.349860303013478
"8959",2005-07-12,0.362401110720096,0.308268518739149
"8960",2005-07-13,1.38785222095913,0.337627425285734
"8961",2005-07-14,0,0.303375367648051
"8962",2005-07-15,0,0.278909612192563
"8963",2005-07-16,0,0.261783583373722
"8964",2005-07-17,0.00960222223887428,0.298482216556954
"8965",2005-07-18,2.03178055792385,0.3058219431936
"8966",2005-07-19,0.565206667817508,0.266676734464819
"8967",2005-07-20,0.172839999143345,0.281356187738112
"8968",2005-07-21,0,0.251997281191526
"8969",2005-07-22,0,0.23413727970902
"8970",2005-07-23,1.65232721938027,0.310715094284698
"8971",2005-07-24,0,0.249550705645978
"8972",2005-07-25,0,0.224840292635935
"8973",2005-07-26,0,0.215298648008294
"8974",2005-07-27,0,0.238051800581898
"8975",2005-07-28,4.36131276893615,0.344967151922381
"8976",2005-07-29,0,0.266676734464819
"8977",2005-07-30,0,0.223372347308605
"8978",2005-07-31,0,0.211139469580861
"8979",2005-08-01,0.0485077788675618,0.208937551589868
"8980",2005-08-02,0.221678887958224,0.202331797616886
"8981",2005-08-03,0,0.201108509844111
"8982",2005-08-04,0,0.194258098316575
"8983",2005-08-05,0,0.188875632116367
"8984",2005-08-06,0.15396666691028,0.187407686789038
"8985",2005-08-07,0,0.18398248102527
"8986",2005-08-08,0,0.182759193252495
"8987",2005-08-09,0.00769833342337775,0.182514535697941
"8988",2005-08-10,0.00860888871188378,0.18300385080705
"8989",2005-08-11,0,0.178844672379617
"8990",2005-08-12,0.0718511106306686,0.173217548624855
"8991",2005-08-13,0.170191112086798,0.17248357596119
"8992",2005-08-14,0,0.173706863733965
"8993",2005-08-15,3.09050833649105,0.229244128617923
"8994",2005-08-16,0,0.204289058053325
"8995",2005-08-17,0,0.187652344343593
"8996",2005-08-18,0,0.1729728910703
"8997",2005-08-19,0,0.170526315524751
"8998",2005-08-20,0.0127477779245625,0.171260288188416
"8999",2005-08-21,0.276229445224007,0.174440836397629
"9000",2005-08-22,0,0.171749603297526
"9001",2005-08-23,0,0.166367137097318
"9002",2005-08-24,0,0.164165219106324
"9003",2005-08-25,0,0.160740013342556
"9004",2005-08-26,0,0.158538095351562
"9005",2005-08-27,0,0.157804122687898
"9006",2005-08-28,1.23529278508988,0.160006040678892
"9007",2005-08-29,2.13152777777778,0.18398248102527
"9008",2005-08-30,1.99717944477995,0.218968511326618
"9009",2005-08-31,1.60266055666076,0.222883032199496
"9010",2005-09-01,1.21716444906261,0.211873442244526
"9011",2005-09-02,0.139728889496997,0.188141659452703
"9012",2005-09-03,0,0.170037000415642
"9013",2005-09-04,0.0158933335023208,0.164165219106324
"9014",2005-09-05,0,0.158538095351562
"9015",2005-09-06,0,0.157559465133343
"9016",2005-09-07,0,0.157559465133343
"9017",2005-09-08,0,0.159761383124337
"9018",2005-09-09,0.00140722223702404,0.156580834915123
"9019",2005-09-10,0,0.15388960181502
"9020",2005-09-11,0,0.151932341378581
"9021",2005-09-12,0,0.151687683824026
"9022",2005-09-13,0,0.150953711160361
"9023",2005-09-14,0,0.150464396051251
"9024",2005-09-15,3.10805722837979,0.332734274194637
"9025",2005-09-16,2.82644723248482,0.344967151922381
"9026",2005-09-17,0.715365556187099,0.308268518739149
"9027",2005-09-18,6.51030667866601,0.6116438863872
"9028",2005-09-19,6.66733611742656,0.293589065465856
"9029",2005-09-20,0,0.216521935781069
"9030",2005-09-21,0.0720994440201257,0.197927961634898
"9031",2005-09-22,0.0473488890332067,0.182025220588831
"9032",2005-09-23,0,0.179333987488727
"9033",2005-09-24,0.064152778332846,0.170770973079306
"9034",2005-09-25,0,0.168813712642867
"9035",2005-09-26,0,0.176398096834068
"9036",2005-09-27,2.19617722964287,0.212362757353636
"9037",2005-09-28,0,0.181535905479721
"9038",2005-09-29,0,0.210650154471752
"9039",2005-09-30,3.30804835006927,0.237317827918234
"9040",2005-10-01,0,0.190098919889142
"9041",2005-10-02,0,0.177621384606843
"9042",2005-10-03,0,0.17248357596119
"9043",2005-10-04,0,0.169792342861087
"9044",2005-10-05,0,0.169792342861087
"9045",2005-10-06,0,0.167345767315538
"9046",2005-10-07,0.106617778694257,0.166856452206428
"9047",2005-10-08,17.4409466906654,0.890553498579763
"9048",2005-10-09,27.1146062071058,4.64849353654272
"9049",2005-10-10,0.307602219972345,2.61783583373722
"9050",2005-10-11,5.90478722159066,1.95970701198459
"9051",2005-10-12,1.91249779127704,1.28689873695867
"9052",2005-10-13,10.4631112058427,2.88695914374758
"9053",2005-10-14,10.9666483484904,4.74635655836467
"9054",2005-10-15,18.4006721874873,8.51408289850982
"9055",2005-10-16,0.810559991750451,5.5047949774848
"9056",2005-10-17,0,2.51997281191526
"9057",2005-10-18,0.247919443358978,1.4239069675094
"9058",2005-10-19,0.00620833331791477,1.03734803131269
"9059",2005-10-20,0,0.888106923034215
"9060",2005-10-21,0.313976111293666,0.763331570211226
"9061",2005-10-22,1.43337999676334,0.736419239210189
"9062",2005-10-23,5.81116558302774,0.990863095947264
"9063",2005-10-24,0.109349444528938,1.08872611776922
"9064",2005-10-25,9.41083999305303,3.03375367648051
"9065",2005-10-26,4.55890333933302,3.15608245375795
"9066",2005-10-27,0,1.78110699715953
"9067",2005-10-28,0,1.18169598850007
"9068",2005-10-29,0,0.968843916037325
"9069",2005-10-30,0,1.00798912476611
"9070",2005-10-31,0,0.905232951853056
"9071",2005-11-01,0,0.751098692483482
"9072",2005-11-02,0.0203633332328043,0.711953483754701
"9073",2005-11-03,0,0.680148001662567
"9074",2005-11-04,0,0.633663066297139
"9075",2005-11-05,0,0.6116438863872
"9076",2005-11-06,0,0.594517857568358
"9077",2005-11-07,0.561895552062326,0.572498677658419
"9078",2005-11-08,0,0.562712375476224
"9079",2005-11-09,0,0.57005210211287
"9080",2005-11-10,4.08781501120993,0.648342519570432
"9081",2005-11-11,0,0.682594577208115
"9082",2005-11-12,0,0.667915123934823
"9083",2005-11-13,0,0.623876764114944
"9084",2005-11-14,0,0.584731555386163
"9085",2005-11-15,0,0.535800044475187
"9086",2005-11-16,0.506599997434351,0.526013742292992
"9087",2005-11-17,7.02617783461675,0.848961714305434
"9088",2005-11-18,0,1.0128822758572
"9089",2005-11-19,0,0.704613757118055
"9090",2005-11-20,0,0.626323339660493
"9091",2005-11-21,0.00546333322663687,0.616537037478298
"9092",2005-11-22,5.73741052903071,1.32604394568745
"9093",2005-11-23,4.22448111237421,1.84716453688934
"9094",2005-11-24,1.37071721953816,1.18169598850007
"9095",2005-11-25,0.773723887152142,0.900339800761959
"9096",2005-11-26,0,0.778011023484519
"9097",2005-11-27,0,0.687487728299213
"9098",2005-11-28,0.00579444446911415,0.675254850571469
"9099",2005-11-29,0.0103472220988737,0.663021972843725
"9100",2005-11-30,7.58434832954408,1.82269878143386
"9101",2005-12-01,0.00786388869769871,1.63675903997215
"9102",2005-12-02,0.00447000010052902,1.05447406013153
"9103",2005-12-03,0,0.888106923034215
"9104",2005-12-04,0.534578889244132,0.831835685486592
"9105",2005-12-05,1.1081461101638,0.797583627848909
"9106",2005-12-06,0.0753277769266732,0.719293210391347
"9107",2005-12-07,0,0.675254850571469
"9108",2005-12-08,0,0.596964433113907
"9109",2005-12-09,1.07933944925997,0.596964433113907
"9110",2005-12-10,5.6779761452145,0.594517857568358
"9111",2005-12-11,0,0.594517857568358
"9112",2005-12-12,0,0.579838404295066
"9113",2005-12-13,0,0.555372648839578
"9114",2005-12-14,0,0.513780864565248
"9115",2005-12-15,0,0.503994562383053
"9116",2005-12-16,5.31830663130019,1.34561655005184
"9117",2005-12-17,6.60674278661938,2.09426866698977
"9118",2005-12-18,0,1.31625764350525
"9119",2005-12-19,0,0.941931585036288
"9120",2005-12-20,0,0.738865814755738
"9121",2005-12-21,0,0.689934303844762
"9122",2005-12-22,0,0.638556217388237
"9123",2005-12-23,0,0.587178130931712
"9124",2005-12-24,0,0.565158951021773
"9125",2005-12-25,0,0.633663066297139
"9126",2005-12-26,7.62896559407976,2.2459563508138
"9127",2005-12-27,3.91058775867357,2.25818922854154
"9128",2005-12-28,0,1.36029600332513
"9129",2005-12-29,0,1.16456995968123
"9130",2005-12-30,3.70952055650288,1.26732613259428
"9131",2005-12-31,0,1.06181378676818
"9132",2006-01-01,2.28566000694699,0.915019254035251
"9133",2006-01-02,0.510987219882302,0.929698707308544
"9134",2006-01-03,8.59978328280978,1.4239069675094
"9135",2006-01-04,3.60174390183556,1.46794532732928
"9136",2006-01-05,0.290301666345344,1.18658913959117
"9137",2006-01-06,0,1.17190968631788
"9138",2006-01-07,0,0.924805556217446
"9139",2006-01-08,0.148751666903496,0.79513705230336
"9140",2006-01-09,0.0562061110882917,0.79513705230336
"9141",2006-01-10,0,0.763331570211226
"9142",2006-01-11,0,0.785350750121165
"9143",2006-01-12,3.21500610605876,1.15233708195349
"9144",2006-01-13,0,1.3333836723241
"9145",2006-01-14,4.66345168150797,2.6423015891927
"9146",2006-01-15,9.73317669571771,5.26013742292992
"9147",2006-01-16,0.844664443141885,2.96035641011405
"9148",2006-01-17,0,1.65143849324544
"9149",2006-01-18,2.22084501547284,2.54443856737075
"9150",2006-01-19,6.04658562692007,3.6698633183232
"9151",2006-01-20,0,2.16277278226514
"9152",2006-01-21,0,1.5242165648769
"9153",2006-01-22,0,1.25509325486653
"9154",2006-01-23,2.41297222616938,1.30647134132306
"9155",2006-01-24,4.32489053408306,1.35295627668849
"9156",2006-01-25,0.360497223801082,1.26487955704873
"9157",2006-01-26,0.00182111105498754,1.18658913959117
"9158",2006-01-27,0,1.09117269331477
"9159",2006-01-28,0,0.966397340491776
"9160",2006-01-29,0,0.929698707308544
"9161",2006-01-30,3.10896776135763,1.11563844877025
"9162",2006-01-31,0.357931112176842,1.1131918732247
"9163",2006-02-01,0.790279446654849,0.95905761385513
"9164",2006-02-02,0,0.853854865396531
"9165",2006-02-03,1.15673665589094,1.50953711160361
"9166",2006-02-04,8.05527107069227,2.15298648008294
"9167",2006-02-05,6.59258771525488,2.88695914374758
"9168",2006-02-06,0,2.29978101281587
"9169",2006-02-07,0,1.47773162951148
"9170",2006-02-08,0,1.28445216141312
"9171",2006-02-09,0,1.03000830467604
"9172",2006-02-10,0,0.880767196397568
"9173",2006-02-11,0,0.804923354485555
"9174",2006-02-12,2.94721998389562,0.790243901212262
"9175",2006-02-13,3.1208050137361,0.785350750121165
"9176",2006-02-14,0,0.753545268029031
"9177",2006-02-15,0,0.731526088119091
"9178",2006-02-16,0,0.809816505576653
"9179",2006-02-17,0,0.932145282854093
"9180",2006-02-18,0.135093333274126,0.927252131762995
"9181",2006-02-19,0,0.807369930031104
"9182",2006-02-20,0,0.665468548389274
"9183",2006-02-21,0,0.616537037478298
"9184",2006-02-22,0,0.594517857568358
"9185",2006-02-23,0,0.584731555386163
"9186",2006-02-24,0.121434999213037,0.594517857568358
"9187",2006-02-25,0,0.545586346657383
"9188",2006-02-26,0,0.516227440110797
"9189",2006-02-27,0,0.46974250474537
"9190",2006-02-28,0,0.455063051472077
"9191",2006-03-01,0,0.450169900380979
"9192",2006-03-02,0,0.455063051472077
"9193",2006-03-03,3.32236887815264,0.459956202563174
"9194",2006-03-04,0,0.450169900380979
"9195",2006-03-05,0,0.442830173744333
"9196",2006-03-06,0,0.440383598198784
"9197",2006-03-07,0,0.435490447107686
"9198",2006-03-08,0,0.433043871562138
"9199",2006-03-09,0,0.435490447107686
"9200",2006-03-10,0,0.467295929199821
"9201",2006-03-11,0,0.494208260200858
"9202",2006-03-12,0,0.467295929199821
"9203",2006-03-13,0.176399443539066,0.479528806927565
"9204",2006-03-14,1.52327667440308,0.521120591201894
"9205",2006-03-15,0.0320350000857271,0.477082231382016
"9206",2006-03-16,0,0.420810993834394
"9207",2006-03-17,0,0.396345238378906
"9208",2006-03-18,0,0.381665785105613
"9209",2006-03-19,0,0.374326058468966
"9210",2006-03-20,0,0.36698633183232
"9211",2006-03-21,0,0.357200029650125
"9212",2006-03-22,0,0.354753454104576
"9213",2006-03-23,0,0.34741372746793
"9214",2006-03-24,0,0.342520576376832
"9215",2006-03-25,0,0.340074000831283
"9216",2006-03-26,0.044948333130425,0.335180849740186
"9217",2006-03-27,0,0.327841123103539
"9218",2006-03-28,0,0.318054820921344
"9219",2006-03-29,0,0.315608245375795
"9220",2006-03-30,0,0.310715094284698
"9221",2006-03-31,0,0.308268518739149
"9222",2006-04-01,0,0.310715094284698
"9223",2006-04-02,0.665864438997376,0.327841123103539
"9224",2006-04-03,0.000910555550621616,0.315608245375795
"9225",2006-04-04,7.90552610100641,0.726632937027994
"9226",2006-04-05,1.45283278361956,0.873427469760922
"9227",2006-04-06,0.249078332622846,0.697274030481408
"9228",2006-04-07,0,0.557819224385127
"9229",2006-04-08,1.33073556139734,0.589624706477261
"9230",2006-04-09,2.9963072441684,0.623876764114944
"9231",2006-04-10,0,0.562712375476224
"9232",2006-04-11,0,0.479528806927565
"9233",2006-04-12,0,0.403684965015552
"9234",2006-04-13,0.0821155550152892,0.38655893619671
"9235",2006-04-14,0.279954442658358,0.38655893619671
"9236",2006-04-15,1.86829444681274,0.445276749289882
"9237",2006-04-16,0,0.396345238378906
"9238",2006-04-17,0,0.357200029650125
"9239",2006-04-18,0,0.340074000831283
"9240",2006-04-19,0,0.322947972012442
"9241",2006-04-20,0,0.32539454755799
"9242",2006-04-21,0,0.3058219431936
"9243",2006-04-22,4.72776999297408,0.303375367648051
"9244",2006-04-23,12.6146710801654,2.54443856737075
"9245",2006-04-24,20.4454489684635,5.79838404295066
"9246",2006-04-25,0.720249442391926,2.78909612192563
"9247",2006-04-26,0.16431388957964,1.33583024786965
"9248",2006-04-27,0,1.01532885140275
"9249",2006-04-28,0,0.888106923034215
"9250",2006-04-29,0,0.817156232213299
"9251",2006-04-30,0,0.780457599030067
"9252",2006-05-01,0,0.707060332663603
"9253",2006-05-02,0,0.616537037478298
"9254",2006-05-03,0.994988893230755,0.702167181572506
"9255",2006-05-04,2.99663833522798,0.77556444793897
"9256",2006-05-05,0,0.660575397298176
"9257",2006-05-06,0,0.577391828749517
"9258",2006-05-07,0,0.53090689338409
"9259",2006-05-08,0,0.501547986837504
"9260",2006-05-09,0,0.499101411291955
"9261",2006-05-10,1.94536055745019,0.528460317838541
"9262",2006-05-11,0.154214999713832,0.496654835746406
"9263",2006-05-12,5.11641164424686,2.56890432282624
"9264",2006-05-13,25.7457928687202,7.31526088119091
"9265",2006-05-14,0.194279446161456,4.77082231382016
"9266",2006-05-15,1.11319556262096,2.42944951672996
"9267",2006-05-16,2.54020167756081,3.37627425285734
"9268",2006-05-17,8.13424110984804,3.44967151922381
"9269",2006-05-18,0,2.07469606262538
"9270",2006-05-19,2.84457558208042,2.14809332899185
"9271",2006-05-20,3.73749943055048,2.09426866698977
"9272",2006-05-21,0.0591861113608917,1.50953711160361
"9273",2006-05-22,1.70811945549647,1.26977270813983
"9274",2006-05-23,0,1.10095899549696
"9275",2006-05-24,0,1.01532885140275
"9276",2006-05-25,0,0.949271311672935
"9277",2006-05-26,0,0.870980894215373
"9278",2006-05-27,1.43271777615944,0.667915123934823
"9279",2006-05-28,0.0624972230455735,0.687487728299213
"9280",2006-05-29,0,0.67280827502592
"9281",2006-05-30,0,0.636109641842688
"9282",2006-05-31,0,0.599411008659456
"9283",2006-06-01,0.0556266667801473,0.601857584205005
"9284",2006-06-02,4.50460108995439,1.47528505396593
"9285",2006-06-03,10.2156055666076,4.01238389470003
"9286",2006-06-04,4.67239169666502,2.98482216556954
"9287",2006-06-05,0,1.57314807578788
"9288",2006-06-06,0,1.08872611776922
"9289",2006-06-07,2.03169778614574,2.27531525736038
"9290",2006-06-08,8.34499337185754,3.03375367648051
"9291",2006-06-09,0.467859998855325,1.81780563034276
"9292",2006-06-10,5.53717112753127,2.4465755455488
"9293",2006-06-11,0.0794666668331871,1.82759193252495
"9294",2006-06-12,0,1.18658913959117
"9295",2006-06-13,0,0.968843916037325
"9296",2006-06-14,0,0.863641167578726
"9297",2006-06-15,2.47472446054883,0.875874045306471
"9298",2006-06-16,0.00728444446664719,0.800030203394458
"9299",2006-06-17,0.00240055557899177,0.689934303844762
"9300",2006-06-18,0.193534444404973,0.643449368479335
"9301",2006-06-19,0,0.601857584205005
"9302",2006-06-20,0.0847644437370409,0.562712375476224
"9303",2006-06-21,1.5300644486679,0.609197310841651
"9304",2006-06-22,0,0.53090689338409
"9305",2006-06-23,0,0.535800044475187
"9306",2006-06-24,8.72477784093221,2.13341387571855
"9307",2006-06-25,8.84811667929756,3.2539454755799
"9308",2006-06-26,3.03728221002552,1.94992070980239
"9309",2006-06-27,1.08596166516675,1.25020010377544
"9310",2006-06-28,2.9672522304323,1.6343124644266
"9311",2006-06-29,4.68671218527689,1.9450275587113
"9312",2006-06-30,0.0793011106800082,1.11074529767916
"9313",2006-07-01,0,0.817156232213299
"9314",2006-07-02,0,0.69238087939031
"9315",2006-07-03,0,0.650789095115981
"9316",2006-07-04,0.186249998843608,0.596964433113907
"9317",2006-07-05,0.554942221428475,0.609197310841651
"9318",2006-07-06,2.67455001105202,0.677701426117018
"9319",2006-07-07,0,0.59207128202281
"9320",2006-07-08,0,0.513780864565248
"9321",2006-07-09,0,0.464849353654272
"9322",2006-07-10,0,0.455063051472077
"9323",2006-07-11,0,0.435490447107686
"9324",2006-07-12,3.02875611672841,0.584731555386163
"9325",2006-07-13,3.07461500647333,0.587178130931712
"9326",2006-07-14,0.034766666598825,0.457509627017626
"9327",2006-07-15,0,0.413471267197747
"9328",2006-07-16,0,0.389005511742259
"9329",2006-07-17,0,0.374326058468966
"9330",2006-07-18,0,0.36698633183232
"9331",2006-07-19,2.23640723074807,0.584731555386163
"9332",2006-07-20,0,0.44772332483543
"9333",2006-07-21,0.308595556058816,0.389005511742259
"9334",2006-07-22,0.910886664870711,0.437937022653235
"9335",2006-07-23,3.42319222190645,0.503994562383053
"9336",2006-07-24,0,0.379219209560064
"9337",2006-07-25,0,0.344967151922381
"9338",2006-07-26,0,0.340074000831283
"9339",2006-07-27,0,0.315608245375795
"9340",2006-07-28,0,0.503994562383053
"9341",2006-07-29,5.78749114142525,0.59207128202281
"9342",2006-07-30,0.00281444453572233,0.376772634014515
"9343",2006-07-31,0,0.322947972012442
"9344",2006-08-01,0,0.310715094284698
"9345",2006-08-02,0.47448221920265,0.303375367648051
"9346",2006-08-03,0,0.389005511742259
"9347",2006-08-04,3.29298280888133,0.548032922202931
"9348",2006-08-05,0.0142377776445614,0.369432907377869
"9349",2006-08-06,0,0.300928792102502
"9350",2006-08-07,0.548485555970006,0.296035641011405
"9351",2006-08-08,0.0136583332901613,0.288695914374758
"9352",2006-08-09,0,0.266676734464819
"9353",2006-08-10,0,0.261783583373722
"9354",2006-08-11,0.708577786131556,0.26423015891927
"9355",2006-08-12,0,0.254443856737075
"9356",2006-08-13,0,0.24465755455488
"9357",2006-08-14,0,0.241966321454776
"9358",2006-08-15,3.15499223295847,0.384112360651162
"9359",2006-08-16,2.13268665766716,0.357200029650125
"9360",2006-08-17,0,0.281356187738112
"9361",2006-08-18,0,0.254443856737075
"9362",2006-08-19,0,0.249550705645978
"9363",2006-08-20,5.43494055302936,0.442830173744333
"9364",2006-08-21,1.14382333428682,0.332734274194637
"9365",2006-08-22,0,0.274016461101466
"9366",2006-08-23,0,0.249550705645978
"9367",2006-08-24,0,0.240987691236557
"9368",2006-08-25,0.00223499995004386,0.555372648839578
"9369",2006-08-26,5.89535053629344,0.494208260200858
"9370",2006-08-27,0.0158105557109747,0.523567166747443
"9371",2006-08-28,12.7080443876055,1.16946311077233
"9372",2006-08-29,0.0342700002670494,0.748652116937933
"9373",2006-08-30,5.74610225253635,0.785350750121165
"9374",2006-08-31,0,0.50888771347415
"9375",2006-09-01,0,0.38655893619671
"9376",2006-09-02,0.642024446437756,0.38655893619671
"9377",2006-09-03,6.77660275093713,0.782904174575616
"9378",2006-09-04,0.485574442687963,0.844068563214336
"9379",2006-09-05,0.0014899999666959,0.459956202563174
"9380",2006-09-06,0.866600550108486,0.401238389470003
"9381",2006-09-07,0,0.359646605195674
"9382",2006-09-08,0,0.327841123103539
"9383",2006-09-09,0,0.315608245375795
"9384",2006-09-10,0.562806112176842,0.318054820921344
"9385",2006-09-11,0,0.298482216556954
"9386",2006-09-12,0,0.281356187738112
"9387",2006-09-13,0.00513222215376381,0.274016461101466
"9388",2006-09-14,1.00227332974143,0.308268518739149
"9389",2006-09-15,4.09940389299393,0.589624706477261
"9390",2006-09-16,8.79017225064173,1.26243298150318
"9391",2006-09-17,0,0.675254850571469
"9392",2006-09-18,0,0.462402778108723
"9393",2006-09-19,0.12011055507573,0.411024691652198
"9394",2006-09-20,0.328958888967832,0.38655893619671
"9395",2006-09-21,0,0.359646605195674
"9396",2006-09-22,0,0.337627425285734
"9397",2006-09-23,0.0574477782976916,0.335180849740186
"9398",2006-09-24,0.227721666587724,0.340074000831283
"9399",2006-09-25,0.0292205552570522,0.332734274194637
"9400",2006-09-26,0,0.320501396466893
"9401",2006-09-27,0,0.313161669830246
"9402",2006-09-28,0,0.310715094284698
"9403",2006-09-29,0.780180555555557,0.320501396466893
"9404",2006-09-30,1.05285056688388,0.310715094284698
"9405",2006-10-01,2.07507333191236,0.814709656667751
"9406",2006-10-02,7.26027334849041,0.638556217388237
"9407",2006-10-03,0,0.442830173744333
"9408",2006-10-04,0,0.374326058468966
"9409",2006-10-05,0.995237220406531,0.396345238378906
"9410",2006-10-06,0,0.354753454104576
"9411",2006-10-07,0,0.332734274194637
"9412",2006-10-08,0,0.330287698649088
"9413",2006-10-09,0,0.340074000831283
"9414",2006-10-10,0,0.337627425285734
"9415",2006-10-11,0,0.354753454104576
"9416",2006-10-12,14.9870822575887,1.27221928368538
"9417",2006-10-13,0,0.802476778940006
"9418",2006-10-14,0,0.48931510910976
"9419",2006-10-15,0,0.406131540561101
"9420",2006-10-16,0,0.369432907377869
"9421",2006-10-17,0,0.379219209560064
"9422",2006-10-18,4.66353446907467,0.589624706477261
"9423",2006-10-19,0,0.48931510910976
"9424",2006-10-20,1.56135444941786,0.562712375476224
"9425",2006-10-21,2.58928890625636,0.594517857568358
"9426",2006-10-22,0,0.46974250474537
"9427",2006-10-23,0.00927111110432693,0.418364418288845
"9428",2006-10-24,0,0.403684965015552
"9429",2006-10-25,0,0.38655893619671
"9430",2006-10-26,0,0.376772634014515
"9431",2006-10-27,0,0.369432907377869
"9432",2006-10-28,8.82684276135763,2.34871252372685
"9433",2006-10-29,11.1205322702196,3.15608245375795
"9434",2006-10-30,0,1.29913161468641
"9435",2006-10-31,0,0.765778145756775
"9436",2006-11-01,0.276560553799073,0.650789095115981
"9437",2006-11-02,1.05086389323076,0.648342519570432
"9438",2006-11-03,0.307353888263512,0.614090461932749
"9439",2006-11-04,0,0.552926073294029
"9440",2006-11-05,0,0.518674015656346
"9441",2006-11-06,0.0824466659956509,0.496654835746406
"9442",2006-11-07,0,0.479528806927565
"9443",2006-11-08,2.08500665971968,1.14744393086239
"9444",2006-11-09,14.8841066186693,3.058219431936
"9445",2006-11-10,0,1.8300385080705
"9446",2006-11-11,0,0.968843916037325
"9447",2006-11-12,0,1.17190968631788
"9448",2006-11-13,6.22381276893615,1.3333836723241
"9449",2006-11-14,1.96903501089414,1.24775352822989
"9450",2006-11-15,0.160506110252606,1.05936721122263
"9451",2006-11-16,0.0956083323218757,0.924805556217446
"9452",2006-11-17,9.95932556629182,2.11139469580861
"9453",2006-11-18,0,1.81780563034276
"9454",2006-11-19,0,1.07893981558702
"9455",2006-11-20,0,0.875874045306471
"9456",2006-11-21,0,0.773117872393421
"9457",2006-11-22,0.0225155551910607,0.719293210391347
"9458",2006-11-23,0.648729454213029,1.36763572996178
"9459",2006-11-24,12.1780182865991,3.32734274194637
"9460",2006-11-25,0,2.14809332899185
"9461",2006-11-26,0,1.25753983041208
"9462",2006-11-27,0,1.0128822758572
"9463",2006-11-28,0,0.893000074125312
"9464",2006-11-29,0.205537221837375,0.814709656667751
"9465",2006-11-30,0,0.770671296847872
"9466",2006-12-01,0.1892300013519,0.819602807758848
"9467",2006-12-02,3.28304943370818,0.888106923034215
"9468",2006-12-03,0,0.79513705230336
"9469",2006-12-04,0.157112223043106,0.702167181572506
"9470",2006-12-05,0,0.648342519570432
"9471",2006-12-06,0,0.616537037478298
"9472",2006-12-07,0,0.604304159750554
"9473",2006-12-08,0,0.565158951021773
"9474",2006-12-09,0,0.526013742292992
"9475",2006-12-10,0,0.513780864565248
"9476",2006-12-11,0,0.526013742292992
"9477",2006-12-12,0,0.511334289019699
"9478",2006-12-13,0,0.516227440110797
"9479",2006-12-14,1.4417405561871,0.533353468929639
"9480",2006-12-15,0,0.501547986837504
"9481",2006-12-16,0.00281444450488521,0.479528806927565
"9482",2006-12-17,0,0.455063051472077
"9483",2006-12-18,0,0.442830173744333
"9484",2006-12-19,0,0.430597296016589
"9485",2006-12-20,0,0.418364418288845
"9486",2006-12-21,0,0.40857811610665
"9487",2006-12-22,0,0.40857811610665
"9488",2006-12-23,7.70123055871327,1.24041380159324
"9489",2006-12-24,0.82694999585549,1.00064939812946
"9490",2006-12-25,0,0.682594577208115
"9491",2006-12-26,2.8610483303335,0.89789322521641
"9492",2006-12-27,0.111004999754537,0.77556444793897
"9493",2006-12-28,0,0.616537037478298
"9494",2006-12-29,0,0.545586346657383
"9495",2006-12-30,0,0.513780864565248
"9496",2006-12-31,0,0.494208260200858
"9497",2007-01-01,2.68431777162022,1.36518915441623
"9498",2007-01-02,8.77262332322862,1.57070150024233
"9499",2007-01-03,0,0.922358980671898
"9500",2007-01-04,0,0.73397266366464
"9501",2007-01-05,0,0.680148001662567
"9502",2007-01-06,1.71672833222813,0.807369930031104
"9503",2007-01-07,0.217953888257345,0.694827454935859
"9504",2007-01-08,4.9349627626207,1.61963301115331
"9505",2007-01-09,3.40531221527524,1.6392056155177
"9506",2007-01-10,0,1.00554254922056
"9507",2007-01-11,0,0.792690476757811
"9508",2007-01-12,0,0.716846634845798
"9509",2007-01-13,0.282189444227351,0.707060332663603
"9510",2007-01-14,1.14266445399655,0.724186361482445
"9511",2007-01-15,2.61246665403578,0.873427469760922
"9512",2007-01-16,0.268779443201091,0.866087743124275
"9513",2007-01-17,0,0.689934303844762
"9514",2007-01-18,0,0.584731555386163
"9515",2007-01-19,0.919578334596423,0.645895944024883
"9516",2007-01-20,0,0.626323339660493
"9517",2007-01-21,0,0.533353468929639
"9518",2007-01-22,0,0.506441137928602
"9519",2007-01-23,0.0678777773090533,0.496654835746406
"9520",2007-01-24,0,0.484421958018663
"9521",2007-01-25,0,0.474635655836467
"9522",2007-01-26,0,0.42815072047104
"9523",2007-01-27,0,0.413471267197747
"9524",2007-01-28,0,0.423257569379942
"9525",2007-01-29,0,0.42815072047104
"9526",2007-01-30,0,0.403684965015552
"9527",2007-01-31,0.0025661110383355,0.38655893619671
"9528",2007-02-01,0,0.379219209560064
"9529",2007-02-02,0,0.384112360651162
"9530",2007-02-03,1.8908927763568,0.413471267197747
"9531",2007-02-04,0,0.384112360651162
"9532",2007-02-05,0,0.34741372746793
"9533",2007-02-06,0,0.335180849740186
"9534",2007-02-07,0,0.330287698649088
"9535",2007-02-08,0,0.318054820921344
"9536",2007-02-09,0,0.315608245375795
"9537",2007-02-10,0,0.315608245375795
"9538",2007-02-11,0,0.3058219431936
"9539",2007-02-12,0,0.298482216556954
"9540",2007-02-13,0,0.310715094284698
"9541",2007-02-14,1.66921389559905,0.327841123103539
"9542",2007-02-15,5.06790388509961,0.330287698649088
"9543",2007-02-16,0,0.335180849740186
"9544",2007-02-17,0,0.300928792102502
"9545",2007-02-18,0,0.298482216556954
"9546",2007-02-19,0,0.288695914374758
"9547",2007-02-20,0,0.300928792102502
"9548",2007-02-21,0.00347666661979423,0.371879482923418
"9549",2007-02-22,0,0.472189080290918
"9550",2007-02-23,2.49632945770688,0.560265799930675
"9551",2007-02-24,0,0.415917842743296
"9552",2007-02-25,0,0.352306878559027
"9553",2007-02-26,2.08757278219859,0.352306878559027
"9554",2007-02-27,0.670831108821762,0.352306878559027
"9555",2007-02-28,0.00620833341042613,0.381665785105613
"9556",2007-03-01,0,0.40857811610665
"9557",2007-03-02,7.45471836238436,4.45276749289882
"9558",2007-03-03,9.98242062123617,4.15917842743296
"9559",2007-03-04,0.00521499989885424,1.59272068015227
"9560",2007-03-05,0,0.932145282854093
"9561",2007-03-06,0.00554611100256443,0.716846634845798
"9562",2007-03-07,0,0.59207128202281
"9563",2007-03-08,0,0.552926073294029
"9564",2007-03-09,0,0.499101411291955
"9565",2007-03-10,0,0.496654835746406
"9566",2007-03-11,2.65782888825734,0.983523369310618
"9567",2007-03-12,0,0.905232951853056
"9568",2007-03-13,0,0.711953483754701
"9569",2007-03-14,0,0.689934303844762
"9570",2007-03-15,0.477958884033891,0.736419239210189
"9571",2007-03-16,3.01220054655606,0.875874045306471
"9572",2007-03-17,11.5350005062951,0.765778145756775
"9573",2007-03-18,0.0544677780867657,0.709506908209152
"9574",2007-03-19,0,0.628769915206042
"9575",2007-03-20,0.836717781093386,0.697274030481408
"9576",2007-03-21,0,0.753545268029031
"9577",2007-03-22,0,0.839175412123239
"9578",2007-03-23,0.3133966653049,1.52176998933135
"9579",2007-03-24,0,1.46060560069263
"9580",2007-03-25,2.26372389109929,1.69547685306532
"9581",2007-03-26,0,1.40922751423611
"9582",2007-03-27,1.01560055602921,1.26243298150318
"9583",2007-03-28,0,1.19148229068227
"9584",2007-03-29,0,0.976183642673971
"9585",2007-03-30,0,0.844068563214336
"9586",2007-03-31,0,0.770671296847872
"9587",2007-04-01,0,0.729079512573542
"9588",2007-04-02,1.9641511089007,0.851408289850982
"9589",2007-04-03,0,0.790243901212262
"9590",2007-04-04,0.175571665301815,1.01043570031165
"9591",2007-04-05,7.37773500378928,1.74685493952184
"9592",2007-04-06,0,1.18903571513672
"9593",2007-04-07,0,0.890553498579763
"9594",2007-04-08,0,0.787797325666714
"9595",2007-04-09,0,0.719293210391347
"9596",2007-04-10,0,0.675254850571469
"9597",2007-04-11,0,0.641002792933786
"9598",2007-04-12,0.089399999636122,1.52176998933135
"9599",2007-04-13,9.64741892867618,2.02821112725996
"9600",2007-04-14,0,1.17435626186342
"9601",2007-04-15,2.69019499021106,3.00928792102502
"9602",2007-04-16,33.8049542524548,9.39485009490739
"9603",2007-04-17,2.31827444002363,7.41312390301287
"9604",2007-04-18,1.1449822236432,3.6698633183232
"9605",2007-04-19,0,2.30467416390697
"9606",2007-04-20,0,1.75908781724959
"9607",2007-04-21,0,1.46060560069263
"9608",2007-04-22,0,1.27466585923093
"9609",2007-04-23,0,1.15478365749903
"9610",2007-04-24,0,1.04958090904044
"9611",2007-04-25,0,0.973737067128423
"9612",2007-04-26,1.92805999668439,1.01532885140275
"9613",2007-04-27,7.97944665908815,2.49550705645978
"9614",2007-04-28,2.37820554924011,2.16032620671959
"9615",2007-04-29,0.301311106966601,1.44103299632824
"9616",2007-04-30,0,1.14989050640794
"9617",2007-05-01,0.0241711110025644,0.971290491582874
"9618",2007-05-02,0.928021666785081,0.937038433945191
"9619",2007-05-03,0,0.875874045306471
"9620",2007-05-04,0,0.765778145756775
"9621",2007-05-05,0,0.704613757118055
"9622",2007-05-06,0,0.660575397298176
"9623",2007-05-07,0,0.626323339660493
"9624",2007-05-08,0,0.604304159750554
"9625",2007-05-09,0,0.582284979840614
"9626",2007-05-10,0,0.562712375476224
"9627",2007-05-11,0.0746655556597851,0.614090461932749
"9628",2007-05-12,1.56590722088019,0.738865814755738
"9629",2007-05-13,0.0623316666302789,0.557819224385127
"9630",2007-05-14,0.208517222510858,0.499101411291955
"9631",2007-05-15,0,0.474635655836467
"9632",2007-05-16,0.123007778466679,0.587178130931712
"9633",2007-05-17,5.90784998263253,0.954164462764032
"9634",2007-05-18,0.393360000212158,0.670361699480371
"9635",2007-05-19,2.25859165798293,0.594517857568358
"9636",2007-05-20,0.0360911107207132,0.53090689338409
"9637",2007-05-21,0.674887215447922,0.486868533564211
"9638",2007-05-22,0,0.44772332483543
"9639",2007-05-23,0,0.425704144925491
"9640",2007-05-24,0,0.40857811610665
"9641",2007-05-25,0,0.389005511742259
"9642",2007-05-26,0,0.369432907377869
"9643",2007-05-27,0,0.349860303013478
"9644",2007-05-28,0,0.342520576376832
"9645",2007-05-29,0,0.330287698649088
"9646",2007-05-30,0,0.318054820921344
"9647",2007-05-31,0,0.320501396466893
"9648",2007-06-01,3.41748054687182,0.721739785936896
"9649",2007-06-02,1.23744500106573,0.491761684655309
"9650",2007-06-03,0.156615555015289,0.364539756286771
"9651",2007-06-04,7.94542505052355,1.529109715968
"9652",2007-06-05,4.99431446149614,1.57559465133343
"9653",2007-06-06,2.40982665344617,1.16212338413568
"9654",2007-06-07,0,0.565158951021773
"9655",2007-06-08,0,0.442830173744333
"9656",2007-06-09,0.516533330160193,0.552926073294029
"9657",2007-06-10,2.08202666256163,0.472189080290918
"9658",2007-06-11,0.659738887926769,0.437937022653235
"9659",2007-06-12,1.3866933450169,0.513780864565248
"9660",2007-06-13,0.815278330451914,0.430597296016589
"9661",2007-06-14,0.0519016660616421,0.381665785105613
"9662",2007-06-15,0,0.349860303013478
"9663",2007-06-16,0,0.560265799930675
"9664",2007-06-17,3.53121724716821,0.802476778940006
"9665",2007-06-18,0.0442861108921675,0.437937022653235
"9666",2007-06-19,0,0.352306878559027
"9667",2007-06-20,0.00455277787645658,0.322947972012442
"9668",2007-06-21,0.227804444039861,0.322947972012442
"9669",2007-06-22,1.07238611565034,0.344967151922381
"9670",2007-06-23,0.299655554362159,0.300928792102502
"9671",2007-06-24,0,0.278909612192563
"9672",2007-06-25,0,0.269123310010368
"9673",2007-06-26,0,0.259337007828173
"9674",2007-06-27,0.00405611119005414,0.251997281191526
"9675",2007-06-28,0.18765722239121,0.251997281191526
"9676",2007-06-29,0.274822222123543,0.240498376127447
"9677",2007-06-30,0,0.230222758836142
"9678",2007-07-01,1.10235167124536,0.247104130100429
"9679",2007-07-02,0,0.228999471063368
"9680",2007-07-03,0,0.215543305562849
"9681",2007-07-04,0,0.228020840845148
"9682",2007-07-05,6.49441332891252,0.584731555386163
"9683",2007-07-06,4.41561501042049,0.9174658295808
"9684",2007-07-07,0.80733167284396,0.425704144925491
"9685",2007-07-08,0,0.300928792102502
"9686",2007-07-09,0,0.259337007828173
"9687",2007-07-10,0,0.236339197700014
"9688",2007-07-11,0,0.226552895517819
"9689",2007-07-12,2.33193276427852,0.23364796459991
"9690",2007-07-13,0,0.220681114208502
"9691",2007-07-14,0.112743332879411,0.209182209144422
"9692",2007-07-15,0,0.209182209144422
"9693",2007-07-16,4.23193110526932,0.435490447107686
"9694",2007-07-17,0,0.288695914374758
"9695",2007-07-18,0.511235552762945,0.303375367648051
"9696",2007-07-19,3.63833165656194,0.658128821752627
"9697",2007-07-20,8.98321004168192,0.731526088119091
"9698",2007-07-21,0,0.371879482923418
"9699",2007-07-22,0,0.266676734464819
"9700",2007-07-23,0.463390002301067,0.3058219431936
"9701",2007-07-24,3.64528499905269,0.371879482923418
"9702",2007-07-25,0,0.28624933882921
"9703",2007-07-26,0,0.238785773245563
"9704",2007-07-27,0,0.219702483990282
"9705",2007-07-28,1.74876333152751,0.567605526567322
"9706",2007-07-29,8.49142721780142,0.731526088119091
"9707",2007-07-30,3.01857444318136,0.711953483754701
"9708",2007-07-31,1.68610056378475,0.538246620020736
"9709",2007-08-01,0,0.303375367648051
"9710",2007-08-02,0,0.256890432282624
"9711",2007-08-03,0,0.23511590992724
"9712",2007-08-04,0.0375811109032689,0.218234538662953
"9713",2007-08-05,0,0.203799742944215
"9714",2007-08-06,0.0001655555518551,0.200619194735002
"9715",2007-08-07,0.167790555197228,0.199885222071337
"9716",2007-08-08,2.54020166571935,0.254443856737075
"9717",2007-08-09,0.15976111120979,0.221659744426721
"9718",2007-08-10,1.22593889007303,0.247104130100429
"9719",2007-08-11,3.95280444823371,0.330287698649088
"9720",2007-08-12,0,0.247104130100429
"9721",2007-08-13,0.154711666461908,0.210160839362642
"9722",2007-08-14,0.151979999871718,0.195236728534794
"9723",2007-08-15,0,0.18398248102527
"9724",2007-08-16,0,0.177376727052288
"9725",2007-08-17,0.0259922222579933,0.177866042161398
"9726",2007-08-18,2.17986998547448,0.207224948707983
"9727",2007-08-19,0,0.177376727052288
"9728",2007-08-20,0,0.168813712642867
"9729",2007-08-21,1.01353110763762,0.241966321454776
"9730",2007-08-22,3.12676498042212,0.26423015891927
"9731",2007-08-23,0,0.206490976044319
"9732",2007-08-24,0,0.187652344343593
"9733",2007-08-25,0,0.176642754388623
"9734",2007-08-26,0,0.171504945742971
"9735",2007-08-27,0,0.164654534215434
"9736",2007-08-28,0,0.156336177360568
"9737",2007-08-29,0,0.151687683824026
"9738",2007-08-30,0,0.150709053605806
"9739",2007-08-31,0,0.147039190287483
"9740",2007-09-01,0,0.144592614741934
"9741",2007-09-02,0,0.138476175878062
"9742",2007-09-03,0,0.136518915441623
"9743",2007-09-04,0,0.135784942777958
"9744",2007-09-05,0,0.1328490521233
"9745",2007-09-06,0,0.13235973701419
"9746",2007-09-07,0,0.134072339896074
"9747",2007-09-08,0,0.13187042190508
"9748",2007-09-09,0.00364222210997509,0.131625764350525
"9749",2007-09-10,0.0224327775230631,0.133093709677855
"9750",2007-09-11,1.32742443814874,0.384112360651162
"9751",2007-09-12,6.42454885636437,0.254443856737075
"9752",2007-09-13,0,0.175664124170404
"9753",2007-09-14,0,0.154134259369574
"9754",2007-09-15,0.428706111782126,0.150953711160361
"9755",2007-09-16,0.0982572226625765,0.146305217623818
"9756",2007-09-17,0.0669672224522671,0.139454806096282
"9757",2007-09-18,0,0.136029600332513
"9758",2007-09-19,0,0.13333836723241
"9759",2007-09-20,0,0.131625764350525
"9760",2007-09-21,0,0.132115079459635
"9761",2007-09-22,0,0.13333836723241
"9762",2007-09-23,0.004718333382056,0.133093709677855
"9763",2007-09-24,0,0.128934531250422
"9764",2007-09-25,0,0.126487955704873
"9765",2007-09-26,0,0.129179188804977
"9766",2007-09-27,0,0.126977270813983
"9767",2007-09-28,2.21165666919284,0.168813712642867
"9768",2007-09-29,0,0.146305217623818
"9769",2007-09-30,0,0.129668503914086
"9770",2007-10-01,0,0.123552065050214
"9771",2007-10-02,0,0.123062749941105
"9772",2007-10-03,0,0.122084119722885
"9773",2007-10-04,0,0.12232877727744
"9774",2007-10-05,0,0.12183946216833
"9775",2007-10-06,0,0.120860831950111
"9776",2007-10-07,0.209096666603142,0.120616174395556
"9777",2007-10-08,0.00653944440620641,0.120126859286446
"9778",2007-10-09,1.44703834272756,0.125998640595763
"9779",2007-10-10,1.50316166003545,0.140678093869056
"9780",2007-10-11,1.70778833285968,0.163675903997215
"9781",2007-10-12,6.58795217990875,0.340074000831283
"9782",2007-10-13,1.46036554434564,0.241966321454776
"9783",2007-10-14,0,0.173706863733965
"9784",2007-10-15,0,0.149485765833032
"9785",2007-10-16,0,0.140922751423611
"9786",2007-10-17,0,0.134316997450629
"9787",2007-10-18,0,0.13187042190508
"9788",2007-10-19,0,0.303375367648051
"9789",2007-10-20,11.0115967475043,0.702167181572506
"9790",2007-10-21,0,0.318054820921344
"9791",2007-10-22,0,0.201842482507776
"9792",2007-10-23,0,0.172238918406636
"9793",2007-10-24,0.321674445056252,0.163186588888105
"9794",2007-10-25,0.816520008762678,0.170526315524751
"9795",2007-10-26,0.203384999940793,0.16294193133355
"9796",2007-10-27,3.66837996715968,0.296035641011405
"9797",2007-10-28,3.48825556029213,0.369432907377869
"9798",2007-10-29,0,0.234381937263575
"9799",2007-10-30,0,0.184961111243489
"9800",2007-10-31,0,0.17248357596119
"9801",2007-11-01,0,0.16294193133355
"9802",2007-11-02,0,0.156336177360568
"9803",2007-11-03,0.000248333327782651,0.162697273778995
"9804",2007-11-04,0.428126666857239,0.165633164433654
"9805",2007-11-05,0.121269445033434,0.156091519806013
"9806",2007-11-06,3.19199389394124,0.259337007828173
"9807",2007-11-07,1.98923278914558,0.271569885555917
"9808",2007-11-08,0,0.199640564516782
"9809",2007-11-09,0,0.171504945742971
"9810",2007-11-10,0,0.164654534215434
"9811",2007-11-11,0,0.157804122687898
"9812",2007-11-12,0,0.152176998933135
"9813",2007-11-13,2.46330111442672,0.188141659452703
"9814",2007-11-14,0.119199998877529,0.18349316591616
"9815",2007-11-15,0.121766111858603,0.22361700486316
"9816",2007-11-16,3.16840222411687,0.269123310010368
"9817",2007-11-17,0,0.20306577028055
"9818",2007-11-18,0,0.177376727052288
"9819",2007-11-19,0,0.168569055088312
"9820",2007-11-20,0.392118335346382,0.180067960152392
"9821",2007-11-21,1.65861833238602,0.190832892552806
"9822",2007-11-22,0.0250816669540687,0.18349316591616
"9823",2007-11-23,0.0163900004354202,0.173217548624855
"9824",2007-11-24,0,0.161229328451666
"9825",2007-11-25,0,0.157314807578788
"9826",2007-11-26,4.28383277177812,0.327841123103539
"9827",2007-11-27,3.30010165940391,0.401238389470003
"9828",2007-11-28,0,0.278909612192563
"9829",2007-11-29,0,0.211139469580861
"9830",2007-11-30,0.0946977779739018,0.190832892552806
"9831",2007-12-01,0,0.179578645043282
"9832",2007-12-02,0,0.16245261622444
"9833",2007-12-03,4.21876944128673,0.278909612192563
"9834",2007-12-04,0.648812219222387,0.288695914374758
"9835",2007-12-05,0,0.230956731499807
"9836",2007-12-06,0,0.191322207661916
"9837",2007-12-07,0,0.176398096834068
"9838",2007-12-08,0.791686675429343,0.171994260852081
"9839",2007-12-09,0,0.177132069497733
"9840",2007-12-10,2.66503055792385,0.261783583373722
"9841",2007-12-11,0.197342221511735,0.235849882590904
"9842",2007-12-12,0.904098891099295,0.213830702680965
"9843",2007-12-13,0.00314555563943253,0.218723853772063
"9844",2007-12-14,8.01437882826064,0.211384127135416
"9845",2007-12-15,0,0.208937551589868
"9846",2007-12-16,4.7679172361162,0.206735633598874
"9847",2007-12-17,2.0944433292283,0.210160839362642
"9848",2007-12-18,0,0.189120289670922
"9849",2007-12-19,0,0.178844672379617
"9850",2007-12-20,0.795080559107991,0.178844672379617
"9851",2007-12-21,0.0003311111037102,0.184716453688934
"9852",2007-12-22,0,0.188630974561812
"9853",2007-12-23,0.710233332938619,0.349860303013478
"9854",2007-12-24,6.74945172097947,1.92300837880136
"9855",2007-12-25,0,0.873427469760922
"9856",2007-12-26,0,0.440383598198784
"9857",2007-12-27,3.36334389236238,0.689934303844762
"9858",2007-12-28,0.364884444799689,0.562712375476224
"9859",2007-12-29,2.23475168071853,0.689934303844762
"9860",2007-12-30,0.439715555101634,0.616537037478298
"9861",2007-12-31,3.52906499936845,0.707060332663603
"9862",2008-01-01,0.0472661103938397,0.697274030481408
"9863",2008-01-02,3.13777445186508,0.697274030481408
"9864",2008-01-03,0,0.430597296016589
"9865",2008-01-04,0,0.34741372746793
"9866",2008-01-05,0,0.32539454755799
"9867",2008-01-06,0.105044999687312,0.318054820921344
"9868",2008-01-07,0,0.32539454755799
"9869",2008-01-08,0,0.344967151922381
"9870",2008-01-09,0,0.376772634014515
"9871",2008-01-10,0.0691194443180122,0.374326058468966
"9872",2008-01-11,3.00905499400034,0.765778145756775
"9873",2008-01-12,5.2768349706332,1.14255077977129
"9874",2008-01-13,0,0.658128821752627
"9875",2008-01-14,5.0590466890865,0.521120591201894
"9876",2008-01-15,1.01071666390366,0.484421958018663
"9877",2008-01-16,0.0557922217615156,0.430597296016589
"9878",2008-01-17,0.0605933319327112,0.374326058468966
"9879",2008-01-18,2.91518499273724,0.486868533564211
"9880",2008-01-19,0.414302776966762,0.521120591201894
"9881",2008-01-20,0,0.415917842743296
"9882",2008-01-21,0,0.337627425285734
"9883",2008-01-22,0,0.315608245375795
"9884",2008-01-23,0,0.313161669830246
"9885",2008-01-24,0,0.303375367648051
"9886",2008-01-25,0,0.283802763283661
"9887",2008-01-26,0,0.274016461101466
"9888",2008-01-27,0,0.269123310010368
"9889",2008-01-28,0,0.266676734464819
"9890",2008-01-29,0,0.261783583373722
"9891",2008-01-30,0.0139894445634758,0.276463036647014
"9892",2008-01-31,0.379039442895186,0.296035641011405
"9893",2008-02-01,0,1.14989050640794
"9894",2008-02-02,14.9408094785479,4.03684965015552
"9895",2008-02-03,0,2.02331797616886
"9896",2008-02-04,0,0.888106923034215
"9897",2008-02-05,0.143205555500049,0.814709656667751
"9898",2008-02-06,2.53266887736321,1.04713433349489
"9899",2008-02-07,2.9601333246496,1.10585214658806
"9900",2008-02-08,0.305201666027723,0.9174658295808
"9901",2008-02-09,0.0170522222727951,0.73397266366464
"9902",2008-02-10,2.31819167613983,0.895446649670861
"9903",2008-02-11,0.714620556897588,0.721739785936896
"9904",2008-02-12,0,0.552926073294029
"9905",2008-02-13,4.36271999968424,3.37627425285734
"9906",2008-02-14,20.6397283598582,5.70052102112871
"9907",2008-02-15,0,2.83802763283661
"9908",2008-02-16,0,1.42146039196385
"9909",2008-02-17,0,1.02022200249385
"9910",2008-02-18,6.92113276704153,3.18054820921344
"9911",2008-02-19,2.14261999731594,3.058219431936
"9912",2008-02-20,0,1.54378916924129
"9913",2008-02-21,0,1.03245488022159
"9914",2008-02-22,0.811967218551371,0.873427469760922
"9915",2008-02-23,3.98732275851569,0.819602807758848
"9916",2008-02-24,0,0.726632937027994
"9917",2008-02-25,0,0.667915123934823
"9918",2008-02-26,0,0.704613757118055
"9919",2008-02-27,4.32571833870147,1.2281809238655
"9920",2008-02-28,0.0824466665353006,0.946824736127386
"9921",2008-02-29,0,0.641002792933786
"9922",2008-03-01,2.67181832528114,0.685041152753664
"9923",2008-03-02,0.912376666903497,0.660575397298176
"9924",2008-03-03,0,0.594517857568358
"9925",2008-03-04,0,0.697274030481408
"9926",2008-03-05,7.99914779482946,1.73706863733965
"9927",2008-03-06,0.473571666982437,2.20681114208502
"9928",2008-03-07,0,1.18169598850007
"9929",2008-03-08,8.81839944002363,3.49860303013478
"9930",2008-03-09,7.86976613510979,4.15917842743296
"9931",2008-03-10,0,2.21659744426721
"9932",2008-03-11,0,1.31136449241416
"9933",2008-03-12,0,1.06670693785928
"9934",2008-03-13,0.0248333331637292,0.905232951853056
"9935",2008-03-14,0,0.780457599030067
"9936",2008-03-15,1.19911888407336,0.782904174575616
"9937",2008-03-16,0.194113889036907,0.770671296847872
"9938",2008-03-17,0,0.645895944024883
"9939",2008-03-18,0,0.565158951021773
"9940",2008-03-19,1.29729332567586,0.780457599030067
"9941",2008-03-20,8.79580109469095,1.79578645043282
"9942",2008-03-21,0,1.29668503914086
"9943",2008-03-22,0,0.800030203394458
"9944",2008-03-23,0,0.670361699480371
"9945",2008-03-24,0,0.609197310841651
"9946",2008-03-25,0,0.572498677658419
"9947",2008-03-26,0,0.545586346657383
"9948",2008-03-27,0,0.516227440110797
"9949",2008-03-28,0.302552775902882,0.53090689338409
"9950",2008-03-29,0.797977784487937,0.518674015656346
"9951",2008-03-30,0,0.467295929199821
"9952",2008-03-31,0,0.46974250474537
"9953",2008-04-01,2.86262111647924,0.596964433113907
"9954",2008-04-02,1.94701611537404,0.633663066297139
"9955",2008-04-03,0,0.523567166747443
"9956",2008-04-04,3.10921612405778,0.888106923034215
"9957",2008-04-05,3.65124500915739,1.07649324004147
"9958",2008-04-06,0,0.707060332663603
"9959",2008-04-07,0,0.567605526567322
"9960",2008-04-08,0,0.513780864565248
"9961",2008-04-09,0,0.479528806927565
"9962",2008-04-10,0,0.462402778108723
"9963",2008-04-11,0,0.44772332483543
"9964",2008-04-12,3.18305390246708,0.618983613023847
"9965",2008-04-13,0.00206944444444444,0.589624706477261
"9966",2008-04-14,0,0.467295929199821
"9967",2008-04-15,0,0.425704144925491
"9968",2008-04-16,0,0.406131540561101
"9969",2008-04-17,0,0.391452087287808
"9970",2008-04-18,0,0.381665785105613
"9971",2008-04-19,0,0.36698633183232
"9972",2008-04-20,0,0.354753454104576
"9973",2008-04-21,0,0.344967151922381
"9974",2008-04-22,0,0.332734274194637
"9975",2008-04-23,0,0.32539454755799
"9976",2008-04-24,0,0.320501396466893
"9977",2008-04-25,0,0.308268518739149
"9978",2008-04-26,0,0.303375367648051
"9979",2008-04-27,0,0.298482216556954
"9980",2008-04-28,2.67339109958543,1.07649324004147
"9981",2008-04-29,14.8398205517663,2.66676734464819
"9982",2008-04-30,2.62670444191827,1.74930151506739
"9983",2008-05-01,0,0.963950764946227
"9984",2008-05-02,0.387648334675366,0.763331570211226
"9985",2008-05-03,0.819417214900254,0.709506908209152
"9986",2008-05-04,0.611810561199984,0.719293210391347
"9987",2008-05-05,0.0501633339081374,0.641002792933786
"9988",2008-05-06,0,0.562712375476224
"9989",2008-05-07,0,0.516227440110797
"9990",2008-05-08,0.346590556581815,0.499101411291955
"9991",2008-05-09,0.706260000434186,0.663021972843725
"9992",2008-05-10,4.3853183371226,0.875874045306471
"9993",2008-05-11,0.000413888895056315,0.614090461932749
"9994",2008-05-12,0,0.50888771347415
"9995",2008-05-13,0,0.459956202563174
"9996",2008-05-14,0,0.433043871562138
"9997",2008-05-15,0,0.413471267197747
"9998",2008-05-16,0,0.423257569379942
"9999",2008-05-17,4.28192888667848,0.670361699480371
"10000",2008-05-18,0.224410555427273,0.577391828749517
"10001",2008-05-19,0.511318332188661,0.464849353654272
"10002",2008-05-20,0.000248333327782651,0.440383598198784
"10003",2008-05-21,1.49306278472477,0.450169900380979
"10004",2008-05-22,1.28818778275119,0.474635655836467
"10005",2008-05-23,0.351971111199921,0.406131540561101
"10006",2008-05-24,0,0.369432907377869
"10007",2008-05-25,0,0.352306878559027
"10008",2008-05-26,0,0.342520576376832
"10009",2008-05-27,0.151317778913201,0.384112360651162
"10010",2008-05-28,2.76535722660356,0.540693195566285
"10011",2008-05-29,0,0.396345238378906
"10012",2008-05-30,0,0.342520576376832
"10013",2008-05-31,0,0.34741372746793
"10014",2008-06-01,1.27668166682455,0.364539756286771
"10015",2008-06-02,0,0.327841123103539
"10016",2008-06-03,0,0.300928792102502
"10017",2008-06-04,2.50841500173675,0.403684965015552
"10018",2008-06-05,0.888453884310194,0.398791813924455
"10019",2008-06-06,2.14940778046184,0.48931510910976
"10020",2008-06-07,1.45920667037699,0.457509627017626
"10021",2008-06-08,0.0052149999913656,0.523567166747443
"10022",2008-06-09,3.90214441760381,0.760884994665677
"10023",2008-06-10,0,0.433043871562138
"10024",2008-06-11,0.614045551174218,0.354753454104576
"10025",2008-06-12,0,0.313161669830246
"10026",2008-06-13,0,0.28624933882921
"10027",2008-06-14,0,0.352306878559027
"10028",2008-06-15,5.65041109058591,0.755991843574579
"10029",2008-06-16,0.287569999940176,0.680148001662567
"10030",2008-06-17,5.70057445896996,1.29668503914086
"10031",2008-06-18,0,0.680148001662567
"10032",2008-06-19,1.28661499068472,0.477082231382016
"10033",2008-06-20,0,0.411024691652198
"10034",2008-06-21,1.52625666465362,0.425704144925491
"10035",2008-06-22,0,0.34741372746793
"10036",2008-06-23,0.439218892115687,0.352306878559027
"10037",2008-06-24,2.50228945597013,0.352306878559027
"10038",2008-06-25,0.0718511107694359,0.313161669830246
"10039",2008-06-26,0,0.288695914374758
"10040",2008-06-27,0,0.283802763283661
"10041",2008-06-28,0,0.281356187738112
"10042",2008-06-29,0.00711888886853639,0.271569885555917
"10043",2008-06-30,0.924213882770803,0.278909612192563
"10044",2008-07-01,0.0014899999666959,0.256890432282624
"10045",2008-07-02,5.904125,0.565158951021773
"10046",2008-07-03,0.211993891428018,0.357200029650125
"10047",2008-07-04,2.68613889283604,0.406131540561101
"10048",2008-07-05,4.19716445202299,0.499101411291955
"10049",2008-07-06,0.447827778961923,0.396345238378906
"10050",2008-07-07,0,0.308268518739149
"10051",2008-07-08,0,0.281356187738112
"10052",2008-07-09,0,0.261783583373722
"10053",2008-07-10,0.00546333313412551,0.24465755455488
"10054",2008-07-11,0,0.22508495019049
"10055",2008-07-12,0,0.216032620671959
"10056",2008-07-13,0,0.208448236480758
"10057",2008-07-14,1.78063277296225,0.318054820921344
"10058",2008-07-15,0.763956107834976,0.261783583373722
"10059",2008-07-16,0,0.217500565999288
"10060",2008-07-17,0,0.202087140062331
"10061",2008-07-18,0,0.192545495434691
"10062",2008-07-19,0.0183766666413802,0.190098919889142
"10063",2008-07-20,0.412067776924205,0.20306577028055
"10064",2008-07-21,1.18951666015387,0.197438646525788
"10065",2008-07-22,0.0791355548352003,0.197683304080343
"10066",2008-07-23,0.67174167140325,0.210650154471752
"10067",2008-07-24,10.7349533188078,1.10340557104251
"10068",2008-07-25,4.83869220611785,0.907679527398605
"10069",2008-07-26,0,0.359646605195674
"10070",2008-07-27,2.91915832622846,0.415917842743296
"10071",2008-07-28,5.75976055902906,0.851408289850982
"10072",2008-07-29,0,0.44772332483543
"10073",2008-07-30,0,0.298482216556954
"10074",2008-07-31,0.620502218097449,0.278909612192563
"10075",2008-08-01,0.145026666246665,0.254443856737075
"10076",2008-08-02,0,0.327841123103539
"10077",2008-08-03,2.61619168798129,0.357200029650125
"10078",2008-08-04,0,0.256890432282624
"10079",2008-08-05,0.00653944446788067,0.224350977526825
"10080",2008-08-06,3.29488666635089,0.398791813924455
"10081",2008-08-07,3.24935889646742,0.401238389470003
"10082",2008-08-08,2.98480109863811,0.42815072047104
"10083",2008-08-09,2.1534638662421,0.381665785105613
"10084",2008-08-10,0,0.259337007828173
"10085",2008-08-11,0.580023888567565,0.34741372746793
"10086",2008-08-12,4.00379556992319,0.303375367648051
"10087",2008-08-13,0.0884894439775704,0.259337007828173
"10088",2008-08-14,0,0.440383598198784
"10089",2008-08-15,4.32248999068473,0.513780864565248
"10090",2008-08-16,2.44401391158501,0.406131540561101
"10091",2008-08-17,0.0240055554044536,0.315608245375795
"10092",2008-08-18,0,0.254443856737075
"10093",2008-08-19,0,0.226552895517819
"10094",2008-08-20,0.0275650002627323,0.207958921371648
"10095",2008-08-21,0,0.197683304080343
"10096",2008-08-22,0,0.192790152989245
"10097",2008-08-23,0,0.189120289670922
"10098",2008-08-24,0,0.186673714125373
"10099",2008-08-25,0,0.196949331416678
"10100",2008-08-26,1.21401888616104,0.185939741461709
"10101",2008-08-27,0,0.175664124170404
"10102",2008-08-28,0,0.17248357596119
"10103",2008-08-29,0,0.173706863733965
"10104",2008-08-30,3.06360553503037,0.276463036647014
"10105",2008-08-31,0.130209444170611,0.220191799099392
"10106",2008-09-01,0,0.185939741461709
"10107",2008-09-02,0,0.175419466615849
"10108",2008-09-03,0.082198333839679,0.174685493952184
"10109",2008-09-04,1.1725472190645,0.186673714125373
"10110",2008-09-05,0,0.18300385080705
"10111",2008-09-06,5.82565169413885,1.2135014705922
"10112",2008-09-07,25.303179986106,3.64539756286771
"10113",2008-09-08,0,1.54868232033239
"10114",2008-09-09,0,0.616537037478298
"10115",2008-09-10,4.44922278377745,0.65323567066153
"10116",2008-09-11,0,0.423257569379942
"10117",2008-09-12,0,0.42815072047104
"10118",2008-09-13,4.26115166256164,0.574945253203968
"10119",2008-09-14,2.64665386141671,0.604304159750554
"10120",2008-09-15,0.296841111969617,0.479528806927565
"10121",2008-09-16,0,0.344967151922381
"10122",2008-09-17,0,0.303375367648051
"10123",2008-09-18,0,0.281356187738112
"10124",2008-09-19,0,0.261783583373722
"10125",2008-09-20,0,0.247104130100429
"10126",2008-09-21,0,0.239519745909228
"10127",2008-09-22,0.0375811111808031,0.233892622154465
"10128",2008-09-23,0,0.224840292635935
"10129",2008-09-24,0,0.217989881108398
"10130",2008-09-25,0,0.2130967300173
"10131",2008-09-26,4.25428111553191,1.55846862251459
"10132",2008-09-27,8.4040966527727,1.74440836397629
"10133",2008-09-28,2.03426388494174,0.85630144094208
"10134",2008-09-29,3.0218855550819,0.694827454935859
"10135",2008-09-30,0,0.636109641842688
"10136",2008-10-01,0.825873894651729,0.976183642673971
"10137",2008-10-02,4.55484723406369,0.949271311672935
"10138",2008-10-03,0,0.494208260200858
"10139",2008-10-04,0,0.396345238378906
"10140",2008-10-05,0.34212055396806,0.430597296016589
"10141",2008-10-06,0.655517223682669,0.38655893619671
"10142",2008-10-07,0.00132444444567793,0.337627425285734
"10143",2008-10-08,0,0.313161669830246
"10144",2008-10-09,0.345928327451459,0.3058219431936
"10145",2008-10-10,0,0.291142489920307
"10146",2008-10-11,0,0.274016461101466
"10147",2008-10-12,0,0.26423015891927
"10148",2008-10-13,0,0.256890432282624
"10149",2008-10-14,0,0.256890432282624
"10150",2008-10-15,0,0.247104130100429
"10151",2008-10-16,0,0.242700294118441
"10152",2008-10-17,0,0.233892622154465
"10153",2008-10-18,0,0.229244128617923
"10154",2008-10-19,0,0.223861662417715
"10155",2008-10-20,0,0.221904401981276
"10156",2008-10-21,0,0.219702483990282
"10157",2008-10-22,0.0729272214093556,0.219457826435727
"10158",2008-10-23,0,0.213341387571855
"10159",2008-10-24,0,0.212118099799081
"10160",2008-10-25,0,0.278909612192563
"10161",2008-10-26,12.9754994937049,1.90832892552806
"10162",2008-10-27,0,1.06670693785928
"10163",2008-10-28,2.85169444444444,0.946824736127386
"10164",2008-10-29,5.93640833017563,0.875874045306471
"10165",2008-10-30,0.000662222207420404,0.538246620020736
"10166",2008-10-31,0,0.40857811610665
"10167",2008-11-01,0,0.362093180741222
"10168",2008-11-02,0,0.332734274194637
"10169",2008-11-03,0,0.313161669830246
"10170",2008-11-04,0,0.300928792102502
"10171",2008-11-05,0,0.298482216556954
"10172",2008-11-06,0.965354447444281,0.396345238378906
"10173",2008-11-07,4.25875109153322,0.689934303844762
"10174",2008-11-08,0.215056667811341,0.594517857568358
"10175",2008-11-09,1.80737000126309,0.548032922202931
"10176",2008-11-10,0.0401472225120912,0.440383598198784
"10177",2008-11-11,0,0.38655893619671
"10178",2008-11-12,0,0.349860303013478
"10179",2008-11-13,0.00149000001295159,0.344967151922381
"10180",2008-11-14,2.99398944097094,0.477082231382016
"10181",2008-11-15,1.06965444862843,0.890553498579763
"10182",2008-11-16,7.17559166982437,1.85205768798044
"10183",2008-11-17,0.0749966664859611,1.12542475095245
"10184",2008-11-18,0,0.658128821752627
"10185",2008-11-19,0,0.521120591201894
"10186",2008-11-20,0,0.459956202563174
"10187",2008-11-21,0,0.425704144925491
"10188",2008-11-22,0,0.393898662833357
"10189",2008-11-23,0,0.364539756286771
"10190",2008-11-24,0,0.357200029650125
"10191",2008-11-25,3.47459722222222,1.12053159986135
"10192",2008-11-26,3.45050889015197,1.04468775794934
"10193",2008-11-27,0,0.648342519570432
"10194",2008-11-28,0,0.511334289019699
"10195",2008-11-29,0,0.455063051472077
"10196",2008-11-30,0,0.499101411291955
"10197",2008-12-01,5.23668775314755,0.973737067128423
"10198",2008-12-02,0.0179627779313467,0.792690476757811
"10199",2008-12-03,0,0.562712375476224
"10200",2008-12-04,0,0.486868533564211
"10201",2008-12-05,0.084185000014802,0.455063051472077
"10202",2008-12-06,0,0.425704144925491
"10203",2008-12-07,0.552458888967832,0.420810993834394
"10204",2008-12-08,0,0.396345238378906
"10205",2008-12-09,0,0.36698633183232
"10206",2008-12-10,0.459664996802806,0.479528806927565
"10207",2008-12-11,4.56246275472641,0.971290491582874
"10208",2008-12-12,25.354088300493,7.04613757118054
"10209",2008-12-13,0.182276667495569,5.65158951021773
"10210",2008-12-14,0,2.51997281191526
"10211",2008-12-15,0,1.67835082424648
"10212",2008-12-16,0.556101112650501,1.40188778759946
"10213",2008-12-17,1.00541888525751,1.27955901032202
"10214",2008-12-18,0.438556666824554,1.16212338413568
"10215",2008-12-19,0,1.03000830467604
"10216",2008-12-20,5.54462112437354,0.968843916037325
"10217",2008-12-21,0.377135552121533,0.922358980671898
"10218",2008-12-22,2.07474221716987,0.848961714305434
"10219",2008-12-23,0,0.729079512573542
"10220",2008-12-24,0.933071105427211,0.929698707308544
"10221",2008-12-25,5.52318164708879,2.49550705645978
"10222",2008-12-26,0,2.00129879625892
"10223",2008-12-27,0.136997222690947,1.32604394568745
"10224",2008-12-28,0.415710001223618,1.4288001186005
"10225",2008-12-29,0,1.48017820505702
"10226",2008-12-30,0,1.17924941295452
"10227",2008-12-31,0.023922777736456,0.990863095947264
"10228",2009-01-01,1.28926388691531,0.846515138759885
"10229",2009-01-02,0,0.782904174575616
"10230",2009-01-03,0,0.736419239210189
"10231",2009-01-04,0,0.69238087939031
"10232",2009-01-05,0.111253334053689,0.643449368479335
"10233",2009-01-06,0.00372499999383256,0.626323339660493
"10234",2009-01-07,2.0585177763568,1.0177754269483
"10235",2009-01-08,4.88753109184901,1.50464396051251
"10236",2009-01-09,0,1.07160008895037
"10237",2009-01-10,0,0.73397266366464
"10238",2009-01-11,2.75360277462006,0.67280827502592
"10239",2009-01-12,0.242042222301165,0.641002792933786
"10240",2009-01-13,0,0.587178130931712
"10241",2009-01-14,0,0.567605526567322
"10242",2009-01-15,0.0710233331797646,0.528460317838541
"10243",2009-01-16,0.0001655555518551,0.477082231382016
"10244",2009-01-17,0,0.477082231382016
"10245",2009-01-18,0.63879610976908,0.477082231382016
"10246",2009-01-19,1.28032388754686,0.494208260200858
"10247",2009-01-20,0.117130556422079,0.484421958018663
"10248",2009-01-21,0,0.462402778108723
"10249",2009-01-22,0,0.445276749289882
"10250",2009-01-23,0,0.437937022653235
"10251",2009-01-24,0,0.437937022653235
"10252",2009-01-25,0,0.413471267197747
"10253",2009-01-26,0,0.403684965015552
"10254",2009-01-27,0,0.398791813924455
"10255",2009-01-28,0.976612222380108,0.435490447107686
"10256",2009-01-29,6.22141226895651,0.587178130931712
"10257",2009-01-30,0,0.50888771347415
"10258",2009-01-31,0,0.445276749289882
"10259",2009-02-01,0,0.418364418288845
"10260",2009-02-02,0,0.430597296016589
"10261",2009-02-03,0.045858888388094,0.452616475926528
"10262",2009-02-04,0.55427999636862,0.435490447107686
"10263",2009-02-05,0,0.391452087287808
"10264",2009-02-06,0,0.38655893619671
"10265",2009-02-07,0,0.376772634014515
"10266",2009-02-08,0,0.472189080290918
"10267",2009-02-09,0.140804999967313,0.594517857568358
"10268",2009-02-10,0,0.48931510910976
"10269",2009-02-11,0,0.535800044475187
"10270",2009-02-12,0.866434998657969,0.988416520401715
"10271",2009-02-13,0.332518333964878,1.10095899549696
"10272",2009-02-14,0,0.760884994665677
"10273",2009-02-15,0,0.6116438863872
"10274",2009-02-16,0,0.540693195566285
"10275",2009-02-17,0,0.501547986837504
"10276",2009-02-18,0,0.496654835746406
"10277",2009-02-19,4.50112443844477,0.890553498579763
"10278",2009-02-20,1.84511667337683,0.951717887218483
"10279",2009-02-21,0,0.648342519570432
"10280",2009-02-22,0,0.655682246207078
"10281",2009-02-23,2.41901499226358,0.741312390301286
"10282",2009-02-24,0,0.57005210211287
"10283",2009-02-25,0,0.496654835746406
"10284",2009-02-26,0,0.477082231382016
"10285",2009-02-27,0,0.501547986837504
"10286",2009-02-28,1.9826933371226,0.768224721302323
"10287",2009-03-01,0,0.643449368479335
"10288",2009-03-02,2.81403054608239,0.565158951021773
"10289",2009-03-03,1.04813222127491,0.521120591201894
"10290",2009-03-04,0,0.481975382473114
"10291",2009-03-05,0,0.467295929199821
"10292",2009-03-06,0,0.479528806927565
"10293",2009-03-07,0,0.574945253203968
"10294",2009-03-08,0,0.699720606026957
"10295",2009-03-09,4.36545166571936,1.24041380159324
"10296",2009-03-10,2.21604388920466,1.27955901032202
"10297",2009-03-11,1.01841499976317,1.04958090904044
"10298",2009-03-12,0.24402888781329,0.878320620852019
"10299",2009-03-13,0,0.689934303844762
"10300",2009-03-14,0,0.618983613023847
"10301",2009-03-15,0,0.584731555386163
"10302",2009-03-16,0,0.55047949774848
"10303",2009-03-17,0,0.521120591201894
"10304",2009-03-18,0,0.501547986837504
"10305",2009-03-19,0.118868889099815,0.491761684655309
"10306",2009-03-20,0.65146110953225,0.481975382473114
"10307",2009-03-21,0,0.450169900380979
"10308",2009-03-22,0,0.433043871562138
"10309",2009-03-23,0,0.418364418288845
"10310",2009-03-24,0,0.398791813924455
"10311",2009-03-25,0,0.391452087287808
"10312",2009-03-26,0,0.393898662833357
"10313",2009-03-27,1.8269055697653,0.486868533564211
"10314",2009-03-28,0,0.435490447107686
"10315",2009-03-29,0.955834996289676,0.548032922202931
"10316",2009-03-30,3.34281499147416,0.643449368479335
"10317",2009-03-31,0.26480611069666,0.494208260200858
"10318",2009-04-01,0,0.42815072047104
"10319",2009-04-02,1.42775110732184,0.474635655836467
"10320",2009-04-03,0,0.765778145756775
"10321",2009-04-04,5.21243387752109,1.12053159986135
"10322",2009-04-05,0.00579444445369557,0.677701426117018
"10323",2009-04-06,0,0.719293210391347
"10324",2009-04-07,4.24120223516888,0.961504189400678
"10325",2009-04-08,0.133851666681468,0.663021972843725
"10326",2009-04-09,0,0.533353468929639
"10327",2009-04-10,0,0.484421958018663
"10328",2009-04-11,1.2368655561871,0.731526088119091
"10329",2009-04-12,2.58812999478976,0.729079512573542
"10330",2009-04-13,0,0.538246620020736
"10331",2009-04-14,0,0.479528806927565
"10332",2009-04-15,0,0.457509627017626
"10333",2009-04-16,0,0.433043871562138
"10334",2009-04-17,0,0.413471267197747
"10335",2009-04-18,0,0.401238389470003
"10336",2009-04-19,0.0413061107274972,0.389005511742259
"10337",2009-04-20,0,0.391452087287808
"10338",2009-04-21,6.65905832386017,1.97927961634898
"10339",2009-04-22,2.61163888099459,1.77376727052288
"10340",2009-04-23,1.95421778109339,1.16456995968123
"10341",2009-04-24,0,0.829389109941043
"10342",2009-04-25,0,0.69238087939031
"10343",2009-04-26,0,0.626323339660493
"10344",2009-04-27,0.144861109877626,0.57005210211287
"10345",2009-04-28,0,0.545586346657383
"10346",2009-04-29,0,0.506441137928602
"10347",2009-04-30,0,0.477082231382016
"10348",2009-05-01,0.0220188885354954,0.506441137928602
"10349",2009-05-02,1.33412945889102,0.55047949774848
"10350",2009-05-03,0.00745000012643222,0.494208260200858
"10351",2009-05-04,0.591033331162399,0.474635655836467
"10352",2009-05-05,0.372582776218651,0.477082231382016
"10353",2009-05-06,3.47169997315938,0.711953483754701
"10354",2009-05-07,6.80540940592024,1.20616174395556
"10355",2009-05-08,1.42642667006122,1.18169598850007
"10356",2009-05-09,1.2838833325439,0.773117872393421
"10357",2009-05-10,0.405197220149968,0.606750735296102
"10358",2009-05-11,0,0.511334289019699
"10359",2009-05-12,0,0.479528806927565
"10360",2009-05-13,0.478207224037912,0.464849353654272
"10361",2009-05-14,0.00985055548956409,0.472189080290918
"10362",2009-05-15,4.01356330680846,0.743758965846835
"10363",2009-05-16,0,0.565158951021773
"10364",2009-05-17,1.29406499936845,0.579838404295066
"10365",2009-05-18,0,0.491761684655309
"10366",2009-05-19,0,0.435490447107686
"10367",2009-05-20,0,0.40857811610665
"10368",2009-05-21,0,0.38655893619671
"10369",2009-05-22,0,0.36698633183232
"10370",2009-05-23,0.0989194456871806,0.349860303013478
"10371",2009-05-24,1.23347166165378,0.533353468929639
"10372",2009-05-25,1.42659222841925,0.413471267197747
"10373",2009-05-26,0,0.362093180741222
"10374",2009-05-27,0.580934448450803,0.340074000831283
"10375",2009-05-28,0.00852611115181612,0.344967151922381
"10376",2009-05-29,1.07569723051124,0.40857811610665
"10377",2009-05-30,1.00947500039472,0.396345238378906
"10378",2009-05-31,0.00728444448206574,0.34741372746793
"10379",2009-06-01,0.104217222298082,0.322947972012442
"10380",2009-06-02,0,0.313161669830246
"10381",2009-06-03,0,0.303375367648051
"10382",2009-06-04,1.46169000528918,0.342520576376832
"10383",2009-06-05,0,0.352306878559027
"10384",2009-06-06,1.94949946607484,0.381665785105613
"10385",2009-06-07,0,0.32539454755799
"10386",2009-06-08,0.00819500032564004,0.293589065465856
"10387",2009-06-09,0.912873333096503,0.526013742292992
"10388",2009-06-10,4.97030885383819,0.540693195566285
"10389",2009-06-11,0.211000553845945,0.393898662833357
"10390",2009-06-12,4.99472832828097,0.780457599030067
"10391",2009-06-13,0.464631668600771,0.621430188569395
"10392",2009-06-14,6.3808421761195,0.951717887218483
"10393",2009-06-15,0.910555554568769,0.812263081122202
"10394",2009-06-16,0.450476668562532,0.486868533564211
"10395",2009-06-17,0,0.411024691652198
"10396",2009-06-18,1.1580611148609,0.792690476757811
"10397",2009-06-19,10.7249371994866,1.70037000415642
"10398",2009-06-20,0,1.12053159986135
"10399",2009-06-21,11.2918822449578,2.81356187738112
"10400",2009-06-22,0.150738333510338,1.92300837880136
"10401",2009-06-23,0.215222221728828,0.97863021821952
"10402",2009-06-24,0,0.751098692483482
"10403",2009-06-25,0.791024443970787,0.655682246207078
"10404",2009-06-26,0.0177972220865389,0.641002792933786
"10405",2009-06-27,3.404732787172,0.826942534395494
"10406",2009-06-28,0.0949461122576354,0.599411008659456
"10407",2009-06-29,0.0004966666555653,0.501547986837504
"10408",2009-06-30,0,0.452616475926528
"10409",2009-07-01,0.326144443753694,0.42815072047104
"10410",2009-07-02,1.99924889267816,0.528460317838541
"10411",2009-07-03,7.94691501357819,2.37807143027343
"10412",2009-07-04,5.73277500577271,2.04778373162435
"10413",2009-07-05,0,0.922358980671898
"10414",2009-07-06,0,0.618983613023847
"10415",2009-07-07,0.295930556881552,0.71440005930025
"10416",2009-07-08,7.50032890404595,1.35540285223404
"10417",2009-07-09,0.0621661105850296,0.951717887218483
"10418",2009-07-10,0,0.594517857568358
"10419",2009-07-11,0,0.501547986837504
"10420",2009-07-12,0.331690555989743,0.459956202563174
"10421",2009-07-13,0.0131616666962703,0.425704144925491
"10422",2009-07-14,0,0.393898662833357
"10423",2009-07-15,0,0.371879482923418
"10424",2009-07-16,0,0.452616475926528
"10425",2009-07-17,9.9307671950658,1.58048780242452
"10426",2009-07-18,2.26976666903496,1.09361926886031
"10427",2009-07-19,0.153469999560879,0.641002792933786
"10428",2009-07-20,0,0.462402778108723
"10429",2009-07-21,0.0259094442662059,0.939485009490739
"10430",2009-07-22,9.68880775441065,1.43613984523715
"10431",2009-07-23,0,0.628769915206042
"10432",2009-07-24,9.26399221716986,2.10650154471752
"10433",2009-07-25,0.394767221709092,0.844068563214336
"10434",2009-07-26,0.398657780184307,0.450169900380979
"10435",2009-07-27,0.807993884073364,0.589624706477261
"10436",2009-07-28,1.28032388730016,0.787797325666714
"10437",2009-07-29,0,0.633663066297139
"10438",2009-07-30,1.84106055034532,0.621430188569395
"10439",2009-07-31,0.201646664873179,0.951717887218483
"10440",2009-08-01,11.3814476558897,1.18658913959117
"10441",2009-08-02,0,0.937038433945191
"10442",2009-08-03,1.34811890380912,0.73397266366464
"10443",2009-08-04,0,0.59207128202281
"10444",2009-08-05,0,0.516227440110797
"10445",2009-08-06,0,0.462402778108723
"10446",2009-08-07,0,0.430597296016589
"10447",2009-08-08,0,0.398791813924455
"10448",2009-08-09,0,0.384112360651162
"10449",2009-08-10,0.272752778172493,0.389005511742259
"10450",2009-08-11,0.398740551746554,0.381665785105613
"10451",2009-08-12,0,0.415917842743296
"10452",2009-08-13,2.78712775843673,0.616537037478298
"10453",2009-08-14,0.224079443105496,0.491761684655309
"10454",2009-08-15,0,0.403684965015552
"10455",2009-08-16,0.0754933339741289,0.359646605195674
"10456",2009-08-17,0.00745000009559509,0.337627425285734
"10457",2009-08-18,0.0434583337496345,0.320501396466893
"10458",2009-08-19,0,0.303375367648051
"10459",2009-08-20,0,0.293589065465856
"10460",2009-08-21,0,0.315608245375795
"10461",2009-08-22,6.99977164014182,0.765778145756775
"10462",2009-08-23,0.421173331813678,0.511334289019699
"10463",2009-08-24,0.474151111105559,0.362093180741222
"10464",2009-08-25,0,0.322947972012442
"10465",2009-08-26,0,0.298482216556954
"10466",2009-08-27,0.0038905554531763,0.281356187738112
"10467",2009-08-28,0,0.276463036647014
"10468",2009-08-29,6.99662613889907,0.579838404295066
"10469",2009-08-30,0.702038327432342,0.521120591201894
"10470",2009-08-31,0,0.36698633183232
"10471",2009-09-01,0,0.313161669830246
"10472",2009-09-02,0,0.288695914374758
"10473",2009-09-03,0,0.274016461101466
"10474",2009-09-04,0,0.26423015891927
"10475",2009-09-05,0,0.254443856737075
"10476",2009-09-06,0,0.24465755455488
"10477",2009-09-07,0,0.237562485472788
"10478",2009-09-08,0,0.239030430800118
"10479",2009-09-09,0,0.23462659481813
"10480",2009-09-10,0,0.229978101281587
"10481",2009-09-11,0.090144999866167,0.376772634014515
"10482",2009-09-12,10.4163416698244,0.682594577208115
"10483",2009-09-13,0.167624999259909,0.413471267197747
"10484",2009-09-14,0,0.310715094284698
"10485",2009-09-15,0,0.274016461101466
"10486",2009-09-16,0,0.256890432282624
"10487",2009-09-17,0.168121666254683,0.249550705645978
"10488",2009-09-18,0.0704438886403417,0.24416823944577
"10489",2009-09-19,0,0.231446046608917
"10490",2009-09-20,0,0.22459563508138
"10491",2009-09-21,0,0.220925771763057
"10492",2009-09-22,0,0.219213168881172
"10493",2009-09-23,0,0.221170429317612
"10494",2009-09-24,0.523486665758823,0.23511590992724
"10495",2009-09-25,0,0.219947141544837
"10496",2009-09-26,0,0.209426866698977
"10497",2009-09-27,4.50501498042211,0.538246620020736
"10498",2009-09-28,3.91456111979486,0.511334289019699
"10499",2009-09-29,1.7863444460233,0.357200029650125
"10500",2009-09-30,0,0.231690704163471
"10501",2009-10-01,0,0.254443856737075
"10502",2009-10-02,0.059600000117181,0.24416823944577
"10503",2009-10-03,1.48966889315181,0.459956202563174
"10504",2009-10-04,10.3962266830868,1.81535905479721
"10505",2009-10-05,0.0217705553002242,0.633663066297139
"10506",2009-10-06,0,0.379219209560064
"10507",2009-10-07,3.22378056187099,0.486868533564211
"10508",2009-10-08,1.04846333503061,0.459956202563174
"10509",2009-10-09,0,0.362093180741222
"10510",2009-10-10,1.49629110511144,0.354753454104576
"10511",2009-10-11,0.0260749998643166,0.330287698649088
"10512",2009-10-12,0,0.303375367648051
"10513",2009-10-13,0.0569511109791281,0.296035641011405
"10514",2009-10-14,0.00405611119005414,0.283802763283661
"10515",2009-10-15,0,0.293589065465856
"10516",2009-10-16,2.46702613258362,0.352306878559027
"10517",2009-10-17,0.0235916663706303,0.327841123103539
"10518",2009-10-18,1.1460583297809,0.455063051472077
"10519",2009-10-19,2.94548165419367,0.516227440110797
"10520",2009-10-20,0,0.396345238378906
"10521",2009-10-21,0,0.342520576376832
"10522",2009-10-22,0.11381944395105,0.320501396466893
"10523",2009-10-23,0,0.303375367648051
"10524",2009-10-24,3.16070385668013,0.724186361482445
"10525",2009-10-25,11.4997372815874,1.85939741461709
"10526",2009-10-26,0,1.03734803131269
"10527",2009-10-27,0.134265555746129,0.582284979840614
"10528",2009-10-28,3.83285945012833,1.60984670897111
"10529",2009-10-29,8.68843833838567,1.95726043643904
"10530",2009-10-30,0,1.06915351340483
"10531",2009-10-31,0.140887778807121,0.699720606026957
"10532",2009-11-01,1.31467667598195,0.658128821752627
"10533",2009-11-02,0,0.562712375476224
"10534",2009-11-03,0,0.511334289019699
"10535",2009-11-04,0,0.477082231382016
"10536",2009-11-05,0.0508255552058625,0.455063051472077
"10537",2009-11-06,0.479034999546077,0.452616475926528
"10538",2009-11-07,0,0.430597296016589
"10539",2009-11-08,0,0.418364418288845
"10540",2009-11-09,0,0.40857811610665
"10541",2009-11-10,0,0.398791813924455
"10542",2009-11-11,0,0.389005511742259
"10543",2009-11-12,0,0.379219209560064
"10544",2009-11-13,0,0.379219209560064
"10545",2009-11-14,4.51726609563826,0.963950764946227
"10546",2009-11-15,4.7051717048751,1.26732613259428
"10547",2009-11-16,0.00670499998889864,0.792690476757811
"10548",2009-11-17,0,0.57005210211287
"10549",2009-11-18,0,0.496654835746406
"10550",2009-11-19,0,0.464849353654272
"10551",2009-11-20,6.47024221716986,1.30157819023196
"10552",2009-11-21,0.485491668689581,0.902786376307507
"10553",2009-11-22,0,0.626323339660493
"10554",2009-11-23,0,0.540693195566285
"10555",2009-11-24,0.36678833483325,0.511334289019699
"10556",2009-11-25,0,0.491761684655309
"10557",2009-11-26,0.166880000217093,0.474635655836467
"10558",2009-11-27,1.48528166721927,0.523567166747443
"10559",2009-11-28,1.49173834943771,0.535800044475187
"10560",2009-11-29,0,0.464849353654272
"10561",2009-11-30,0,0.481975382473114
"10562",2009-12-01,2.09460888067881,0.518674015656346
"10563",2009-12-02,0,0.462402778108723
"10564",2009-12-03,8.24615666919285,2.1505399045374
"10565",2009-12-04,0.0692022218164058,1.53155629151355
"10566",2009-12-05,0,0.870980894215373
"10567",2009-12-06,2.95831221922239,0.919912405126349
"10568",2009-12-07,0,0.71440005930025
"10569",2009-12-08,0,0.616537037478298
"10570",2009-12-09,5.52376109690136,0.915019254035251
"10571",2009-12-10,4.58125332196555,1.26243298150318
"10572",2009-12-11,0,0.912572678489702
"10573",2009-12-12,0,0.670361699480371
"10574",2009-12-13,0,0.858748016487629
"10575",2009-12-14,6.27687333901723,1.57314807578788
"10576",2009-12-15,0,1.12542475095245
"10577",2009-12-16,0,0.912572678489702
"10578",2009-12-17,0,0.751098692483482
"10579",2009-12-18,0,0.626323339660493
"10580",2009-12-19,0,0.587178130931712
"10581",2009-12-20,4.82793109342788,0.587178130931712
"10582",2009-12-21,0.00057944443149285,0.589624706477261
"10583",2009-12-22,0,0.55047949774848
"10584",2009-12-23,0,0.516227440110797
"10585",2009-12-24,0,0.511334289019699
"10586",2009-12-25,0,0.494208260200858
"10587",2009-12-26,1.75455777809355,0.572498677658419
"10588",2009-12-27,11.2269017178217,3.49860303013478
"10589",2009-12-28,2.17283388502068,4.20810993834394
"10590",2009-12-29,0.100988888312235,1.69547685306532
"10591",2009-12-30,0,0.971290491582874
"10592",2009-12-31,0.172508890398675,0.85630144094208
"10593",2010-01-01,1.25962945099672,0.787797325666714
"10594",2010-01-02,0.448738332662317,0.748652116937933
"10595",2010-01-03,0.268199998815854,0.687487728299213
"10596",2010-01-04,1.15152166974545,0.636109641842688
"10597",2010-01-05,0,0.599411008659456
"10598",2010-01-06,0,0.57005210211287
"10599",2010-01-07,0,0.55047949774848
"10600",2010-01-08,0.119779444681274,0.540693195566285
"10601",2010-01-09,0.118041110384589,0.516227440110797
"10602",2010-01-10,0,0.479528806927565
"10603",2010-01-11,0,0.474635655836467
"10604",2010-01-12,0,0.474635655836467
"10605",2010-01-13,0,0.457509627017626
"10606",2010-01-14,0,0.452616475926528
"10607",2010-01-15,0,0.450169900380979
"10608",2010-01-16,0,0.450169900380979
"10609",2010-01-17,0,0.46974250474537
"10610",2010-01-18,3.67400886646907,0.797583627848909
"10611",2010-01-19,0,0.69238087939031
"10612",2010-01-20,0.788872216893567,0.594517857568358
"10613",2010-01-21,0,0.523567166747443
"10614",2010-01-22,0,0.484421958018663
"10615",2010-01-23,0,0.462402778108723
"10616",2010-01-24,0,0.442830173744333
"10617",2010-01-25,0.75228444637855,2.11384127135416
"10618",2010-01-26,16.2295766262478,4.72189080290918
"10619",2010-01-27,0,2.0355508538966
"10620",2010-01-28,0,1.1229781754069
"10621",2010-01-29,1.09365999510553,0.875874045306471
"10622",2010-01-30,0,0.719293210391347
"10623",2010-01-31,0,0.670361699480371
"10624",2010-02-01,0,0.621430188569395
"10625",2010-02-02,0,0.594517857568358
"10626",2010-02-03,0.853190557963319,0.577391828749517
"10627",2010-02-04,0.000413888895056315,0.562712375476224
"10628",2010-02-05,0,0.535800044475187
"10629",2010-02-06,0,0.526013742292992
"10630",2010-02-07,0,0.494208260200858
"10631",2010-02-08,0,0.486868533564211
"10632",2010-02-09,0,0.46974250474537
"10633",2010-02-10,0.000662222222838965,0.474635655836467
"10634",2010-02-11,2.4961638944149,0.48931510910976
"10635",2010-02-12,0,0.46974250474537
"10636",2010-02-13,0,0.455063051472077
"10637",2010-02-14,0,0.445276749289882
"10638",2010-02-15,0,0.437937022653235
"10639",2010-02-16,1.27668166978492,0.457509627017626
"10640",2010-02-17,2.53540054734548,0.46974250474537
"10641",2010-02-18,0,0.459956202563174
"10642",2010-02-19,0,0.46974250474537
"10643",2010-02-20,0,0.477082231382016
"10644",2010-02-21,0,0.503994562383053
"10645",2010-02-22,0,0.477082231382016
"10646",2010-02-23,1.06195611967643,0.523567166747443
"10647",2010-02-24,10.1683394393921,2.02821112725996
"10648",2010-02-25,6.82850441349877,3.32734274194637
"10649",2010-02-26,13.6354867121379,5.9207128202281
"10650",2010-02-27,1.41045056431823,3.40074000831283
"10651",2010-02-28,0.0641527781015677,1.78110699715953
"10652",2010-03-01,0.0207772222820463,1.328490521233
"10653",2010-03-02,0,1.12053159986135
"10654",2010-03-03,0.605767784251107,1.06915351340483
"10655",2010-03-04,0.348908331902491,1.00309597367501
"10656",2010-03-05,0,0.880767196397568
"10657",2010-03-06,0,0.802476778940006
"10658",2010-03-07,0,0.753545268029031
"10659",2010-03-08,0,0.719293210391347
"10660",2010-03-09,0,0.689934303844762
"10661",2010-03-10,0,0.65323567066153
"10662",2010-03-11,0.00893999993894248,0.623876764114944
"10663",2010-03-12,0,0.609197310841651
"10664",2010-03-13,2.5397050113678,1.2330740749566
"10665",2010-03-14,20.6137359216478,4.91761684655309
"10666",2010-03-15,1.96406832133399,3.79219209560064
"10667",2010-03-16,1.31169666303529,2.22638374644941
"10668",2010-03-17,0,1.50464396051251
"10669",2010-03-18,0,1.18658913959117
"10670",2010-03-19,0,1.0177754269483
"10671",2010-03-20,0,0.900339800761959
"10672",2010-03-21,0,0.819602807758848
"10673",2010-03-22,0,0.802476778940006
"10674",2010-03-23,15.0701910909017,3.86558936196711
"10675",2010-03-24,2.5122227877246,3.03375367648051
"10676",2010-03-25,0,1.57804122687898
"10677",2010-03-26,1.88112499605285,1.30402476577751
"10678",2010-03-27,0.000413888895056315,1.10095899549696
"10679",2010-03-28,0,0.937038433945191
"10680",2010-03-29,9.4572783314387,3.62093180741222
"10681",2010-03-30,14.3827216843499,7.48652116937933
"10682",2010-03-31,10.6310672455893,7.1440005930025
"10683",2010-04-01,0.14601999994326,3.93898662833357
"10684",2010-04-02,0,2.32913991936246
"10685",2010-04-03,0,1.72728233515745
"10686",2010-04-04,0,1.40433436314501
"10687",2010-04-05,0,1.19148229068227
"10688",2010-04-06,0,1.05447406013153
"10689",2010-04-07,0.207441111624241,0.963950764946227
"10690",2010-04-08,0,0.873427469760922
"10691",2010-04-09,1.01775277817249,0.885660347488666
"10692",2010-04-10,1.23545834024085,0.846515138759885
"10693",2010-04-11,0,0.716846634845798
"10694",2010-04-12,0,0.650789095115981
"10695",2010-04-13,0,0.606750735296102
"10696",2010-04-14,0,0.584731555386163
"10697",2010-04-15,0,0.555372648839578
"10698",2010-04-16,0.00157277775804202,0.543139771111834
"10699",2010-04-17,2.89374554702971,0.69238087939031
"10700",2010-04-18,0.310996111545297,0.616537037478298
"10701",2010-04-19,0,0.543139771111834
"10702",2010-04-20,0,0.506441137928602
"10703",2010-04-21,0,0.484421958018663
"10704",2010-04-22,0,0.467295929199821
"10705",2010-04-23,0.235916664384719,0.452616475926528
"10706",2010-04-24,0,0.430597296016589
"10707",2010-04-25,0.837545551174218,0.450169900380979
"10708",2010-04-26,2.42025665182537,0.521120591201894
"10709",2010-04-27,2.97221889236238,0.618983613023847
"10710",2010-04-28,0.724636662403742,0.521120591201894
"10711",2010-04-29,0,0.442830173744333
"10712",2010-04-30,0,0.406131540561101
"10713",2010-05-01,0,0.389005511742259
"10714",2010-05-02,0,0.376772634014515
"10715",2010-05-03,1.94304277201494,0.6116438863872
"10716",2010-05-04,1.0426688941386,0.516227440110797
"10717",2010-05-05,0.539876664436525,0.406131540561101
"10718",2010-05-06,0,0.369432907377869
"10719",2010-05-07,0.0197011111024767,0.344967151922381
"10720",2010-05-08,0.389717777577955,0.354753454104576
"10721",2010-05-09,0.979012781567045,0.364539756286771
"10722",2010-05-10,0,0.32539454755799
"10723",2010-05-11,0,0.310715094284698
"10724",2010-05-12,2.25155557134416,0.374326058468966
"10725",2010-05-13,0.743178889638848,0.379219209560064
"10726",2010-05-14,2.96592777146233,0.477082231382016
"10727",2010-05-15,0.412481665788426,0.442830173744333
"10728",2010-05-16,0,0.342520576376832
"10729",2010-05-17,0,0.313161669830246
"10730",2010-05-18,0,0.379219209560064
"10731",2010-05-19,6.62694060039521,0.707060332663603
"10732",2010-05-20,0.132278889478495,0.457509627017626
"10733",2010-05-21,0,0.357200029650125
"10734",2010-05-22,0,0.315608245375795
"10735",2010-05-23,0,0.298482216556954
"10736",2010-05-24,0,0.291142489920307
"10737",2010-05-25,0,0.283802763283661
"10738",2010-05-26,0,0.276463036647014
"10739",2010-05-27,2.60832778488265,0.332734274194637
"10740",2010-05-28,0,0.278909612192563
"10741",2010-05-29,0,0.254443856737075
"10742",2010-05-30,0.000413888895056315,0.249550705645978
"10743",2010-05-31,0,0.237807143027343
"10744",2010-06-01,0,0.274016461101466
"10745",2010-06-02,3.28561555223996,0.310715094284698
"10746",2010-06-03,0,0.283802763283661
"10747",2010-06-04,1.37228999877638,0.26423015891927
"10748",2010-06-05,0.237075555421722,0.247104130100429
"10749",2010-06-06,1.14150555733177,0.254443856737075
"10750",2010-06-07,0.856998334576687,0.232913991936246
"10751",2010-06-08,0,0.216277278226514
"10752",2010-06-09,0.010347222299315,0.225574265299599
"10753",2010-06-10,2.83133111868964,0.298482216556954
"10754",2010-06-11,2.51694111655818,0.3058219431936
"10755",2010-06-12,0,0.288695914374758
"10756",2010-06-13,4.383497247484,0.423257569379942
"10757",2010-06-14,0.101237223413152,0.308268518739149
"10758",2010-06-15,0,0.254443856737075
"10759",2010-06-16,0,0.231690704163471
"10760",2010-06-17,0.0113405554870971,0.222638374644941
"10761",2010-06-18,0,0.213830702680965
"10762",2010-06-19,0,0.206001660935209
"10763",2010-06-20,0,0.201597824953221
"10764",2010-06-21,0.129298890053915,0.197193988971233
"10765",2010-06-22,0,0.191322207661916
"10766",2010-06-23,4.41768443512916,0.3058219431936
"10767",2010-06-24,0,0.259337007828173
"10768",2010-06-25,1.12254944851001,0.243434266782106
"10769",2010-06-26,0,0.208448236480758
"10770",2010-06-27,0.2120766651797,0.190832892552806
"10771",2010-06-28,0.167128334377478,0.189364947225477
"10772",2010-06-29,0.642521106093294,0.184227138579825
"10773",2010-06-30,0,0.175664124170404
"10774",2010-07-01,0,0.169058370197422
"10775",2010-07-02,0,0.164899191769989
"10776",2010-07-03,0,0.160740013342556
"10777",2010-07-04,0,0.158048780242452
"10778",2010-07-05,0,0.155112889587794
"10779",2010-07-06,0,0.153155629151355
"10780",2010-07-07,0,0.150219738496696
"10781",2010-07-08,0.00480111117340211,0.146794532732928
"10782",2010-07-09,0,0.145081929851044
"10783",2010-07-10,0,0.166367137097318
"10784",2010-07-11,0.893668883283932,0.160984670897111
"10785",2010-07-12,0.0495011108835332,0.149241108278477
"10786",2010-07-13,0,0.175174809061294
"10787",2010-07-14,8.0463310397466,0.440383598198784
"10788",2010-07-15,1.04134444503652,0.296035641011405
"10789",2010-07-16,0,0.200129879625892
"10790",2010-07-17,0.00852611118265325,0.17248357596119
"10791",2010-07-18,0.0841850004619402,0.157559465133343
"10792",2010-07-19,0,0.40857811610665
"10793",2010-07-20,5.66820833728048,0.22508495019049
"10794",2010-07-21,0,0.259337007828173
"10795",2010-07-22,5.65579166666668,0.371879482923418
"10796",2010-07-23,0,0.233892622154465
"10797",2010-07-24,5.16707167487676,0.538246620020736
"10798",2010-07-25,1.73378056285779,0.320501396466893
"10799",2010-07-26,0.598648899931047,0.221904401981276
"10800",2010-07-27,0,0.18349316591616
"10801",2010-07-28,0,0.168079739979203
"10802",2010-07-29,0.00339388884386669,0.159761383124337
"10803",2010-07-30,0.0496666670058751,0.156091519806013
"10804",2010-07-31,0,0.150219738496696
"10805",2010-08-01,0,0.144592614741934
"10806",2010-08-02,0.00115888884756714,0.144592614741934
"10807",2010-08-03,0,0.14336932696916
"10808",2010-08-04,0,0.142146039196385
"10809",2010-08-05,4.5555094517072,0.296035641011405
"10810",2010-08-06,1.62360333420171,0.26423015891927
"10811",2010-08-07,0,0.180801932816056
"10812",2010-08-08,0,0.154868232033239
"10813",2010-08-09,0,0.145815902514709
"10814",2010-08-10,0.295847777856721,0.142146039196385
"10815",2010-08-11,0.0723477782884405,0.139210148541727
"10816",2010-08-12,0,0.137497545659843
"10817",2010-08-13,0.110094445514493,0.135784942777958
"10818",2010-08-14,0,0.133827682341519
"10819",2010-08-15,0,0.13235973701419
"10820",2010-08-16,5.11094837533103,0.278909612192563
"10821",2010-08-17,0.811801668056805,0.215787963117404
"10822",2010-08-18,0,0.166611794651873
"10823",2010-08-19,0,0.148751793169367
"10824",2010-08-20,0.0905588899330338,0.141167408978166
"10825",2010-08-21,0,0.135540285223404
"10826",2010-08-22,0.483587775448959,0.288695914374758
"10827",2010-08-23,19.4621317702399,1.88630974561813
"10828",2010-08-24,0.430361667239003,0.826942534395494
"10829",2010-08-25,0.484994997315938,0.337627425285734
"10830",2010-08-26,0.671162214683161,0.276463036647014
"10831",2010-08-27,0,0.222149059535831
"10832",2010-08-28,0,0.196460016307569
"10833",2010-08-29,0,0.18300385080705
"10834",2010-08-30,0,0.174685493952184
"10835",2010-08-31,0,0.166122479542764
"10836",2010-09-01,0,0.161963301115331
"10837",2010-09-02,0,0.159027410460672
"10838",2010-09-03,0,0.156580834915123
"10839",2010-09-04,0.371092774586753,0.153644944260465
"10840",2010-09-05,0,0.145815902514709
"10841",2010-09-06,0,0.14288001186005
"10842",2010-09-07,0,0.142146039196385
"10843",2010-09-08,0.0317866665112475,0.139944121205391
"10844",2010-09-09,0,0.137986860768952
"10845",2010-09-10,0,0.137008230550733
"10846",2010-09-11,0,0.136029600332513
"10847",2010-09-12,0,0.137008230550733
"10848",2010-09-13,0.00281444441237383,0.138476175878062
"10849",2010-09-14,0.0624972223979939,0.139454806096282
"10850",2010-09-15,0,0.136763572996178
"10851",2010-09-16,0,0.148262478060257
"10852",2010-09-17,4.33250609027015,0.221170429317612
"10853",2010-09-18,0.0845161114731391,0.163675903997215
"10854",2010-09-19,0,0.147039190287483
"10855",2010-09-20,0,0.141656724087276
"10856",2010-09-21,0,0.136029600332513
"10857",2010-09-22,0,0.147283847842038
"10858",2010-09-23,1.29613444967195,0.147528505396593
"10859",2010-09-24,0,0.138720833432617
"10860",2010-09-25,0,0.135540285223404
"10861",2010-09-26,0,0.1328490521233
"10862",2010-09-27,0.607588887704745,0.139454806096282
"10863",2010-09-28,7.83475112311047,0.413471267197747
"10864",2010-09-29,0.709405548055967,0.298482216556954
"10865",2010-09-30,2.88273612295257,0.403684965015552
"10866",2010-10-01,9.44477891667682,1.28934531250422
"10867",2010-10-02,11.7768772462209,0.951717887218483
"10868",2010-10-03,0,0.396345238378906
"10869",2010-10-04,0.334422219557896,0.274016461101466
"10870",2010-10-05,0.982241109848023,0.261783583373722
"10871",2010-10-06,1.38205778006712,0.337627425285734
"10872",2010-10-07,3.33271612011062,0.38655893619671
"10873",2010-10-08,0.00057944443149285,0.283802763283661
"10874",2010-10-09,0,0.235849882590904
"10875",2010-10-10,0,0.211139469580861
"10876",2010-10-11,0,0.201842482507776
"10877",2010-10-12,0.0450311112609794,0.197927961634898
"10878",2010-10-13,0,0.191077550107361
"10879",2010-10-14,0,0.201353167398666
"10880",2010-10-15,9.6248205675549,0.572498677658419
"10881",2010-10-16,0.788209998263253,0.413471267197747
"10882",2010-10-17,0,0.281356187738112
"10883",2010-10-18,0,0.239275088354673
"10884",2010-10-19,0,0.222149059535831
"10885",2010-10-20,0,0.210894812026307
"10886",2010-10-21,0,0.206980291153429
"10887",2010-10-22,0.16928055434674,0.20306577028055
"10888",2010-10-23,0,0.200374537180447
"10889",2010-10-24,0.101982222132178,0.199640564516782
"10890",2010-10-25,0.0584411111925211,0.200374537180447
"10891",2010-10-26,0,0.202821112725996
"10892",2010-10-27,1.38536888999409,0.21505399045374
"10893",2010-10-28,0.719918335543738,0.221170429317612
"10894",2010-10-29,0,0.21358604512641
"10895",2010-10-30,0.116468333489986,0.198417276744008
"10896",2010-10-31,0,0.196704673862124
"10897",2010-11-01,0,0.190832892552806
"10898",2010-11-02,0,0.187407686789038
"10899",2010-11-03,0,0.186429056570819
"10900",2010-11-04,2.68804277793566,0.337627425285734
"10901",2010-11-05,9.2106834028032,0.665468548389274
"10902",2010-11-06,0.130871666146753,0.481975382473114
"10903",2010-11-07,0,0.318054820921344
"10904",2010-11-08,1.99593778472477,0.344967151922381
"10905",2010-11-09,2.29244778614574,0.36698633183232
"10906",2010-11-10,0,0.300928792102502
"10907",2010-11-11,0,0.266676734464819
"10908",2010-11-12,0,0.249550705645978
"10909",2010-11-13,0,0.238541115691008
"10910",2010-11-14,0,0.232913991936246
"10911",2010-11-15,0,0.227776183290593
"10912",2010-11-16,0.183683888375759,0.220436456653947
"10913",2010-11-17,11.2438710770077,1.15233708195349
"10914",2010-11-18,0,1.08138639113257
"10915",2010-11-19,0,0.477082231382016
"10916",2010-11-20,0,0.357200029650125
"10917",2010-11-21,0,0.318054820921344
"10918",2010-11-22,0,0.298482216556954
"10919",2010-11-23,0,0.28624933882921
"10920",2010-11-24,0,0.276463036647014
"10921",2010-11-25,0,0.261783583373722
"10922",2010-11-26,1.85455334880617,0.291142489920307
"10923",2010-11-27,0.125987776565262,0.298482216556954
"10924",2010-11-28,0,0.266676734464819
"10925",2010-11-29,0,0.249550705645978
"10926",2010-11-30,0,0.24465755455488
"10927",2010-12-01,1.26145056037108,0.846515138759885
"10928",2010-12-02,12.3730428371429,2.11873442244526
"10929",2010-12-03,0,1.05202748458598
"10930",2010-12-04,0,0.533353468929639
"10931",2010-12-05,0,0.467295929199821
"10932",2010-12-06,0.0144861113578081,0.423257569379942
"10933",2010-12-07,0,0.362093180741222
"10934",2010-12-08,0,0.340074000831283
"10935",2010-12-09,0,0.318054820921344
"10936",2010-12-10,0,0.296035641011405
"10937",2010-12-11,0,0.291142489920307
"10938",2010-12-12,1.02379554821385,1.41656724087276
"10939",2010-12-13,20.7792917929755,5.23567166747443
"10940",2010-12-14,0.336988333155712,2.54443856737075
"10941",2010-12-15,0,1.03000830467604
"10942",2010-12-16,0,0.702167181572506
"10943",2010-12-17,0,0.599411008659456
"10944",2010-12-18,0,0.543139771111834
"10945",2010-12-19,0,0.511334289019699
"10946",2010-12-20,0,0.50888771347415
"10947",2010-12-21,0,0.462402778108723
"10948",2010-12-22,0,0.445276749289882
"10949",2010-12-23,0,0.450169900380979
"10950",2010-12-24,0,0.413471267197747
"10951",2010-12-25,0,0.398791813924455
"10952",2010-12-26,0,0.396345238378906
"10953",2010-12-27,6.73711777083078,0.42815072047104
"10954",2010-12-28,0.0175488888512676,0.396345238378906
"10955",2010-12-29,0,0.384112360651162
"10956",2010-12-30,0,0.371879482923418
"10957",2010-12-31,0,0.364539756286771
"10958",2011-01-01,0,0.36698633183232
"10959",2011-01-02,0.0589377777709936,0.435490447107686
"10960",2011-01-03,0.0499977776778656,0.494208260200858
"10961",2011-01-04,0,0.420810993834394
"10962",2011-01-05,0,0.38655893619671
"10963",2011-01-06,0,0.36698633183232
"10964",2011-01-07,0.019204444601097,0.357200029650125
"10965",2011-01-08,3.26152722411687,0.362093180741222
"10966",2011-01-09,0.40701833297809,0.359646605195674
"10967",2011-01-10,0,0.342520576376832
"10968",2011-01-11,0,0.340074000831283
"10969",2011-01-12,7.08619170771704,0.359646605195674
"10970",2011-01-13,2.30966556329197,0.357200029650125
"10971",2011-01-14,0,0.352306878559027
"10972",2011-01-15,0,0.332734274194637
"10973",2011-01-16,0,0.335180849740186
"10974",2011-01-17,0,0.322947972012442
"10975",2011-01-18,2.7396133336491,0.34741372746793
"10976",2011-01-19,5.3523283109135,0.479528806927565
"10977",2011-01-20,0.68208888869153,0.494208260200858
"10978",2011-01-21,1.75737223564254,0.42815072047104
"10979",2011-01-22,0.19154777790606,0.379219209560064
"10980",2011-01-23,0,0.344967151922381
"10981",2011-01-24,0,0.337627425285734
"10982",2011-01-25,0.628283335109552,0.332734274194637
"10983",2011-01-26,0.450311111407147,0.335180849740186
"10984",2011-01-27,6.95076724243165,0.34741372746793
"10985",2011-01-28,0,0.359646605195674
"10986",2011-01-29,0,0.342520576376832
"10987",2011-01-30,0,0.335180849740186
"10988",2011-01-31,0,0.320501396466893
"10989",2011-02-01,0.796487779988182,0.318054820921344
"10990",2011-02-02,5.46830001894633,0.337627425285734
"10991",2011-02-03,3.07478055397671,0.34741372746793
"10992",2011-02-04,0,0.318054820921344
"10993",2011-02-05,0,0.340074000831283
"10994",2011-02-06,2.26926998705334,0.48931510910976
"10995",2011-02-07,0,0.491761684655309
"10996",2011-02-08,2.02474445154932,0.574945253203968
"10997",2011-02-09,0.569924997730387,0.552926073294029
"10998",2011-02-10,0,0.457509627017626
"10999",2011-02-11,0,0.398791813924455
"11000",2011-02-12,0,0.411024691652198
"11001",2011-02-13,0,0.371879482923418
"11002",2011-02-14,0,0.391452087287808
"11003",2011-02-15,0,0.486868533564211
"11004",2011-02-16,0,0.457509627017626
"11005",2011-02-17,0,0.433043871562138
"11006",2011-02-18,0,0.594517857568358
"11007",2011-02-19,0,0.866087743124275
"11008",2011-02-20,0,0.702167181572506
"11009",2011-02-21,0.890026668482358,0.6116438863872
"11010",2011-02-22,0.258432220855521,0.533353468929639
"11011",2011-02-23,0,0.48931510910976
"11012",2011-02-24,0,0.46974250474537
"11013",2011-02-25,2.89043445486493,1.49485765833032
"11014",2011-02-26,8.38795502715641,1.89120289670922
"11015",2011-02-27,1.22304166666667,1.19148229068227
"11016",2011-02-28,0.992422772725424,1.36518915441623
"11017",2011-03-01,3.94055332512325,1.65143849324544
"11018",2011-03-02,0,1.2330740749566
"11019",2011-03-03,0,1.05202748458598
"11020",2011-03-04,0,0.888106923034215
"11021",2011-03-05,0.00637388891602555,0.878320620852019
"11022",2011-03-06,0.242704444385237,2.54443856737075
"11023",2011-03-07,22.9170277777778,10.8138639113257
"11024",2011-03-08,0.061834999959295,7.53545268029031
"11025",2011-03-09,0,3.08268518739149
"11026",2011-03-10,0,2.05757003380654
"11027",2011-03-11,8.02778888257344,2.76463036647014
"11028",2011-03-12,0.764452777975135,3.08268518739149
"11029",2011-03-13,0,1.91811522771026
"11030",2011-03-14,0,1.49485765833032
"11031",2011-03-15,0,1.34072339896074
"11032",2011-03-16,1.06642612232102,1.4239069675094
"11033",2011-03-17,3.04531167345577,1.40678093869056
"11034",2011-03-18,0,1.3333836723241
"11035",2011-03-19,0,1.10829872213361
"11036",2011-03-20,0,0.9174658295808
"11037",2011-03-21,0,0.956611038309581
"11038",2011-03-22,2.03426390073035,0.941931585036288
"11039",2011-03-23,0,0.866087743124275
"11040",2011-03-24,1.67856777162022,0.800030203394458
"11041",2011-03-25,0,0.751098692483482
"11042",2011-03-26,0,0.702167181572506
"11043",2011-03-27,0,0.667915123934823
"11044",2011-03-28,0,0.641002792933786
"11045",2011-03-29,0,0.618983613023847
"11046",2011-03-30,0,0.606750735296102
"11047",2011-03-31,0,0.601857584205005
"11048",2011-04-01,2.60162274193764,0.746205541392384
"11049",2011-04-02,0.836800555831857,0.729079512573542
"11050",2011-04-03,0,0.633663066297139
"11051",2011-04-04,0.369188887112669,0.582284979840614
"11052",2011-04-05,0.280451113045216,0.589624706477261
"11053",2011-04-06,1.08066388356024,0.601857584205005
"11054",2011-04-07,0.267537777718571,0.548032922202931
"11055",2011-04-08,0,0.528460317838541
"11056",2011-04-09,0,0.513780864565248
"11057",2011-04-10,0,0.496654835746406
"11058",2011-04-11,0,0.494208260200858
"11059",2011-04-12,0,0.63121649075159
"11060",2011-04-13,9.29908999305303,1.61718643560776
"11061",2011-04-14,1.73237332322862,1.22084119722885
"11062",2011-04-15,0,0.773117872393421
"11063",2011-04-16,0,0.729079512573542
"11064",2011-04-17,16.0697328838772,4.42830173744333
"11065",2011-04-18,1.67765722976128,3.00928792102502
"11066",2011-04-19,0.0191216666555653,1.38231518323507
"11067",2011-04-20,0.990684450917775,1.05447406013153
"11068",2011-04-21,8.27777759275504e-05,0.919912405126349
"11069",2011-04-22,0,0.782904174575616
"11070",2011-04-23,1.5861049932109,1.07160008895037
"11071",2011-04-24,5.3274950012631,1.30891791686861
"11072",2011-04-25,0.4538705559108,0.961504189400678
"11073",2011-04-26,0.0734238893138244,0.819602807758848
"11074",2011-04-27,0,0.741312390301286
"11075",2011-04-28,0.258018332731393,0.782904174575616
"11076",2011-04-29,1.84710333420171,0.763331570211226
"11077",2011-04-30,0,0.655682246207078
"11078",2011-05-01,0,0.606750735296102
"11079",2011-05-02,0,0.577391828749517
"11080",2011-05-03,0,0.567605526567322
"11081",2011-05-04,0,0.628769915206042
"11082",2011-05-05,3.28495334249071,0.677701426117018
"11083",2011-05-06,0,0.574945253203968
"11084",2011-05-07,0,0.533353468929639
"11085",2011-05-08,0.310085554391146,0.513780864565248
"11086",2011-05-09,0.00372499997841401,0.496654835746406
"11087",2011-05-10,0,0.467295929199821
"11088",2011-05-11,0,0.44772332483543
"11089",2011-05-12,0,0.437937022653235
"11090",2011-05-13,0,0.42815072047104
"11091",2011-05-14,0,0.418364418288845
"11092",2011-05-15,1.31848444815477,0.594517857568358
"11093",2011-05-16,4.50195223516888,0.650789095115981
"11094",2011-05-17,1.74561777477794,0.826942534395494
"11095",2011-05-18,7.60330449559953,1.76887411943178
"11096",2011-05-19,12.5520083996455,3.69432907377869
"11097",2011-05-20,3.01319391051928,2.37807143027343
"11098",2011-05-21,0.895903895522572,1.45081929851044
"11099",2011-05-22,0.573070548559229,1.05936721122263
"11100",2011-05-23,0.323495554430616,0.924805556217446
"11101",2011-05-24,2.93571388573117,1.14499735531684
"11102",2011-05-25,0.274904997771709,0.97863021821952
"11103",2011-05-26,0,0.751098692483482
"11104",2011-05-27,0,0.670361699480371
"11105",2011-05-28,0,0.6116438863872
"11106",2011-05-29,0,0.574945253203968
"11107",2011-05-30,1.17370611472707,0.724186361482445
"11108",2011-05-31,1.87980055484507,0.73397266366464
"11109",2011-06-01,0,0.562712375476224
"11110",2011-06-02,0.106534999746519,0.518674015656346
"11111",2011-06-03,0,0.46974250474537
"11112",2011-06-04,0,0.442830173744333
"11113",2011-06-05,0,0.425704144925491
"11114",2011-06-06,0,0.415917842743296
"11115",2011-06-07,0.130209445434933,0.403684965015552
"11116",2011-06-08,0,0.391452087287808
"11117",2011-06-09,2.05628277848826,0.618983613023847
"11118",2011-06-10,7.43261664772034,0.807369930031104
"11119",2011-06-11,2.1062805534833,0.755991843574579
"11120",2011-06-12,13.010183371226,2.76463036647014
"11121",2011-06-13,3.57657946165402,1.72238918406636
"11122",2011-06-14,2.22490110840731,1.29668503914086
"11123",2011-06-15,1.51499888675743,1.0275617291305
"11124",2011-06-16,2.42812055788438,0.895446649670861
"11125",2011-06-17,3.0760222135385,1.38965490987172
"11126",2011-06-18,5.14347998136943,1.27466585923093
"11127",2011-06-19,0,0.834282261032141
"11128",2011-06-20,0,0.636109641842688
"11129",2011-06-21,0,0.57005210211287
"11130",2011-06-22,0.961381119688767,0.719293210391347
"11131",2011-06-23,3.81771110953224,1.04958090904044
"11132",2011-06-24,6.96906112374199,1.64899191769989
"11133",2011-06-25,0.742185561199984,1.09361926886031
"11134",2011-06-26,0.0708577773349567,0.787797325666714
"11135",2011-06-27,0,0.641002792933786
"11136",2011-06-28,0,0.577391828749517
"11137",2011-06-29,1.02594777381089,0.565158951021773
"11138",2011-06-30,0,0.494208260200858
"11139",2011-07-01,0,0.467295929199821
"11140",2011-07-02,0,0.425704144925491
"11141",2011-07-03,0,0.413471267197747
"11142",2011-07-04,0.484001666410102,0.415917842743296
"11143",2011-07-05,0,0.391452087287808
"11144",2011-07-06,0,0.36698633183232
"11145",2011-07-07,0.000248333327782651,0.354753454104576
"11146",2011-07-08,0.204792221314377,0.540693195566285
"11147",2011-07-09,8.32355389457279,0.587178130931712
"11148",2011-07-10,0,0.40857811610665
"11149",2011-07-11,0,0.364539756286771
"11150",2011-07-12,0,0.340074000831283
"11151",2011-07-13,0,0.327841123103539
"11152",2011-07-14,0.843091667850812,0.32539454755799
"11153",2011-07-15,0,0.303375367648051
"11154",2011-07-16,0,0.291142489920307
"11155",2011-07-17,0,0.283802763283661
"11156",2011-07-18,0,0.276463036647014
"11157",2011-07-19,0.00579444442285844,0.274016461101466
"11158",2011-07-20,0,0.266676734464819
"11159",2011-07-21,0,0.259337007828173
"11160",2011-07-22,0,0.254443856737075
"11161",2011-07-23,0,0.243923581891215
"11162",2011-07-24,0.512477223919498,0.251997281191526
"11163",2011-07-25,0.406438886495928,0.249550705645978
"11164",2011-07-26,1.3169944367475,0.288695914374758
"11165",2011-07-27,2.32911833633317,0.28624933882921
"11166",2011-07-28,0,0.254443856737075
"11167",2011-07-29,0.00496666670983865,0.241477006345667
"11168",2011-07-30,0.340961666400235,0.242700294118441
"11169",2011-07-31,0,0.230956731499807
"11170",2011-08-01,0,0.337627425285734
"11171",2011-08-02,7.04397504578696,0.628769915206042
"11172",2011-08-03,0,0.34741372746793
"11173",2011-08-04,0.43665277679099,0.266676734464819
"11174",2011-08-05,0.0003311111037102,0.24465755455488
"11175",2011-08-06,0,0.236339197700014
"11176",2011-08-07,13.3947687928942,1.66367137097318
"11177",2011-08-08,3.40249775772626,1.0177754269483
"11178",2011-08-09,0.0862544444438278,0.71440005930025
"11179",2011-08-10,10.9942960801654,1.70037000415642
"11180",2011-08-11,0.206696111594637,0.628769915206042
"11181",2011-08-12,0,0.393898662833357
"11182",2011-08-13,0,0.332734274194637
"11183",2011-08-14,3.41234830980831,0.782904174575616
"11184",2011-08-15,15.4906193686591,2.22149059535831
"11185",2011-08-16,3.417314987527,1.48751793169367
"11186",2011-08-17,0.086751110636836,0.67280827502592
"11187",2011-08-18,0,0.501547986837504
"11188",2011-08-19,0.313065555326744,0.433043871562138
"11189",2011-08-20,0.00546333321121832,0.393898662833357
"11190",2011-08-21,0,0.371879482923418
"11191",2011-08-22,1.95579055934482,0.374326058468966
"11192",2011-08-23,0,0.332734274194637
"11193",2011-08-24,0,0.32539454755799
"11194",2011-08-25,0,0.396345238378906
"11195",2011-08-26,0.547906109611193,0.445276749289882
"11196",2011-08-27,0,0.535800044475187
"11197",2011-08-28,30.5936733737522,6.5323567066153
"11198",2011-08-29,12.5511805871328,6.36109641842688
"11199",2011-08-30,0,2.20191799099392
"11200",2011-08-31,0,1.04224118240379
"11201",2011-09-01,0,0.804923354485555
"11202",2011-09-02,0,0.704613757118055
"11203",2011-09-03,0,0.636109641842688
"11204",2011-09-04,0,0.582284979840614
"11205",2011-09-05,0,0.545586346657383
"11206",2011-09-06,5.93268333175446,1.47528505396593
"11207",2011-09-07,15.8213995189667,3.76772634014515
"11208",2011-09-08,13.4983239053091,5.21120591201894
"11209",2011-09-09,1.71614889030986,4.64849353654272
"11210",2011-09-10,0,2.26063580408709
"11211",2011-09-11,0,1.35050970114294
"11212",2011-09-12,0,0.97863021821952
"11213",2011-09-13,0,0.829389109941043
"11214",2011-09-14,0,0.736419239210189
"11215",2011-09-15,0.202722777301653,0.67280827502592
"11216",2011-09-16,0.147178888405363,0.626323339660493
"11217",2011-09-17,0,0.567605526567322
"11218",2011-09-18,0,0.636109641842688
"11219",2011-09-19,0,0.565158951021773
"11220",2011-09-20,0,0.481975382473114
"11221",2011-09-21,0.338230000611809,0.474635655836467
"11222",2011-09-22,0.886218880520927,0.48931510910976
"11223",2011-09-23,0.0883238887495051,0.822049383304397
"11224",2011-09-24,10.6384344153934,1.66611794651873
"11225",2011-09-25,0.107693888917876,0.973737067128423
"11226",2011-09-26,0,0.655682246207078
"11227",2011-09-27,0.0001655555518551,0.543139771111834
"11228",2011-09-28,0.0865855560563503,0.670361699480371
"11229",2011-09-29,8.20095991537307,1.9401344076202
"11230",2011-09-30,3.4303111158477,1.69792342861087
"11231",2011-10-01,3.42137110858493,1.48017820505702
"11232",2011-10-02,1.05450610803233,1.38476175878062
"11233",2011-10-03,0.446834445589118,0.875874045306471
"11234",2011-10-04,2.3210060942173,0.924805556217446
"11235",2011-10-05,0.967755000710488,0.866087743124275
"11236",2011-10-06,0,0.694827454935859
"11237",2011-10-07,0,0.59207128202281
"11238",2011-10-08,0,0.548032922202931
"11239",2011-10-09,0,0.516227440110797
"11240",2011-10-10,0,0.538246620020736
"11241",2011-10-11,0,0.528460317838541
"11242",2011-10-12,0,0.44772332483543
"11243",2011-10-13,6.26379441128836,0.716846634845798
"11244",2011-10-14,2.1588444460233,1.41412066532721
"11245",2011-10-15,3.47136890183556,1.3187042190508
"11246",2011-10-16,0.00264888892219299,0.802476778940006
"11247",2011-10-17,0.083108888388094,0.599411008659456
"11248",2011-10-18,0,0.533353468929639
"11249",2011-10-19,0.451552777136366,0.741312390301286
"11250",2011-10-20,7.8103317197164,1.49975080942141
"11251",2011-10-21,0.0610900002534812,1.18903571513672
"11252",2011-10-22,0,0.748652116937933
"11253",2011-10-23,0,0.67280827502592
"11254",2011-10-24,0,0.626323339660493
"11255",2011-10-25,0,0.548032922202931
"11256",2011-10-26,0.0125822223572888,0.523567166747443
"11257",2011-10-27,0.381605558219883,0.658128821752627
"11258",2011-10-28,5.90462164645724,0.995756247038362
"11259",2011-10-29,0,0.924805556217446
"11260",2011-10-30,10.9326266767714,1.30402476577751
"11261",2011-10-31,0,1.48507135614812
"11262",2011-11-01,0,1.27221928368538
"11263",2011-11-02,0,1.19637544177336
"11264",2011-11-03,0,1.10340557104251
"11265",2011-11-04,0,1.03490145576714
"11266",2011-11-05,0,0.963950764946227
"11267",2011-11-06,0,0.878320620852019
"11268",2011-11-07,0,0.748652116937933
"11269",2011-11-08,0,0.694827454935859
"11270",2011-11-09,0,0.658128821752627
"11271",2011-11-10,0,0.738865814755738
"11272",2011-11-11,2.27688555705547,0.807369930031104
"11273",2011-11-12,0,0.687487728299213
"11274",2011-11-13,0,0.67280827502592
"11275",2011-11-14,0,0.63121649075159
"11276",2011-11-15,0,0.560265799930675
"11277",2011-11-16,0.147261666705521,0.743758965846835
"11278",2011-11-17,6.55964228979747,1.24286037713879
"11279",2011-11-18,0.0942838886162887,0.97863021821952
"11280",2011-11-19,0,0.741312390301286
"11281",2011-11-20,0,0.63121649075159
"11282",2011-11-21,0.0107611111326971,0.626323339660493
"11283",2011-11-22,0,0.565158951021773
"11284",2011-11-23,11.0083683244917,2.38541115691008
"11285",2011-11-24,0.51852000185516,2.37073170363679
"11286",2011-11-25,0,1.31136449241416
"11287",2011-11-26,0,0.976183642673971
"11288",2011-11-27,0,0.79513705230336
"11289",2011-11-28,0,0.71440005930025
"11290",2011-11-29,0,0.748652116937933
"11291",2011-11-30,8.0212494937049,2.37562485472789
"11292",2011-12-01,0,1.76642754388623
"11293",2011-12-02,0,1.09606584440586
"11294",2011-12-03,0,0.814709656667751
"11295",2011-12-04,0,0.746205541392384
"11296",2011-12-05,0,0.69238087939031
"11297",2011-12-06,0.0130788889511799,0.760884994665677
"11298",2011-12-07,3.48088834312227,1.52666314042245
"11299",2011-12-08,19.0052812576294,6.60575397298176
"11300",2011-12-09,0,4.96654835746406
"11301",2011-12-10,0,2.49550705645978
"11302",2011-12-11,0,1.70281657970196
"11303",2011-12-12,0,1.29668503914086
"11304",2011-12-13,0,1.1131918732247
"11305",2011-12-14,0,0.993309671492813
"11306",2011-12-15,0.00298000008757743,0.939485009490739
"11307",2011-12-16,0.277553887973643,0.861194592033178
"11308",2011-12-17,0,0.79513705230336
"11309",2011-12-18,0,0.73397266366464
"11310",2011-12-19,0,0.663021972843725
"11311",2011-12-20,0,0.658128821752627
"11312",2011-12-21,0,0.648342519570432
"11313",2011-12-22,1.79785056392352,0.743758965846835
"11314",2011-12-23,4.20329002147251,1.04713433349489
"11315",2011-12-24,0,0.97863021821952
"11316",2011-12-25,0,0.687487728299213
"11317",2011-12-26,0,0.623876764114944
"11318",2011-12-27,0,0.702167181572506
"11319",2011-12-28,7.55901830238766,2.47104130100429
"11320",2011-12-29,0,1.78844672379617
"11321",2011-12-30,0,0.985969944856167
"11322",2011-12-31,0.585983891533481,0.873427469760922
"11323",2012-01-01,0.19204444494709,0.841621987668787
"11324",2012-01-02,0.877692781488102,0.848961714305434
"11325",2012-01-03,0,0.758438419120128
"11326",2012-01-04,0,0.650789095115981
"11327",2012-01-05,0,0.606750735296102
"11328",2012-01-06,0,0.606750735296102
"11329",2012-01-07,0,0.626323339660493
"11330",2012-01-08,0,0.599411008659456
"11331",2012-01-09,0,0.577391828749517
"11332",2012-01-10,0,0.55047949774848
"11333",2012-01-11,0,0.543139771111834
"11334",2012-01-12,4.08160666603513,1.07893981558702
"11335",2012-01-13,4.03276777240964,1.29913161468641
"11336",2012-01-14,0,0.866087743124275
"11337",2012-01-15,0,0.677701426117018
"11338",2012-01-16,0,0.567605526567322
"11339",2012-01-17,1.75041887736321,0.584731555386163
"11340",2012-01-18,0.305532777501476,0.682594577208115
"11341",2012-01-19,0,0.596964433113907
"11342",2012-01-20,0.676625550700559,0.540693195566285
"11343",2012-01-21,2.11025387957361,0.523567166747443
"11344",2012-01-22,2.39691332891252,0.516227440110797
"11345",2012-01-23,0,0.53090689338409
"11346",2012-01-24,2.20627612468931,0.902786376307507
"11347",2012-01-25,0,0.934591858399642
"11348",2012-01-26,0,0.748652116937933
"11349",2012-01-27,3.18710999589496,1.45081929851044
"11350",2012-01-28,2.9333961101638,1.6343124644266
"11351",2012-01-29,0,1.04713433349489
"11352",2012-01-30,0,0.782904174575616
"11353",2012-01-31,0,0.699720606026957
"11354",2012-02-01,0.0140722222623105,0.675254850571469
"11355",2012-02-02,0.0601794442248842,0.65323567066153
"11356",2012-02-03,0,0.606750735296102
"11357",2012-02-04,0,0.57005210211287
"11358",2012-02-05,0,0.557819224385127
"11359",2012-02-06,0,0.53090689338409
"11360",2012-02-07,0,0.518674015656346
"11361",2012-02-08,0,0.506441137928602
"11362",2012-02-09,0,0.486868533564211
"11363",2012-02-10,0,0.477082231382016
"11364",2012-02-11,0.0001655555518551,0.467295929199821
"11365",2012-02-12,0,0.457509627017626
"11366",2012-02-13,0,0.433043871562138
"11367",2012-02-14,0,0.42815072047104
"11368",2012-02-15,0.0691194446726393,0.430597296016589
"11369",2012-02-16,0,0.433043871562138
"11370",2012-02-17,1.7841922258536,0.46974250474537
"11371",2012-02-18,0,0.455063051472077
"11372",2012-02-19,0,0.42815072047104
"11373",2012-02-20,0,0.411024691652198
"11374",2012-02-21,0,0.398791813924455
"11375",2012-02-22,0,0.398791813924455
"11376",2012-02-23,0,0.398791813924455
"11377",2012-02-24,3.15987613100475,0.48931510910976
"11378",2012-02-25,3.98525333775415,0.85630144094208
"11379",2012-02-26,0,0.641002792933786
"11380",2012-02-27,0,0.481975382473114
"11381",2012-02-28,0,0.457509627017626
"11382",2012-02-29,0,0.44772332483543
"11383",2012-03-01,2.62711833238602,0.69238087939031
"11384",2012-03-02,0.694919446812736,0.709506908209152
"11385",2012-03-03,2.7061710999012,0.826942534395494
"11386",2012-03-04,0.622406107637617,0.875874045306471
"11387",2012-03-05,0,0.670361699480371
"11388",2012-03-06,0,0.540693195566285
"11389",2012-03-07,0,0.50888771347415
"11390",2012-03-08,0,0.499101411291955
"11391",2012-03-09,0.274325556670626,0.491761684655309
"11392",2012-03-10,0,0.467295929199821
"11393",2012-03-11,0,0.442830173744333
"11394",2012-03-12,0,0.437937022653235
"11395",2012-03-13,0.19858389006255,0.430597296016589
"11396",2012-03-14,0,0.423257569379942
"11397",2012-03-15,0,0.40857811610665
"11398",2012-03-16,0,0.401238389470003
"11399",2012-03-17,0.274408332889279,0.393898662833357
"11400",2012-03-18,0,0.38655893619671
"11401",2012-03-19,0,0.381665785105613
"11402",2012-03-20,0,0.374326058468966
"11403",2012-03-21,0,0.36698633183232
"11404",2012-03-22,0,0.362093180741222
"11405",2012-03-23,0,0.354753454104576
"11406",2012-03-24,0,0.344967151922381
"11407",2012-03-25,0.21389777706729,0.349860303013478
"11408",2012-03-26,0.0759072222061868,0.352306878559027
"11409",2012-03-27,0,0.32539454755799
"11410",2012-03-28,0,0.349860303013478
"11411",2012-03-29,1.76589834059609,0.376772634014515
"11412",2012-03-30,0,0.340074000831283
"11413",2012-03-31,0.97851610747973,0.349860303013478
"11414",2012-04-01,0.365381110005909,0.369432907377869
"11415",2012-04-02,1.50928721764353,0.389005511742259
"11416",2012-04-03,0.0531433332556238,0.349860303013478
"11417",2012-04-04,0,0.32539454755799
"11418",2012-04-05,0,0.308268518739149
"11419",2012-04-06,0,0.300928792102502
"11420",2012-04-07,0,0.293589065465856
"11421",2012-04-08,0,0.291142489920307
"11422",2012-04-09,0,0.283802763283661
"11423",2012-04-10,0,0.278909612192563
"11424",2012-04-11,0.000248333327782651,0.276463036647014
"11425",2012-04-12,0.0850127776815659,0.276463036647014
"11426",2012-04-13,0.795991109848023,0.291142489920307
"11427",2012-04-14,0,0.274016461101466
"11428",2012-04-15,0.00761555549326457,0.269123310010368
"11429",2012-04-16,0,0.26423015891927
"11430",2012-04-17,0,0.259337007828173
"11431",2012-04-18,0,0.247104130100429
"11432",2012-04-19,0,0.241721663900221
"11433",2012-04-20,0,0.240498376127447
"11434",2012-04-21,0,0.237562485472788
"11435",2012-04-22,0.604857223643196,0.442830173744333
"11436",2012-04-23,24.0833666477203,3.91452087287808
"11437",2012-04-24,0.153221665785958,2.61783583373722
"11438",2012-04-25,0.0106783331100726,0.990863095947264
"11439",2012-04-26,0.148255000217093,0.680148001662567
"11440",2012-04-27,0.184925554598371,0.579838404295066
"11441",2012-04-28,0,0.499101411291955
"11442",2012-04-29,0,0.464849353654272
"11443",2012-04-30,0,0.42815072047104
"11444",2012-05-01,0.252058332617912,0.484421958018663
"11445",2012-05-02,2.30602333270179,0.523567166747443
"11446",2012-05-03,0.790858894493846,0.457509627017626
"11447",2012-05-04,0.849134443812901,0.472189080290918
"11448",2012-05-05,0.0654772225780827,0.459956202563174
"11449",2012-05-06,0,0.420810993834394
"11450",2012-05-07,0,0.396345238378906
"11451",2012-05-08,0.210421110015776,0.391452087287808
"11452",2012-05-09,2.85773721053865,0.513780864565248
"11453",2012-05-10,5.08545277304119,0.944378160581837
"11454",2012-05-11,0.379701663745773,0.685041152753664
"11455",2012-05-12,0,0.472189080290918
"11456",2012-05-13,0,0.420810993834394
"11457",2012-05-14,0.0133272221710326,0.381665785105613
"11458",2012-05-15,0.58134833250443,0.758438419120128
"11459",2012-05-16,6.70259946054883,0.990863095947264
"11460",2012-05-17,0.145771666538384,0.606750735296102
"11461",2012-05-18,0,0.501547986837504
"11462",2012-05-19,0,0.401238389470003
"11463",2012-05-20,0,0.374326058468966
"11464",2012-05-21,0,0.371879482923418
"11465",2012-05-22,3.75157169855965,0.594517857568358
"11466",2012-05-23,1.76316666271951,0.623876764114944
"11467",2012-05-24,0,0.455063051472077
"11468",2012-05-25,0.511815001342031,0.420810993834394
"11469",2012-05-26,0,0.437937022653235
"11470",2012-05-27,0.628614448448952,0.435490447107686
"11471",2012-05-28,0.361242224586196,0.364539756286771
"11472",2012-05-29,0,0.34741372746793
"11473",2012-05-30,1.64206278867192,0.376772634014515
"11474",2012-05-31,0.00538055562031353,0.352306878559027
"11475",2012-06-01,0,0.313161669830246
"11476",2012-06-02,11.2590194728639,2.17745223553843
"11477",2012-06-03,2.82984112011062,1.66367137097318
"11478",2012-06-04,1.74081667811341,0.807369930031104
"11479",2012-06-05,0.262902222636673,0.604304159750554
"11480",2012-06-06,0.0401472222962313,0.511334289019699
"11481",2012-06-07,0.0922972215160522,0.440383598198784
"11482",2012-06-08,0.0262405558787286,0.413471267197747
"11483",2012-06-09,0,0.384112360651162
"11484",2012-06-10,0.0185422220390497,0.36698633183232
"11485",2012-06-11,0,0.34741372746793
"11486",2012-06-12,0,0.34741372746793
"11487",2012-06-13,6.67826278156703,0.853854865396531
"11488",2012-06-14,1.18769555966059,0.770671296847872
"11489",2012-06-15,0,0.474635655836467
"11490",2012-06-16,0,0.381665785105613
"11491",2012-06-17,0,0.344967151922381
"11492",2012-06-18,0,0.320501396466893
"11493",2012-06-19,0,0.308268518739149
"11494",2012-06-20,0,0.3058219431936
"11495",2012-06-21,0,0.293589065465856
"11496",2012-06-22,0,0.342520576376832
"11497",2012-06-23,7.87580890120401,1.02511515358495
"11498",2012-06-24,0,0.59207128202281
"11499",2012-06-25,0.683827224314211,0.574945253203968
"11500",2012-06-26,4.71171111742656,0.665468548389274
"11501",2012-06-27,0,0.42815072047104
"11502",2012-06-28,0,0.349860303013478
"11503",2012-06-29,0.143784999468985,0.318054820921344
"11504",2012-06-30,0,0.298482216556954
"11505",2012-07-01,0,0.330287698649088
"11506",2012-07-02,1.68725942802429,0.342520576376832
"11507",2012-07-03,0.0139894441471746,0.281356187738112
"11508",2012-07-04,0.43921888446808,0.26423015891927
"11509",2012-07-05,0.277884993403322,0.259337007828173
"11510",2012-07-06,0,0.247104130100429
"11511",2012-07-07,0,0.238785773245563
"11512",2012-07-08,0.0448655562025185,0.233892622154465
"11513",2012-07-09,0,0.227286868181484
"11514",2012-07-10,0,0.217989881108398
"11515",2012-07-11,0,0.213341387571855
"11516",2012-07-12,0,0.210650154471752
"11517",2012-07-13,0,0.202087140062331
"11518",2012-07-14,0.164148333318532,0.200619194735002
"11519",2012-07-15,0,0.208937551589868
"11520",2012-07-16,3.90363443591859,0.315608245375795
"11521",2012-07-17,0,0.24465755455488
"11522",2012-07-18,0,0.337627425285734
"11523",2012-07-19,4.71518774920039,0.34741372746793
"11524",2012-07-20,0.20528888960431,0.26423015891927
"11525",2012-07-21,2.0619116639826,0.231446046608917
"11526",2012-07-22,0,0.203310427835105
"11527",2012-07-23,0.00173833329447855,0.2130967300173
"11528",2012-07-24,2.24170500347349,0.218968511326618
"11529",2012-07-25,0.350977773540758,0.195970701198459
"11530",2012-07-26,0.0606761115126104,0.196460016307569
"11531",2012-07-27,1.94287721464369,0.226552895517819
"11532",2012-07-28,0.439136114293503,0.381665785105613
"11533",2012-07-29,7.60106942865583,0.501547986837504
"11534",2012-07-30,0.328710553358102,0.313161669830246
"11535",2012-07-31,0,0.229978101281587
"11536",2012-08-01,0,0.362093180741222
"11537",2012-08-02,4.07589499494765,0.716846634845798
"11538",2012-08-03,0,0.342520576376832
"11539",2012-08-04,0,0.233158649490801
"11540",2012-08-05,0,0.269123310010368
"11541",2012-08-06,3.41549387420548,0.256890432282624
"11542",2012-08-07,0,0.232669334381691
"11543",2012-08-08,0,0.202576455171441
"11544",2012-08-09,0,0.191077550107361
"11545",2012-08-10,0,0.866087743124275
"11546",2012-08-11,10.4626971969605,0.741312390301286
"11547",2012-08-12,1.05558222699828,0.318054820921344
"11548",2012-08-13,0,0.237807143027343
"11549",2012-08-14,0,0.205267688271544
"11550",2012-08-15,2.14237166224586,0.276463036647014
"11551",2012-08-16,1.71225832958354,0.241477006345667
"11552",2012-08-17,0.396091669392667,0.199640564516782
"11553",2012-08-18,3.10184885952207,0.266676734464819
"11554",2012-08-19,0.328793331596585,0.247104130100429
"11555",2012-08-20,0,0.200863852289556
"11556",2012-08-21,0,0.183737823470715
"11557",2012-08-22,0,0.172238918406636
"11558",2012-08-23,0,0.165388506879099
"11559",2012-08-24,0,0.160250698233446
"11560",2012-08-25,0,0.155602204696904
"11561",2012-08-26,0,0.151687683824026
"11562",2012-08-27,0,0.149485765833032
"11563",2012-08-28,0.916267219735516,0.17395152128852
"11564",2012-08-29,1.63370222727458,0.178600014825062
"11565",2012-08-30,0,0.15242165648769
"11566",2012-08-31,0,0.143124669414605
"11567",2012-09-01,0,0.139699463650836
"11568",2012-09-02,0,0.156825492469678
"11569",2012-09-03,0.73457000149745,0.154134259369574
"11570",2012-09-04,0.853190548789273,0.179333987488727
"11571",2012-09-05,4.07316331312392,0.303375367648051
"11572",2012-09-06,0.796984448154767,0.23462659481813
"11573",2012-09-07,0.0101816668091342,0.175419466615849
"11574",2012-09-08,0,0.181046590370611
"11575",2012-09-09,3.91580279514525,0.251997281191526
"11576",2012-09-10,0.176896111890674,0.198906591853117
"11577",2012-09-11,0,0.16245261622444
"11578",2012-09-12,0,0.149730423387587
"11579",2012-09-13,0,0.14336932696916
"11580",2012-09-14,0,0.140678093869056
"11581",2012-09-15,0.0757416669935403,0.138476175878062
"11582",2012-09-16,0,0.133827682341519
"11583",2012-09-17,0,0.13187042190508
"11584",2012-09-18,0,0.189609604780032
"11585",2012-09-19,11.5866538535224,0.973737067128423
"11586",2012-09-20,0.017797222256143,0.44772332483543
"11587",2012-09-21,0,0.226308237963264
"11588",2012-09-22,0,0.191566865216471
"11589",2012-09-23,2.21240167440308,0.211139469580861
"11590",2012-09-24,0.0158105556955561,0.181535905479721
"11591",2012-09-25,0,0.165388506879099
"11592",2012-09-26,0.16472777758042,0.160006040678892
"11593",2012-09-27,0.120938333683026,0.158293437797007
"11594",2012-09-28,1.91663665450944,0.572498677658419
"11595",2012-09-29,9.84194665908815,0.79513705230336
"11596",2012-09-30,0.0137411112665302,0.34741372746793
"11597",2012-10-01,0.631346109796832,0.247104130100429
"11598",2012-10-02,0,0.251997281191526
"11599",2012-10-03,8.13357891983455,0.467295929199821
"11600",2012-10-04,0.24618111069666,0.374326058468966
"11601",2012-10-05,4.91203329859838,0.878320620852019
"11602",2012-10-06,0,0.442830173744333
"11603",2012-10-07,0,0.288695914374758
"11604",2012-10-08,1.22287610929542,0.266676734464819
"11605",2012-10-09,0.137245555910799,0.242455636563886
"11606",2012-10-10,0.706094439609184,0.3058219431936
"11607",2012-10-11,1.83700443718169,0.288695914374758
"11608",2012-10-12,0,0.239764403463782
"11609",2012-10-13,0.330779997355408,0.21505399045374
"11610",2012-10-14,0.0360911108286431,0.206735633598874
"11611",2012-10-15,0,0.212607414908191
"11612",2012-10-16,2.30072555208206,0.274016461101466
"11613",2012-10-17,0,0.232913991936246
"11614",2012-10-18,0,0.210405496917197
"11615",2012-10-19,4.9041694428656,0.636109641842688
"11616",2012-10-20,7.86794500599966,1.2183946216833
"11617",2012-10-21,0,0.645895944024883
"11618",2012-10-22,0,0.369432907377869
"11619",2012-10-23,0,0.308268518739149
"11620",2012-10-24,1.58089001199934,0.32539454755799
"11621",2012-10-25,0.0277305558145874,0.3058219431936
"11622",2012-10-26,0,0.28624933882921
"11623",2012-10-27,0,0.276463036647014
"11624",2012-10-28,0,0.271569885555917
"11625",2012-10-29,0.17805500010608,0.467295929199821
"11626",2012-10-30,9.49643224811552,0.905232951853056
"11627",2012-10-31,0.493107219696046,0.697274030481408
"11628",2012-11-01,0.0764866660826115,0.435490447107686
"11629",2012-11-02,0,0.352306878559027
"11630",2012-11-03,0,0.318054820921344
"11631",2012-11-04,0,0.293589065465856
"11632",2012-11-05,0,0.281356187738112
"11633",2012-11-06,0,0.269123310010368
"11634",2012-11-07,0,0.278909612192563
"11635",2012-11-08,3.88335385431183,0.354753454104576
"11636",2012-11-09,0.456022775093713,0.459956202563174
"11637",2012-11-10,0,0.46974250474537
"11638",2012-11-11,0,0.435490447107686
"11639",2012-11-12,0,0.379219209560064
"11640",2012-11-13,0.3918700002763,0.352306878559027
"11641",2012-11-14,0.328545000473659,0.330287698649088
"11642",2012-11-15,0,0.3058219431936
"11643",2012-11-16,0,0.291142489920307
"11644",2012-11-17,0,0.278909612192563
"11645",2012-11-18,0,0.269123310010368
"11646",2012-11-19,0,0.26423015891927
"11647",2012-11-20,0,0.259337007828173
"11648",2012-11-21,0,0.254443856737075
"11649",2012-11-22,0,0.251997281191526
"11650",2012-11-23,0,0.24465755455488
"11651",2012-11-24,0.33897500014802,0.247104130100429
"11652",2012-11-25,0,0.240253718572892
"11653",2012-11-26,0,0.233892622154465
"11654",2012-11-27,0,0.240987691236557
"11655",2012-11-28,1.67459444997046,0.266676734464819
"11656",2012-11-29,0,0.254443856737075
"11657",2012-11-30,0,0.234871252372685
"11658",2012-12-01,0,0.226063580408709
"11659",2012-12-02,0,0.224350977526825
"11660",2012-12-03,0.57605055385828,0.237562485472788
"11661",2012-12-04,0,0.231935361718026
"11662",2012-12-05,0.345266111426884,0.230222758836142
"11663",2012-12-06,0,0.220436456653947
"11664",2012-12-07,0,0.220436456653947
"11665",2012-12-08,2.36438166761398,0.298482216556954
"11666",2012-12-09,0.399319998598762,0.300928792102502
"11667",2012-12-10,2.64069390657213,0.411024691652198
"11668",2012-12-11,0.390959442628756,0.352306878559027
"11669",2012-12-12,0,0.283802763283661
"11670",2012-12-13,0,0.251997281191526
"11671",2012-12-14,0,0.237807143027343
"11672",2012-12-15,0,0.229488786172477
"11673",2012-12-16,0,0.228510155954258
"11674",2012-12-17,3.09878611426883,0.389005511742259
"11675",2012-12-18,7.01376105742983,1.25020010377544
"11676",2012-12-19,0.767267222449184,0.902786376307507
"11677",2012-12-20,0,0.513780864565248
"11678",2012-12-21,2.73092168119219,1.30647134132306
"11679",2012-12-22,8.02340165466732,1.54868232033239
"11680",2012-12-23,0.0819499994788525,0.875874045306471
"11681",2012-12-24,0,0.548032922202931
"11682",2012-12-25,0.866683331754472,0.491761684655309
"11683",2012-12-26,0.0543850000178857,0.464849353654272
"11684",2012-12-27,8.32736169634926,0.956611038309581
"11685",2012-12-28,0.782829441918267,1.03490145576714
"11686",2012-12-29,0,0.71440005930025
"11687",2012-12-30,3.61904443497128,0.614090461932749
"11688",2012-12-31,0,0.545586346657383
"11689",2013-01-01,0,0.477082231382016
"11690",2013-01-02,0,0.467295929199821
"11691",2013-01-03,0,0.420810993834394
"11692",2013-01-04,0,0.396345238378906
"11693",2013-01-05,0,0.38655893619671
"11694",2013-01-06,0,0.379219209560064
"11695",2013-01-07,0,0.374326058468966
"11696",2013-01-08,0,0.362093180741222
"11697",2013-01-09,0,0.354753454104576
"11698",2013-01-10,0,0.352306878559027
"11699",2013-01-11,0,0.371879482923418
"11700",2013-01-12,3.11914944002363,0.599411008659456
"11701",2013-01-13,0.232522776080502,0.641002792933786
"11702",2013-01-14,0.0752450000141851,0.599411008659456
"11703",2013-01-15,0.747400554746389,0.57005210211287
"11704",2013-01-16,3.5913138841523,0.552926073294029
"11705",2013-01-17,0.551631107045545,0.557819224385127
"11706",2013-01-18,0,0.528460317838541
"11707",2013-01-19,0,0.445276749289882
"11708",2013-01-20,0,0.457509627017626
"11709",2013-01-21,0,0.467295929199821
"11710",2013-01-22,0.115888888087123,0.437937022653235
"11711",2013-01-23,0,0.354753454104576
"11712",2013-01-24,0,0.330287698649088
"11713",2013-01-25,0,0.313161669830246
"11714",2013-01-26,0.0414716664643751,0.303375367648051
"11715",2013-01-27,0,0.291142489920307
"11716",2013-01-28,0,0.296035641011405
"11717",2013-01-29,1.27866833751731,0.303375367648051
"11718",2013-01-30,0.174164445362157,0.330287698649088
"11719",2013-01-31,6.34913831943937,1.41167408978166
"11720",2013-02-01,0.102478888756906,1.42635354305495
"11721",2013-02-02,0,0.665468548389274
"11722",2013-02-03,0,0.50888771347415
"11723",2013-02-04,0,0.445276749289882
"11724",2013-02-05,0,0.406131540561101
"11725",2013-02-06,0.209676112453143,0.38655893619671
"11726",2013-02-07,0,0.369432907377869
"11727",2013-02-08,0,0.369432907377869
"11728",2013-02-09,14.8212784419589,0.533353468929639
"11729",2013-02-10,0.299986668117862,0.636109641842688
"11730",2013-02-11,0.0859233330163277,0.545586346657383
"11731",2013-02-12,2.7310872247484,0.63121649075159
"11732",2013-02-13,0,0.616537037478298
"11733",2013-02-14,0.0893172219372871,0.55047949774848
"11734",2013-02-15,0,0.535800044475187
"11735",2013-02-16,0.389552224955624,0.596964433113907
"11736",2013-02-17,0,0.538246620020736
"11737",2013-02-18,0,0.455063051472077
"11738",2013-02-19,0,0.503994562383053
"11739",2013-02-20,1.75397833222813,0.731526088119091
"11740",2013-02-21,0,0.609197310841651
"11741",2013-02-22,0,0.496654835746406
"11742",2013-02-23,0,0.491761684655309
"11743",2013-02-24,2.04908112263679,0.69238087939031
"11744",2013-02-25,0.277719445915375,0.782904174575616
"11745",2013-02-26,0,0.711953483754701
"11746",2013-02-27,6.21545219569735,2.71569885555917
"11747",2013-02-28,7.31093333964878,3.81665785105613
"11748",2013-03-01,8.27777759275504e-05,2.61783583373722
"11749",2013-03-02,0,1.8251453569794
"11750",2013-03-03,0,1.42146039196385
"11751",2013-03-04,0,1.16701653522678
"11752",2013-03-05,0,1.03490145576714
"11753",2013-03-06,0,0.956611038309581
"11754",2013-03-07,0.221182221796053,1.00554254922056
"11755",2013-03-08,6.06338941886691,1.08872611776922
"11756",2013-03-09,3.17179611963695,1.16456995968123
"11757",2013-03-10,0,1.22084119722885
"11758",2013-03-11,0,1.2135014705922
"11759",2013-03-12,0,2.43923581891215
"11760",2013-03-13,9.24097998926375,4.13471267197747
"11761",2013-03-14,0.110508332960204,2.56890432282624
"11762",2013-03-15,0,1.66367137097318
"11763",2013-03-16,0,1.31625764350525
"11764",2013-03-17,0.00480111105005359,1.06915351340483
"11765",2013-03-18,0,0.919912405126349
"11766",2013-03-19,4.36222334533268,1.04713433349489
"11767",2013-03-20,2.01414888636271,1.14989050640794
"11768",2013-03-21,0.0627455558953806,1.06181378676818
"11769",2013-03-22,0.0490872225281266,0.885660347488666
"11770",2013-03-23,0,0.812263081122202
"11771",2013-03-24,0,0.731526088119091
"11772",2013-03-25,0,0.702167181572506
"11773",2013-03-26,0,0.667915123934823
"11774",2013-03-27,0,0.628769915206042
"11775",2013-03-28,0,0.594517857568358
"11776",2013-03-29,0,0.574945253203968
"11777",2013-03-30,0,0.557819224385127
"11778",2013-03-31,0,0.579838404295066
"11779",2013-04-01,1.46260054418776,0.6116438863872
"11780",2013-04-02,0.452960000730222,0.587178130931712
"11781",2013-04-03,0,0.526013742292992
"11782",2013-04-04,0,0.491761684655309
"11783",2013-04-05,0,0.472189080290918
"11784",2013-04-06,0,0.457509627017626
"11785",2013-04-07,0,0.437937022653235
"11786",2013-04-08,0,0.433043871562138
"11787",2013-04-09,0,0.423257569379942
"11788",2013-04-10,1.00409444404973,0.44772332483543
"11789",2013-04-11,1.57368832259708,0.499101411291955
"11790",2013-04-12,0,0.579838404295066
"11791",2013-04-13,4.13880611711077,0.643449368479335
"11792",2013-04-14,0,0.518674015656346
"11793",2013-04-15,0,0.44772332483543
"11794",2013-04-16,0,0.425704144925491
"11795",2013-04-17,0.16936333241562,0.413471267197747
"11796",2013-04-18,0,0.398791813924455
"11797",2013-04-19,0,0.38655893619671
"11798",2013-04-20,2.73845444191827,0.506441137928602
"11799",2013-04-21,8.27777759275504e-05,0.457509627017626
"11800",2013-04-22,0,0.391452087287808
"11801",2013-04-23,0,0.379219209560064
"11802",2013-04-24,0,0.389005511742259
"11803",2013-04-25,0.108273333025579,0.357200029650125
"11804",2013-04-26,0,0.342520576376832
"11805",2013-04-27,0,0.332734274194637
"11806",2013-04-28,0,0.32539454755799
"11807",2013-04-29,0,0.320501396466893
"11808",2013-04-30,0,0.315608245375795
"11809",2013-05-01,0,0.3058219431936
"11810",2013-05-02,0,0.296035641011405
"11811",2013-05-03,0,0.28624933882921
"11812",2013-05-04,0,0.281356187738112
"11813",2013-05-05,0,0.276463036647014
"11814",2013-05-06,0,0.274016461101466
"11815",2013-05-07,0,0.271569885555917
"11816",2013-05-08,0,0.300928792102502
"11817",2013-05-09,2.38938055634499,0.357200029650125
"11818",2013-05-10,2.05015722680092,0.342520576376832
"11819",2013-05-11,0.889447224590514,0.352306878559027
"11820",2013-05-12,1.85596055192418,0.384112360651162
"11821",2013-05-13,0.0658083325716563,0.320501396466893
"11822",2013-05-14,0,0.281356187738112
"11823",2013-05-15,0,0.269123310010368
"11824",2013-05-16,0.0899794443451489,0.266676734464819
"11825",2013-05-17,0,0.256890432282624
"11826",2013-05-18,0,0.24367892433666
"11827",2013-05-19,0,0.247104130100429
"11828",2013-05-20,1.98956388809946,0.281356187738112
"11829",2013-05-21,0.0137411112511117,0.26423015891927
"11830",2013-05-22,1.39397778646151,0.283802763283661
"11831",2013-05-23,0.114812777863505,0.318054820921344
"11832",2013-05-24,9.94334945265451,1.10829872213361
"11833",2013-05-25,3.65074830744001,1.25509325486653
"11834",2013-05-26,3.06708221811718,0.922358980671898
"11835",2013-05-27,0.0157277773953974,0.501547986837504
"11836",2013-05-28,0,0.389005511742259
"11837",2013-05-29,1.36699221914344,0.371879482923418
"11838",2013-05-30,2.38077166135775,0.401238389470003
"11839",2013-05-31,0,0.464849353654272
"11840",2013-06-01,0.00248333333950076,0.332734274194637
"11841",2013-06-02,0,0.296035641011405
"11842",2013-06-03,1.80273444618119,0.614090461932749
"11843",2013-06-04,3.71970223714245,0.535800044475187
"11844",2013-06-05,0,0.342520576376832
"11845",2013-06-06,0,0.298482216556954
"11846",2013-06-07,3.8782216685613,1.25753983041208
"11847",2013-06-08,27.2421666666667,4.64849353654272
"11848",2013-06-09,0.0478455553495635,3.00928792102502
"11849",2013-06-10,0,1.37497545659843
"11850",2013-06-11,9.08303995831808,2.29488786172477
"11851",2013-06-12,3.7969338696268,2.28999471063368
"11852",2013-06-13,0.0104300002294282,1.91322207661916
"11853",2013-06-14,20.1128476022085,4.64849353654272
"11854",2013-06-15,0.306194997241927,3.84112360651162
"11855",2013-06-16,0.0158105557726489,1.92300837880136
"11856",2013-06-17,0,1.29668503914086
"11857",2013-06-18,0.520506665147014,1.1180850243158
"11858",2013-06-19,5.00060555476614,1.30891791686861
"11859",2013-06-20,0,0.95905761385513
"11860",2013-06-21,0,0.763331570211226
"11861",2013-06-22,0,0.660575397298176
"11862",2013-06-23,0,0.623876764114944
"11863",2013-06-24,0,0.555372648839578
"11864",2013-06-25,1.52311111653844,0.526013742292992
"11865",2013-06-26,0.616859999009511,0.486868533564211
"11866",2013-06-27,0.104713888367741,0.511334289019699
"11867",2013-06-28,6.38175279198753,0.902786376307507
"11868",2013-06-29,3.72284780153962,0.912572678489702
"11869",2013-06-30,0,0.609197310841651
"11870",2013-07-01,0.286162779198752,0.511334289019699
"11871",2013-07-02,1.71648000505235,0.562712375476224
"11872",2013-07-03,0.102064999476386,0.481975382473114
"11873",2013-07-04,0.00331111114503194,0.42815072047104
"11874",2013-07-05,0,0.389005511742259
"11875",2013-07-06,0,0.364539756286771
"11876",2013-07-07,0,0.342520576376832
"11877",2013-07-08,0.0215222220032786,0.327841123103539
"11878",2013-07-09,0.0600966670348618,0.667915123934823
"11879",2013-07-10,6.09691443031363,0.614090461932749
"11880",2013-07-11,6.98611336917349,0.782904174575616
"11881",2013-07-12,1.87615833806992,0.555372648839578
"11882",2013-07-13,0.357434444010257,0.411024691652198
"11883",2013-07-14,1.19986389717791,0.437937022653235
"11884",2013-07-15,1.74570055690191,0.626323339660493
"11885",2013-07-16,0,0.398791813924455
"11886",2013-07-17,0,0.327841123103539
"11887",2013-07-18,0,0.298482216556954
"11888",2013-07-19,0.0105127778357516,0.276463036647014
"11889",2013-07-20,0,0.283802763283661
"11890",2013-07-21,0.960305001894633,0.256890432282624
"11891",2013-07-22,0,0.256890432282624
"11892",2013-07-23,5.07725778283014,0.905232951853056
"11893",2013-07-24,4.08491778188282,0.660575397298176
"11894",2013-07-25,0,0.359646605195674
"11895",2013-07-26,2.96832836617364,0.457509627017626
"11896",2013-07-27,0.767598339411948,0.374326058468966
"11897",2013-07-28,0,0.362093180741222
"11898",2013-07-29,0.0178799999858149,0.296035641011405
"11899",2013-07-30,0.0740861103648526,0.271569885555917
"11900",2013-07-31,0,0.24465755455488
"11901",2013-08-01,0,0.236583855254569
"11902",2013-08-02,4.21529277398851,0.389005511742259
"11903",2013-08-03,0.114481665896355,0.362093180741222
"11904",2013-08-04,0.408011666967636,0.278909612192563
"11905",2013-08-05,0.035594443910962,0.242944951672996
"11906",2013-08-06,0,0.218968511326618
"11907",2013-08-07,0,0.208937551589868
"11908",2013-08-08,0.453870553937223,0.210160839362642
"11909",2013-08-09,1.44091279104021,0.491761684655309
"11910",2013-08-10,8.58405550818972,0.643449368479335
"11911",2013-08-11,0,0.36698633183232
"11912",2013-08-12,0,0.269123310010368
"11913",2013-08-13,0,0.240743033682002
"11914",2013-08-14,0.498322221630149,0.228020840845148
"11915",2013-08-15,0,0.208937551589868
"11916",2013-08-16,0,0.195481386089349
"11917",2013-08-17,0,0.187163029234483
"11918",2013-08-18,0,0.182269878143386
"11919",2013-08-19,0,0.182759193252495
"11920",2013-08-20,0,0.177866042161398
"11921",2013-08-21,0,0.170037000415642
"11922",2013-08-22,0,0.188875632116367
"11923",2013-08-23,0.724388333254389,0.208448236480758
"11924",2013-08-24,0,0.174930151506739
"11925",2013-08-25,0,0.16343124644266
"11926",2013-08-26,0,0.165143849324544
"11927",2013-08-27,5.96455279514525,0.462402778108723
"11928",2013-08-28,0.010264444292109,0.322947972012442
"11929",2013-08-29,2.3007255464697,0.330287698649088
"11930",2013-08-30,0,0.21407536023552
"11931",2013-08-31,0.0541366656416406,0.181291247925166
"11932",2013-09-01,1.27949610661136,0.219457826435727
"11933",2013-09-02,0.360331667848345,0.249550705645978
"11934",2013-09-03,2.77123443384634,0.46974250474537
"11935",2013-09-04,0.0691194450889402,0.300928792102502
"11936",2013-09-05,0,0.210650154471752
"11937",2013-09-06,0,0.177621384606843
"11938",2013-09-07,0.000413888895056315,0.16343124644266
"11939",2013-09-08,0.0258266668603238,0.157314807578788
"11940",2013-09-09,0,0.149975080942141
"11941",2013-09-10,0.0408922227267177,0.145815902514709
"11942",2013-09-11,0.203136666350894,0.149730423387587
"11943",2013-09-12,0,0.239519745909228
"11944",2013-09-13,4.56834000094731,0.354753454104576
"11945",2013-09-14,0.0817844444666471,0.215543305562849
"11946",2013-09-15,0,0.169792342861087
"11947",2013-09-16,0.0830261106584223,0.157070150024233
"11948",2013-09-17,0.133272222450417,0.145571244960154
"11949",2013-09-18,0,0.139454806096282
"11950",2013-09-19,0,0.137497545659843
"11951",2013-09-20,0,0.133827682341519
"11952",2013-09-21,0,0.132115079459635
"11953",2013-09-22,7.68086724874708,0.557819224385127
"11954",2013-09-23,0.0496666672371535,0.320501396466893
"11955",2013-09-24,0,0.200863852289556
"11956",2013-09-25,0,0.169058370197422
"11957",2013-09-26,0,0.154134259369574
"11958",2013-09-27,0,0.147528505396593
"11959",2013-09-28,0.000413888895056315,0.144103299632824
"11960",2013-09-29,0.0001655555518551,0.138476175878062
"11961",2013-09-30,0,0.135540285223404
"11962",2013-10-01,0,0.133093709677855
"11963",2013-10-02,0,0.131625764350525
"11964",2013-10-03,0,0.129423846359532
"11965",2013-10-04,0,0.127955901032202
"11966",2013-10-05,0.172591667049047,0.125998640595763
"11967",2013-10-06,3.14820446560118,0.179333987488727
"11968",2013-10-07,2.72694832993878,0.327841123103539
"11969",2013-10-08,3.05102332480748,0.354753454104576
"11970",2013-10-09,0,0.235605225036349
"11971",2013-10-10,0,0.185205768798044
"11972",2013-10-11,0,0.167345767315538
"11973",2013-10-12,0,0.158538095351562
"11974",2013-10-13,0,0.146305217623818
"11975",2013-10-14,0,0.141412066532721
"11976",2013-10-15,0,0.14288001186005
"11977",2013-10-16,0,0.140678093869056
"11978",2013-10-17,0,0.139454806096282
"11979",2013-10-18,0.484167219834196,0.138231518323507
"11980",2013-10-19,0,0.133827682341519
"11981",2013-10-20,0.202226111324504,0.134072339896074
"11982",2013-10-21,0,0.133827682341519
"11983",2013-10-22,0,0.134806312559739
"11984",2013-10-23,0,0.132604394568745
"11985",2013-10-24,0,0.137008230550733
"11986",2013-10-25,0,0.134806312559739
"11987",2013-10-26,0,0.134561655005184
"11988",2013-10-27,0.0182111111974551,0.136763572996178
"11989",2013-10-28,0,0.137008230550733
"11990",2013-10-29,0,0.13235973701419
"11991",2013-10-30,0,0.137986860768952
"11992",2013-10-31,0,0.136763572996178
"11993",2013-11-01,0.907906672153208,0.149975080942141
"11994",2013-11-02,0.866435004578695,0.173217548624855
"11995",2013-11-03,0,0.167590424870093
"11996",2013-11-04,0,0.151687683824026
"11997",2013-11-05,0,0.145571244960154
"11998",2013-11-06,0,0.141412066532721
"11999",2013-11-07,0.0117544444438277,0.151687683824026
"12000",2013-11-08,1.67616722032759,0.176153439279514
"12001",2013-11-09,0.0182938890967311,0.164654534215434
"12002",2013-11-10,0.0001655555518551,0.152176998933135
"12003",2013-11-11,0.0691194442871751,0.145571244960154
"12004",2013-11-12,0.644921664416789,0.147773162951148
"12005",2013-11-13,0.0287238890794623,0.139944121205391
"12006",2013-11-14,0,0.141167408978166
"12007",2013-11-15,0,0.138965490987172
"12008",2013-11-16,0,0.138231518323507
"12009",2013-11-17,8.27777759275504e-05,0.140922751423611
"12010",2013-11-18,2.69060889646742,0.261783583373722
"12011",2013-11-19,0.0367533328047849,0.202087140062331
"12012",2013-11-20,0,0.160740013342556
"12013",2013-11-21,0,0.146794532732928
"12014",2013-11-22,0.113571111209173,0.144837272296489
"12015",2013-11-23,0.470840001934103,0.149485765833032
"12016",2013-11-24,0.00256611113084687,0.147528505396593
"12017",2013-11-25,0,0.136518915441623
"12018",2013-11-26,0,0.137742203214397
"12019",2013-11-27,19.0248994873894,2.16032620671959
"12020",2013-11-28,5.36085444349712,2.06246318489764
"12021",2013-11-29,0,0.748652116937933
"12022",2013-11-30,0,0.411024691652198
"12023",2013-12-01,0.259260000002467,0.335180849740186
"12024",2013-12-02,0.0203633330940372,0.303375367648051
"12025",2013-12-03,0,0.278909612192563
"12026",2013-12-04,0,0.261783583373722
"12027",2013-12-05,0.272421666575389,0.251997281191526
"12028",2013-12-06,0.404121111051904,0.261783583373722
"12029",2013-12-07,4.37480557923846,0.484421958018663
"12030",2013-12-08,0,0.362093180741222
"12031",2013-12-09,0.587722226169375,0.318054820921344
"12032",2013-12-10,0.68962166372604,0.32539454755799
"12033",2013-12-11,1.38760387602117,0.298482216556954
"12034",2013-12-12,0,0.26423015891927
"12035",2013-12-13,0,0.24465755455488
"12036",2013-12-14,0.00604277784315249,0.239519745909228
"12037",2013-12-15,6.00867332638635,0.24465755455488
"12038",2013-12-16,0.0059600000055507,0.256890432282624
"12039",2013-12-17,0,0.227042210626929
"12040",2013-12-18,2.40370110021697,0.23364796459991
"12041",2013-12-19,0,0.238785773245563
"12042",2013-12-20,0,0.238541115691008
"12043",2013-12-21,0,0.318054820921344
"12044",2013-12-22,0.013575555437141,0.523567166747443
"12045",2013-12-23,0.392283889757261,0.885660347488666
"12046",2013-12-24,5.4747566991912,1.0128822758572
"12047",2013-12-25,0,0.606750735296102
"12048",2013-12-26,0,0.425704144925491
"12049",2013-12-27,0.0505772226798453,0.36698633183232
"12050",2013-12-28,0,0.330287698649088
"12051",2013-12-29,0,0.716846634845798
"12052",2013-12-30,9.05862055492402,1.25998640595763
"12053",2013-12-31,0,0.699720606026957
"12054",2014-01-01,0,0.462402778108723
"12055",2014-01-02,0.332352776593631,0.398791813924455
"12056",2014-01-03,3.63667611047956,0.337627425285734
"12057",2014-01-04,0.0183766668418215,0.357200029650125
"12058",2014-01-05,0,0.332734274194637
"12059",2014-01-06,3.43834056250254,1.12542475095245
"12060",2014-01-07,3.11434834138552,1.42635354305495
"12061",2014-01-08,0,0.807369930031104
"12062",2014-01-09,0,0.48931510910976
"12063",2014-01-10,0.48433277473847,0.430597296016589
"12064",2014-01-11,1.42973777998818,0.782904174575616
"12065",2014-01-12,4.56453219127655,1.47283847842038
"12066",2014-01-13,0,0.905232951853056
"12067",2014-01-14,0.112329444184796,0.802476778940006
"12068",2014-01-15,4.70889667171903,1.10829872213361
"12069",2014-01-16,0,0.787797325666714
"12070",2014-01-17,0.0120027776945175,0.618983613023847
"12071",2014-01-18,0,0.55047949774848
"12072",2014-01-19,0.264309444256955,0.523567166747443
"12073",2014-01-20,0,0.481975382473114
"12074",2014-01-21,0,0.450169900380979
"12075",2014-01-22,1.42179110905859,0.406131540561101
"12076",2014-01-23,0,0.391452087287808
"12077",2014-01-24,0,0.36698633183232
"12078",2014-01-25,0,0.359646605195674
"12079",2014-01-26,0.301724997434351,0.357200029650125
"12080",2014-01-27,0,0.34741372746793
"12081",2014-01-28,0.00910555538286767,0.335180849740186
"12082",2014-01-29,0.135507222770506,0.320501396466893
"12083",2014-01-30,0,0.293589065465856
"12084",2014-01-31,0,0.303375367648051
"12085",2014-02-01,0,0.300928792102502
"12086",2014-02-02,0,0.315608245375795
"12087",2014-02-03,0.0403127774472038,0.342520576376832
"12088",2014-02-04,3.12866889709897,0.330287698649088
"12089",2014-02-05,5.74726107321844,0.337627425285734
"12090",2014-02-06,4.58547502999835,0.36698633183232
"12091",2014-02-07,0,0.330287698649088
"12092",2014-02-08,0,0.3058219431936
"12093",2014-02-09,0,0.3058219431936
"12094",2014-02-10,0.713544443852371,0.300928792102502
"12095",2014-02-11,0,0.276463036647014
"12096",2014-02-12,0,0.271569885555917
"12097",2014-02-13,0.745910556660758,0.291142489920307
"12098",2014-02-14,10.5545804702971,0.411024691652198
"12099",2014-02-15,0,0.420810993834394
"12100",2014-02-16,1.18504666737715,0.357200029650125
"12101",2014-02-17,0.00306277781724929,0.322947972012442
"12102",2014-02-18,0,0.308268518739149
"12103",2014-02-19,2.23243387357394,0.32539454755799
"12104",2014-02-20,2.95185553897752,0.40857811610665
"12105",2014-02-21,0.93472665743033,0.521120591201894
"12106",2014-02-22,1.34290388115247,0.670361699480371
"12107",2014-02-23,0,0.69238087939031
"12108",2014-02-24,0.00455277772227096,0.658128821752627
"12109",2014-02-25,0,0.545586346657383
"12110",2014-02-26,0,0.462402778108723
"12111",2014-02-27,0,0.415917842743296
"12112",2014-02-28,0,0.381665785105613
"12113",2014-03-01,0,0.357200029650125
"12114",2014-03-02,0,0.362093180741222
"12115",2014-03-03,0,0.344967151922381
"12116",2014-03-04,0,0.310715094284698
"12117",2014-03-05,0,0.327841123103539
"12118",2014-03-06,0,0.303375367648051
"12119",2014-03-07,0,0.298482216556954
"12120",2014-03-08,0,0.318054820921344
"12121",2014-03-09,0,0.369432907377869
"12122",2014-03-10,0,0.391452087287808
"12123",2014-03-11,0,0.481975382473114
"12124",2014-03-12,0,0.812263081122202
"12125",2014-03-13,2.45576833791203,1.20371516841001
"12126",2014-03-14,0,0.724186361482445
"12127",2014-03-15,0.176896110842211,0.645895944024883
"12128",2014-03-16,0,0.765778145756775
"12129",2014-03-17,0,0.616537037478298
"12130",2014-03-18,0,0.523567166747443
"12131",2014-03-19,0,0.506441137928602
"12132",2014-03-20,6.91633168813919,1.59761383124337
"12133",2014-03-21,0,1.33093709677855
"12134",2014-03-22,0,0.893000074125312
"12135",2014-03-23,0,0.755991843574579
"12136",2014-03-24,0,0.658128821752627
"12137",2014-03-25,0,0.596964433113907
"12138",2014-03-26,0,0.57005210211287
"12139",2014-03-27,0,0.518674015656346
"12140",2014-03-28,0,0.511334289019699
"12141",2014-03-29,0.914694440497293,0.704613757118055
"12142",2014-03-30,19.0292040303548,3.93898662833357
"12143",2014-03-31,3.80305943907632,3.49860303013478
"12144",2014-04-01,2.99506553921435,2.54443856737075
"12145",2014-04-02,0,1.80312617706947
"12146",2014-04-03,0,1.35540285223404
"12147",2014-04-04,0.00521500008387699,1.12053159986135
"12148",2014-04-05,1.79189056566027,1.14255077977129
"12149",2014-04-06,0,0.968843916037325
"12150",2014-04-07,0,0.846515138759885
"12151",2014-04-08,5.60115835385852,1.51443026269471
"12152",2014-04-09,0.633332775231866,1.47283847842038
"12153",2014-04-10,0,0.993309671492813
"12154",2014-04-11,0.0334422222302398,0.824495958849946
"12155",2014-04-12,0.569593893349171,0.77556444793897
"12156",2014-04-13,0,0.724186361482445
"12157",2014-04-14,0,0.682594577208115
"12158",2014-04-15,1.39563333451748,1.95236728534794
"12159",2014-04-16,13.3293743989733,2.74016461101466
"12160",2014-04-17,0.00298000002590317,1.71504945742971
"12161",2014-04-18,0,1.20371516841001
"12162",2014-04-19,0,1.01532885140275
"12163",2014-04-20,0,0.890553498579763
"12164",2014-04-21,0,0.809816505576653
"12165",2014-04-22,0,0.763331570211226
"12166",2014-04-23,0.342617222103808,0.741312390301286
"12167",2014-04-24,1.0102200016578,0.694827454935859
"12168",2014-04-25,0,0.633663066297139
"12169",2014-04-26,3.06493002557755,0.851408289850982
"12170",2014-04-27,4.2819288945728,1.20860831950111
"12171",2014-04-28,0.0186250000925114,0.907679527398605
"12172",2014-04-29,0,0.71440005930025
"12173",2014-04-30,2.23185444744428,1.14255077977129
"12174",2014-05-01,23.1749633952247,5.28460317838541
"12175",2014-05-02,0.394353334201707,3.81665785105613
"12176",2014-05-03,0,1.89120289670922
"12177",2014-05-04,0.373244999536211,1.37742203214397
"12178",2014-05-05,0.0649805550282408,1.09851241995141
"12179",2014-05-06,0,0.951717887218483
"12180",2014-05-07,0,0.851408289850982
"12181",2014-05-08,0,0.802476778940006
"12182",2014-05-09,2.87180944697062,0.944378160581837
"12183",2014-05-10,0.897973338918553,1.45815902514708
"12184",2014-05-11,5.73078830917676,1.80067960152392
"12185",2014-05-12,0.0211083331236409,1.06426036231373
"12186",2014-05-13,0,0.814709656667751
"12187",2014-05-14,0,0.707060332663603
"12188",2014-05-15,0.124001110991463,0.670361699480371
"12189",2014-05-16,1.45109444404973,0.729079512573542
"12190",2014-05-17,12.6388421919081,2.93589065465856
"12191",2014-05-18,0,2.07469606262538
"12192",2014-05-19,0,1.12542475095245
"12193",2014-05-20,0.00571166675486085,0.863641167578726
"12194",2014-05-21,0,0.746205541392384
"12195",2014-05-22,0.629690557469924,0.790243901212262
"12196",2014-05-23,2.86328333806992,0.885660347488666
"12197",2014-05-24,3.55365002526176,1.0275617291305
"12198",2014-05-25,0.0568683326018767,0.797583627848909
"12199",2014-05-26,0.0427961111875871,0.648342519570432
"12200",2014-05-27,0,0.587178130931712
"12201",2014-05-28,1.60398500033551,0.596964433113907
"12202",2014-05-29,0.281858332691921,0.545586346657383
"12203",2014-05-30,0,0.491761684655309
"12204",2014-05-31,0.259177220885124,0.467295929199821
"12205",2014-06-01,0.0142377777524913,0.437937022653235
"12206",2014-06-02,0,0.413471267197747
"12207",2014-06-03,0,0.396345238378906
"12208",2014-06-04,0.0574477777117863,0.381665785105613
"12209",2014-06-05,0.856087784330051,0.513780864565248
"12210",2014-06-06,2.74921554276678,0.486868533564211
"12211",2014-06-07,0,0.38655893619671
"12212",2014-06-08,0,0.354753454104576
"12213",2014-06-09,0.175571665378908,0.418364418288845
"12214",2014-06-10,2.06141499384244,0.40857811610665
"12215",2014-06-11,0.120193332620379,0.359646605195674
"12216",2014-06-12,0.203053888312851,0.340074000831283
"12217",2014-06-13,1.39472278969818,0.48931510910976
"12218",2014-06-14,5.39595221148596,0.680148001662567
"12219",2014-06-15,0,0.435490447107686
"12220",2014-06-16,0,0.349860303013478
"12221",2014-06-17,0,0.318054820921344
"12222",2014-06-18,0.0133272222789625,0.300928792102502
"12223",2014-06-19,0.93605111343993,0.322947972012442
"12224",2014-06-20,0.753277771857049,0.300928792102502
"12225",2014-06-21,0.00504944431616202,0.274016461101466
"12226",2014-06-22,0,0.261783583373722
"12227",2014-06-23,0,0.251997281191526
"12228",2014-06-24,0,0.24416823944577
"12229",2014-06-25,0,0.236094540145459
"12230",2014-06-26,0.600470000177623,0.236583855254569
"12231",2014-06-27,0,0.228999471063368
"12232",2014-06-28,0,0.217989881108398
"12233",2014-06-29,0,0.210650154471752
"12234",2014-06-30,0,0.206246318489764
"12235",2014-07-01,0,0.202821112725996
"12236",2014-07-02,0,0.201842482507776
"12237",2014-07-03,3.69064721748565,0.364539756286771
"12238",2014-07-04,7.74344722853767,0.839175412123239
"12239",2014-07-05,2.64408778630363,0.499101411291955
"12240",2014-07-06,0,0.298482216556954
"12241",2014-07-07,0,0.251997281191526
"12242",2014-07-08,1.53941832172871,0.276463036647014
"12243",2014-07-09,0.00860888886606942,0.235605225036349
"12244",2014-07-10,0.27714000043542,0.217989881108398
"12245",2014-07-11,0,0.205512345826099
"12246",2014-07-12,0,0.193768783207465
"12247",2014-07-13,0,0.188875632116367
"12248",2014-07-14,0.334008333777388,0.271569885555917
"12249",2014-07-15,7.28055389457279,0.565158951021773
"12250",2014-07-16,3.05375502636698,0.433043871562138
"12251",2014-07-17,0.0900622216893567,0.296035641011405
"12252",2014-07-18,0.00306277789434212,0.237073170363679
"12253",2014-07-19,0,0.209916181808087
"12254",2014-07-20,0,0.199885222071337
"12255",2014-07-21,0,0.191322207661916
"12256",2014-07-22,0,0.185205768798044
"12257",2014-07-23,0,0.188630974561812
"12258",2014-07-24,1.98095499952634,0.223127689754051
"12259",2014-07-25,0.0014899999666959,0.193279468098355
"12260",2014-07-26,0,0.175419466615849
"12261",2014-07-27,0,0.170281657970196
"12262",2014-07-28,2.13012054209577,0.206980291153429
"12263",2014-07-29,0.21679500013445,0.191077550107361
"12264",2014-07-30,0,0.172238918406636
"12265",2014-07-31,0,0.162697273778995
"12266",2014-08-01,0,0.157804122687898
"12267",2014-08-02,0.868338880797227,0.172728233515745
"12268",2014-08-03,0.870905000315773,0.174685493952184
"12269",2014-08-04,0.0913866665050801,0.165388506879099
"12270",2014-08-05,0.0142377779375141,0.161473986006221
"12271",2014-08-06,0.934478336668676,0.165143849324544
"12272",2014-08-07,0.228715002674195,0.161229328451666
"12273",2014-08-08,0.10703166569283,0.150709053605806
"12274",2014-08-09,0,0.143613984523715
"12275",2014-08-10,0,0.14190138164183
"12276",2014-08-11,0,0.139699463650836
"12277",2014-08-12,0,0.137252888105288
"12278",2014-08-13,6.45426610353258,0.418364418288845
"12279",2014-08-14,6.30311394257016,0.462402778108723
"12280",2014-08-15,0.0696161110352519,0.247104130100429
"12281",2014-08-16,0,0.187407686789038
"12282",2014-08-17,0,0.170037000415642
"12283",2014-08-18,0,0.160495355788001
"12284",2014-08-19,0,0.15388960181502
"12285",2014-08-20,0,0.149485765833032
"12286",2014-08-21,0.0115061110543708,0.144837272296489
"12287",2014-08-22,0.722815558456712,0.150709053605806
"12288",2014-08-23,0,0.147283847842038
"12289",2014-08-24,0,0.143858642078269
"12290",2014-08-25,0,0.142635354305495
"12291",2014-08-26,0,0.138476175878062
"12292",2014-08-27,0,0.135295627668849
"12293",2014-08-28,0.187326111780893,0.1328490521233
"12294",2014-08-29,0,0.129179188804977
"12295",2014-08-30,0,0.125264667932099
"12296",2014-08-31,0,0.247104130100429
"12297",2014-09-01,6.58861443307665,0.36698633183232
"12298",2014-09-02,0,0.21505399045374
"12299",2014-09-03,0,0.165633164433654
"12300",2014-09-04,0,0.145081929851044
"12301",2014-09-05,0,0.138965490987172
"12302",2014-09-06,0,0.134561655005184
"12303",2014-09-07,0.489382221274906,0.130157819023196
"12304",2014-09-08,0,0.125753983041208
"12305",2014-09-09,0,0.12330740749566
"12306",2014-09-10,0,0.12232877727744
"12307",2014-09-11,0,0.123062749941105
"12308",2014-09-12,0,0.12232877727744
"12309",2014-09-13,0,0.129179188804977
"12310",2014-09-14,1.93253001215723,0.142146039196385
"12311",2014-09-15,0,0.13235973701419
"12312",2014-09-16,0,0.127711243477647
"12313",2014-09-17,0.499646666785081,0.128934531250422
"12314",2014-09-18,0,0.127466585923092
"12315",2014-09-19,0,0.124041380159324
"12316",2014-09-20,0,0.121594804613775
"12317",2014-09-21,5.38444611332152,0.242944951672996
"12318",2014-09-22,0.298993334667964,0.221170429317612
"12319",2014-09-23,0,0.158048780242452
"12320",2014-09-24,0,0.140188778759946
"12321",2014-09-25,0,0.135540285223404
"12322",2014-09-26,0.488140554312203,0.133827682341519
"12323",2014-09-27,0,0.131381106795971
"12324",2014-09-28,0,0.128689873695867
"12325",2014-09-29,0,0.127955901032202
"12326",2014-09-30,0,0.128200558586757
"12327",2014-10-01,2.80575278409322,0.213830702680965
"12328",2014-10-02,4.68944389078352,0.261783583373722
"12329",2014-10-03,0.101319999847664,0.193768783207465
"12330",2014-10-04,0.0778938883967285,0.271569885555917
"12331",2014-10-05,8.53563053660923,0.533353468929639
"12332",2014-10-06,0,0.28624933882921
"12333",2014-10-07,0.00744999998766515,0.197193988971233
"12334",2014-10-08,0.852114442944526,0.177132069497733
"12335",2014-10-09,0,0.165388506879099
"12336",2014-10-10,0,0.158538095351562
"12337",2014-10-11,0.283679443793164,0.174196178843075
"12338",2014-10-12,2.07424556281831,0.181046590370611
"12339",2014-10-13,0,0.159027410460672
"12340",2014-10-14,0.0744172214993999,0.155112889587794
"12341",2014-10-15,0.00794666662781189,0.158782752906117
"12342",2014-10-16,5.78028944018151,0.765778145756775
"12343",2014-10-17,7.2409033472273,0.787797325666714
"12344",2014-10-18,0.07772833363122,0.38655893619671
"12345",2014-10-19,0.382929998440876,0.261783583373722
"12346",2014-10-20,0,0.204778373162435
"12347",2014-10-21,0,0.192300837880136
"12348",2014-10-22,0.278464443339242,0.214809332899185
"12349",2014-10-23,5.86720611868963,0.528460317838541
"12350",2014-10-24,0.502709443615541,0.354753454104576
"12351",2014-10-25,0.626627784586614,0.269123310010368
"12352",2014-10-26,0.192210001377803,0.22459563508138
"12353",2014-10-27,0.0176316665655209,0.208203578926203
"12354",2014-10-28,0,0.193279468098355
"12355",2014-10-29,0,0.189120289670922
"12356",2014-10-30,0.419931664850978,0.186184399016264
"12357",2014-10-31,0,0.180557275261502
"12358",2014-11-01,0.391704443891844,0.199885222071337
"12359",2014-11-02,2.83199332054456,0.259337007828173
"12360",2014-11-03,0.0381605556431331,0.209182209144422
"12361",2014-11-04,0,0.195970701198459
"12362",2014-11-05,0,0.18447179613438
"12363",2014-11-06,0.00860888892774365,0.193768783207465
"12364",2014-11-07,2.08840055523978,0.238296458136453
"12365",2014-11-08,0,0.210160839362642
"12366",2014-11-09,0.000744999983347954,0.189120289670922
"12367",2014-11-10,0,0.181780563034276
"12368",2014-11-11,0,0.180067960152392
"12369",2014-11-12,0,0.177132069497733
"12370",2014-11-13,0,0.175174809061294
"12371",2014-11-14,1.46028278440899,0.188141659452703
"12372",2014-11-15,0.0423822215678586,0.189120289670922
"12373",2014-11-16,0,0.179089329934172
"12374",2014-11-17,3.60364777114657,0.633663066297139
"12375",2014-11-18,7.67507279798719,0.902786376307507
"12376",2014-11-19,0,0.494208260200858
"12377",2014-11-20,0,0.315608245375795
"12378",2014-11-21,0,0.266676734464819
"12379",2014-11-22,0,0.236339197700014
"12380",2014-11-23,0,0.225574265299599
"12381",2014-11-24,6.57917775567372,0.89789322521641
"12382",2014-11-25,2.0388166544305,0.875874045306471
"12383",2014-11-26,0.063656111168468,0.648342519570432
"12384",2014-11-27,10.9995110732184,1.14010420422574
"12385",2014-11-28,0.0374155557214594,0.765778145756775
"12386",2014-11-29,0,0.499101411291955
"12387",2014-11-30,0,0.413471267197747
"12388",2014-12-01,0,0.430597296016589
"12389",2014-12-02,0.0236744446862075,0.40857811610665
"12390",2014-12-03,0.872312219222387,0.384112360651162
"12391",2014-12-04,0.337484999348721,0.369432907377869
"12392",2014-12-05,0,0.340074000831283
"12393",2014-12-06,3.65770166571936,0.699720606026957
"12394",2014-12-07,6.80118775314755,1.51687683824026
"12395",2014-12-08,0,0.910126102944154
"12396",2014-12-09,0.418110554983218,2.07714263817093
"12397",2014-12-10,17.1896331943936,3.30287698649088
"12398",2014-12-11,1.35490667412679,1.93768783207465
"12399",2014-12-12,0.131616667024377,1.08138639113257
"12400",2014-12-13,0,0.773117872393421
"12401",2014-12-14,0,0.638556217388237
"12402",2014-12-15,0,0.560265799930675
"12403",2014-12-16,0,0.511334289019699
"12404",2014-12-17,2.86228999778959,0.689934303844762
"12405",2014-12-18,0.0115888890615768,0.609197310841651
"12406",2014-12-19,0,0.503994562383053
"12407",2014-12-20,0,0.44772332483543
"12408",2014-12-21,0.267123890211185,0.423257569379942
"12409",2014-12-22,0.179627777339891,0.411024691652198
"12410",2014-12-23,0.574229444483916,0.413471267197747
"12411",2014-12-24,0.787216663903659,0.574945253203968
"12412",2014-12-25,5.29885385036467,1.02511515358495
"12413",2014-12-26,0.0003311111037102,0.743758965846835
"12414",2014-12-27,0,0.540693195566285
"12415",2014-12-28,0.469349998914532,0.501547986837504
"12416",2014-12-29,0.185836110919921,0.481975382473114
"12417",2014-12-30,0,0.433043871562138
"12418",2014-12-31,0,0.398791813924455
"12419",2015-01-01,0,0.374326058468966
"12420",2015-01-02,0,0.362093180741222
"12421",2015-01-03,0,0.364539756286771
"12422",2015-01-04,4.55360559029048,0.538246620020736
"12423",2015-01-05,1.02205722837978,0.71440005930025
"12424",2015-01-06,0,0.533353468929639
"12425",2015-01-07,0,0.415917842743296
"12426",2015-01-08,0,0.337627425285734
"12427",2015-01-09,0.0603450002238776,0.34741372746793
"12428",2015-01-10,0.561398885375922,0.332734274194637
"12429",2015-01-11,0,0.318054820921344
"12430",2015-01-12,0.0818672216104136,0.467295929199821
"12431",2015-01-13,3.56416276735729,0.589624706477261
"12432",2015-01-14,0,0.393898662833357
"12433",2015-01-15,0,0.352306878559027
"12434",2015-01-16,0,0.327841123103539
"12435",2015-01-17,0,0.300928792102502
"12436",2015-01-18,0,0.985969944856167
"12437",2015-01-19,10.9580394204457,2.25818922854154
"12438",2015-01-20,0,1.14989050640794
"12439",2015-01-21,0,0.587178130931712
"12440",2015-01-22,0,0.467295929199821
"12441",2015-01-23,0,0.406131540561101
"12442",2015-01-24,3.50837056281831,0.430597296016589
"12443",2015-01-25,1.32254055934482,0.445276749289882
"12444",2015-01-26,0,0.393898662833357
"12445",2015-01-27,3.64089777509373,0.36698633183232
"12446",2015-01-28,0.619426111466354,0.393898662833357
"12447",2015-01-29,0,0.352306878559027
"12448",2015-01-30,0.284093333274126,0.357200029650125
"12449",2015-01-31,0.0575305551022497,0.330287698649088
"12450",2015-02-01,0,0.322947972012442
"12451",2015-02-02,3.67632666571936,0.330287698649088
"12452",2015-02-03,4.69656278472476,0.349860303013478
"12453",2015-02-04,0,0.337627425285734
"12454",2015-02-05,0.173667779338753,0.32539454755799
"12455",2015-02-06,0.207523889323076,0.296035641011405
"12456",2015-02-07,0,0.303375367648051
"12457",2015-02-08,0.309257779499724,0.296035641011405
"12458",2015-02-09,3.30407501263088,0.298482216556954
"12459",2015-02-10,2.49641223737929,0.310715094284698
"12460",2015-02-11,0,0.296035641011405
"12461",2015-02-12,0,0.28624933882921
"12462",2015-02-13,0.231694999338852,0.271569885555917
"12463",2015-02-14,0,0.259337007828173
"12464",2015-02-15,1.46615999905269,0.283802763283661
"12465",2015-02-16,0.283182779404128,0.259337007828173
"12466",2015-02-17,0,0.269123310010368
"12467",2015-02-18,0.136666111386795,0.256890432282624
"12468",2015-02-19,0,0.261783583373722
"12469",2015-02-20,0,0.24465755455488
"12470",2015-02-21,0,0.24416823944577
"12471",2015-02-22,4.3694249794748,0.269123310010368
"12472",2015-02-23,0,0.276463036647014
"12473",2015-02-24,0,0.244412897000325
"12474",2015-02-25,0,0.256890432282624
"12475",2015-02-26,0.0980088883017499,0.247104130100429
"12476",2015-02-27,0.0709405551879772,0.239764403463782
"12477",2015-02-28,0,0.231446046608917
"12478",2015-03-01,0,0.237807143027343
"12479",2015-03-02,3.69859386078517,0.256890432282624
"12480",2015-03-03,0,0.251997281191526
"12481",2015-03-04,5.18288222916922,0.376772634014515
"12482",2015-03-05,0.805758889165189,0.477082231382016
"12483",2015-03-06,0.132196110715779,0.371879482923418
"12484",2015-03-07,0,0.335180849740186
"12485",2015-03-08,0,0.322947972012442
"12486",2015-03-09,0,0.354753454104576
"12487",2015-03-10,0,0.433043871562138
"12488",2015-03-11,1.35449277280437,0.753545268029031
"12489",2015-03-12,0,1.03490145576714
"12490",2015-03-13,0,0.77556444793897
"12491",2015-03-14,0.303463334413865,1.01043570031165
"12492",2015-03-15,4.9237877436744,1.47773162951148
"12493",2015-03-16,0,1.18903571513672
"12494",2015-03-17,0.390793891178238,1.23062749941105
"12495",2015-03-18,0.0571994444302595,1.31381106795971
"12496",2015-03-19,0,0.956611038309581
"12497",2015-03-20,0,0.778011023484519
"12498",2015-03-21,1.76929223216904,0.738865814755738
"12499",2015-03-22,0.316873334576687,0.743758965846835
"12500",2015-03-23,0,0.638556217388237
"12501",2015-03-24,0,0.577391828749517
"12502",2015-03-25,0,0.577391828749517
"12503",2015-03-26,0.920406107637617,0.905232951853056
"12504",2015-03-27,3.21277111805808,1.80557275261501
"12505",2015-03-28,0.380612224353684,1.64165219106325
"12506",2015-03-29,1.2122805539767,1.23796722604769
"12507",2015-03-30,0,1.04713433349489
"12508",2015-03-31,0.0869994442575715,1.00064939812946
"12509",2015-04-01,0.489961662206385,1.03490145576714
"12510",2015-04-02,0,0.963950764946227
"12511",2015-04-03,0.0776455553002242,1.08627954222367
"12512",2015-04-04,3.14075444507598,1.49975080942141
"12513",2015-04-05,0,1.30647134132306
"12514",2015-04-06,0.402051666607458,1.00554254922056
"12515",2015-04-07,0,0.915019254035251
"12516",2015-04-08,1.6855211101638,0.915019254035251
"12517",2015-04-09,1.60961388336288,0.966397340491776
"12518",2015-04-10,1.95893612176842,1.17190968631788
"12519",2015-04-11,0.904181666824554,1.14744393086239
"12520",2015-04-12,0,0.866087743124275
"12521",2015-04-13,0,0.751098692483482
"12522",2015-04-14,0.0172177774700233,0.694827454935859
"12523",2015-04-15,0.165638333007693,0.658128821752627
"12524",2015-04-16,0,0.609197310841651
"12525",2015-04-17,0.599476664831241,0.6116438863872
"12526",2015-04-18,0.0583583331390596,0.604304159750554
"12527",2015-04-19,0,0.555372648839578
"12528",2015-04-20,1.74487276660734,1.00554254922056
"12529",2015-04-21,15.326636642668,3.18054820921344
"12530",2015-04-22,0.274077217792161,2.09426866698977
"12531",2015-04-23,0.659987222380108,1.26487955704873
"12532",2015-04-24,0.0322005556530008,0.990863095947264
"12533",2015-04-25,0,0.844068563214336
"12534",2015-04-26,0,0.763331570211226
"12535",2015-04-27,0,0.704613757118055
"12536",2015-04-28,0.0190388887100336,0.655682246207078
"12537",2015-04-29,0,0.614090461932749
"12538",2015-04-30,0,0.577391828749517
"12539",2015-05-01,0,0.55047949774848
"12540",2015-05-02,0,0.528460317838541
"12541",2015-05-03,0,0.506441137928602
"12542",2015-05-04,0,0.48931510910976
"12543",2015-05-05,0,0.467295929199821
"12544",2015-05-06,0.00107611108705815,0.452616475926528
"12545",2015-05-07,0,0.442830173744333
"12546",2015-05-08,0,0.413471267197747
"12547",2015-05-09,0,0.401238389470003
"12548",2015-05-10,0,0.396345238378906
"12549",2015-05-11,0,0.38655893619671
"12550",2015-05-12,0.155456666106048,0.376772634014515
"12551",2015-05-13,0,0.354753454104576
"12552",2015-05-14,0,0.335180849740186
"12553",2015-05-15,0,0.327841123103539
"12554",2015-05-16,0.756340558555392,0.337627425285734
"12555",2015-05-17,0.41148833241562,0.344967151922381
"12556",2015-05-18,0,0.32539454755799
"12557",2015-05-19,0.244856664801637,0.332734274194637
"12558",2015-05-20,4.11662168592877,0.472189080290918
"12559",2015-05-21,0,0.40857811610665
"12560",2015-05-22,0,0.332734274194637
"12561",2015-05-23,0,0.3058219431936
"12562",2015-05-24,0,0.291142489920307
"12563",2015-05-25,0,0.28624933882921
"12564",2015-05-26,0,0.278909612192563
"12565",2015-05-27,0,0.271569885555917
"12566",2015-05-28,0.312734445672379,0.269123310010368
"12567",2015-05-29,0.0004966666555653,0.266676734464819
"12568",2015-05-30,0,0.256890432282624
"12569",2015-05-31,0.834648334983737,0.362093180741222
"12570",2015-06-01,18.5330336312188,1.49241108278477
"12571",2015-06-02,11.0534822670619,2.06001660935209
"12572",2015-06-03,0.789948335859511,1.3333836723241
"12573",2015-06-04,0,0.67280827502592
"12574",2015-06-05,0,0.503994562383053
"12575",2015-06-06,0.0908899993561209,0.433043871562138
"12576",2015-06-07,0,0.391452087287808
"12577",2015-06-08,0,0.36698633183232
"12578",2015-06-09,0.16538999818431,0.484421958018663
"12579",2015-06-10,1.91680222544902,0.464849353654272
"12580",2015-06-11,0,0.364539756286771
"12581",2015-06-12,0,0.327841123103539
"12582",2015-06-13,0.00256611102291693,0.308268518739149
"12583",2015-06-14,0,0.291142489920307
"12584",2015-06-15,7.32765448612638,0.844068563214336
"12585",2015-06-16,3.46416722427475,0.787797325666714
"12586",2015-06-17,0.305781111538514,0.46974250474537
"12587",2015-06-18,0,0.369432907377869
"12588",2015-06-19,0.0136583332130685,0.332734274194637
"12589",2015-06-20,0,0.3058219431936
"12590",2015-06-21,6.26470502715641,0.807369930031104
"12591",2015-06-22,1.31567000244724,0.506441137928602
"12592",2015-06-23,0,0.42815072047104
"12593",2015-06-24,1.46342832117611,0.411024691652198
"12594",2015-06-25,0,0.322947972012442
"12595",2015-06-26,0,0.291142489920307
"12596",2015-06-27,0.00322833327659302,0.28624933882921
"12597",2015-06-28,8.50996943812901,0.79513705230336
"12598",2015-06-29,1.05665833412276,0.628769915206042
"12599",2015-06-30,0.00637388897769981,0.40857811610665
"12600",2015-07-01,2.72810723548465,0.57005210211287
"12601",2015-07-02,0.0077811109834454,0.481975382473114
"12602",2015-07-03,0,0.362093180741222
"12603",2015-07-04,0,0.320501396466893
"12604",2015-07-05,0.00322833341536009,0.3058219431936
"12605",2015-07-06,0,0.291142489920307
"12606",2015-07-07,0,0.288695914374758
"12607",2015-07-08,1.77814944002363,0.322947972012442
"12608",2015-07-09,0.15918166685539,0.3058219431936
"12609",2015-07-10,0.489961664179962,0.28624933882921
"12610",2015-07-11,0,0.269123310010368
"12611",2015-07-12,0,0.249550705645978
"12612",2015-07-13,0,0.238785773245563
"12613",2015-07-14,0.464631666303406,0.26423015891927
"12614",2015-07-15,2.73423276546266,0.320501396466893
"12615",2015-07-16,0.345431666161555,0.276463036647014
"12616",2015-07-17,0,0.234871252372685
"12617",2015-07-18,0,0.236828512809124
"12618",2015-07-19,0.274822219517806,0.220925771763057
"12619",2015-07-20,0,0.212852072462746
"12620",2015-07-21,0.0360083333302495,0.198661934298563
"12621",2015-07-22,0.371423888928359,0.186184399016264
"12622",2015-07-23,0,0.169792342861087
"12623",2015-07-24,0,0.161963301115331
"12624",2015-07-25,0,0.156825492469678
"12625",2015-07-26,0.158436666363229,0.155357547142349
"12626",2015-07-27,0.646080552200476,0.167835082424648
"12627",2015-07-28,0,0.158538095351562
"12628",2015-07-29,0,0.147283847842038
"12629",2015-07-30,0,0.147283847842038
"12630",2015-07-31,2.10644612516297,0.198661934298563
"12631",2015-08-01,0,0.165388506879099
"12632",2015-08-02,0.115474999762554,0.144347957187379
"12633",2015-08-03,0,0.135050970114294
"12634",2015-08-04,0.678115557173888,0.136274257887068
"12635",2015-08-05,0,0.128689873695867
"12636",2015-08-06,0,0.119392886622781
"12637",2015-08-07,0,0.113765762868019
"12638",2015-08-08,0,0.110340557104251
"12639",2015-08-09,0,0.104713433349489
"12640",2015-08-10,0,0.103979460685824
"12641",2015-08-11,0.728527219923006,0.420810993834394
"12642",2015-08-12,9.39983056502872,0.411024691652198
"12643",2015-08-13,0.0086916665494856,0.222149059535831
"12644",2015-08-14,0,0.161473986006221
"12645",2015-08-15,0,0.139699463650836
"12646",2015-08-16,0.314969443479242,0.125753983041208
"12647",2015-08-17,0,0.119148229068227
"12648",2015-08-18,0,0.113276447758909
"12649",2015-08-19,0,0.106670693785928
"12650",2015-08-20,0,0.10226685780394
"12651",2015-08-21,1.01146166417996,0.150953711160361
"12652",2015-08-22,2.57049833112293,0.182025220588831
"12653",2015-08-23,0,0.137252888105288
"12654",2015-08-24,0.127229444160126,0.121105489504666
"12655",2015-08-25,0,0.11229781754069
"12656",2015-08-26,0.140391110856396,0.104224118240379
"12657",2015-08-27,0,0.0983523369310618
"12658",2015-08-28,0,0.0929698707308544
"12659",2015-08-29,0,0.0907679527398605
"12660",2015-08-30,0,0.0885660347488666
"12661",2015-08-31,0.165224441491481,0.0880767196397568
"12662",2015-09-01,0,0.0851408289850982
"12663",2015-09-02,0,0.083672883657769
"12664",2015-09-03,0,0.0839175412123238
"12665",2015-09-04,0,0.0822049383304397
"12666",2015-09-05,0,0.0780457599030067
"12667",2015-09-06,0,0.0748652116937933
"12668",2015-09-07,0,0.0724186361482445
"12669",2015-09-08,0,0.0743758965846835
"12670",2015-09-09,0,0.0719293210391347
"12671",2015-09-10,0.228880554864804,0.0939485009490739
"12672",2015-09-11,7.12236554039848,0.251997281191526
"12673",2015-09-12,0.00513222224627517,0.154868232033239
"12674",2015-09-13,1.61275944183932,0.139210148541727
"12675",2015-09-14,1.37071721559101,0.140433436314501
"12676",2015-09-15,0,0.157804122687898
"12677",2015-09-16,0,0.106915351340483
"12678",2015-09-17,0,0.0932145282854093
"12679",2015-09-18,0,0.087587404530647
"12680",2015-09-19,0,0.085630144094208
"12681",2015-09-20,0,0.0831835685486592
"12682",2015-09-21,0,0.0770671296847872
"12683",2015-09-22,0,0.0741312390301287
"12684",2015-09-23,0,0.073397266366464
"12685",2015-09-24,0,0.0726632937027994
"12686",2015-09-25,0,0.071440005930025
"12687",2015-09-26,0,0.0694827454935859
"12688",2015-09-27,0,0.0694827454935859
"12689",2015-09-28,0,0.0711953483754701
"12690",2015-09-29,0.00372499993215833,0.0817156232213299
"12691",2015-09-30,11.3408866584566,0.934591858399642
"12692",2015-10-01,6.24748725790447,0.572498677658419
"12693",2015-10-02,1.09788167550829,0.28624933882921
"12694",2015-10-03,3.55000777493582,0.320501396466893
"12695",2015-10-04,0.402217222005128,0.237317827918234
"12696",2015-10-05,0,0.173217548624855
"12697",2015-10-06,0,0.147283847842038
"12698",2015-10-07,0,0.136518915441623
"12699",2015-10-08,0,0.127711243477647
"12700",2015-10-09,0,0.151932341378581
"12701",2015-10-10,2.71254499652651,0.239275088354673
"12702",2015-10-11,0,0.154868232033239
"12703",2015-10-12,0,0.129913161468641
"12704",2015-10-13,0.00198666662226121,0.123796722604769
"12705",2015-10-14,0.156532777378129,0.118658913959117
"12706",2015-10-15,0,0.115967680859013
"12707",2015-10-16,0,0.114255077977129
"12708",2015-10-17,0,0.107404666449592
"12709",2015-10-18,0,0.104468775794934
"12710",2015-10-19,0,0.104713433349489
"12711",2015-10-20,0,0.107649324004147
"12712",2015-10-21,0,0.109606584440586
"12713",2015-10-22,0,0.111074529767916
"12714",2015-10-23,0,0.110829872213361
"12715",2015-10-24,0,0.105692063567708
"12716",2015-10-25,0.174743888760606,0.107893981558702
"12717",2015-10-26,0.138321666658649,0.107160008895037
"12718",2015-10-27,0,0.107649324004147
"12719",2015-10-28,0,0.177621384606843
"12720",2015-10-29,17.5412735379537,1.29668503914086
"12721",2015-10-30,0.0615866669861392,0.804923354485555
"12722",2015-10-31,0,0.364539756286771
"12723",2015-11-01,0,0.352306878559027
"12724",2015-11-02,0.0343527780892328,0.226797553072374
"12725",2015-11-03,0,0.192790152989245
"12726",2015-11-04,0,0.179089329934172
"12727",2015-11-05,0,0.178110699715953
"12728",2015-11-06,0.134431111097543,0.174685493952184
"12729",2015-11-07,0,0.187163029234483
"12730",2015-11-08,0,0.193279468098355
"12731",2015-11-09,0,0.182269878143386
"12732",2015-11-10,0,0.174685493952184
"12733",2015-11-11,3.41060998800067,0.261783583373722
"12734",2015-11-12,1.94552611284786,0.293589065465856
"12735",2015-11-13,1.02594777627786,0.269123310010368
"12736",2015-11-14,0.0764038888617521,0.22459563508138
"12737",2015-11-15,0,0.185695083907154
"12738",2015-11-16,0,0.177132069497733
"12739",2015-11-17,0,0.164409876660879
"12740",2015-11-18,0,0.159272068015227
"12741",2015-11-19,0,0.195970701198459
"12742",2015-11-20,10.988832795461,1.12053159986135
"12743",2015-11-21,0.025578333255007,0.618983613023847
"12744",2015-11-22,0.333180554568769,0.364539756286771
"12745",2015-11-23,0,0.293589065465856
"12746",2015-11-24,0,0.24465755455488
"12747",2015-11-25,0,0.21505399045374
"12748",2015-11-26,0,0.20453371560788
"12749",2015-11-27,0,0.196949331416678
"12750",2015-11-28,0,0.197683304080343
"12751",2015-11-29,0.935885555081898,0.201108509844111
"12752",2015-11-30,0,0.191811522771026
"12753",2015-12-01,0,0.197438646525788
"12754",2015-12-02,3.09994499021106,0.313161669830246
"12755",2015-12-03,1.21625388352076,0.318054820921344
"12756",2015-12-04,0,0.266676734464819
"12757",2015-12-05,0,0.226308237963264
"12758",2015-12-06,0,0.207958921371648
"12759",2015-12-07,0,0.199640564516782
"12760",2015-12-08,0,0.192300837880136
"12761",2015-12-09,0,0.189609604780032
"12762",2015-12-10,0.285500554647711,0.185695083907154
"12763",2015-12-11,0,0.18398248102527
"12764",2015-12-12,0,0.179089329934172
"12765",2015-12-13,0,0.174440836397629
"12766",2015-12-14,0,0.187407686789038
"12767",2015-12-15,3.20821832291286,0.322947972012442
"12768",2015-12-16,0.00571166683195366,0.269123310010368
"12769",2015-12-17,0.569924999210568,0.310715094284698
"12770",2015-12-18,4.90557668150797,0.506441137928602
"12771",2015-12-19,0,0.349860303013478
"12772",2015-12-20,0,0.274016461101466
"12773",2015-12-21,0,0.242210979009331
"12774",2015-12-22,0.0330283330730681,0.256890432282624
"12775",2015-12-23,1.44703833680683,0.401238389470003
"12776",2015-12-24,10.0815883794361,1.48262478060257
"12777",2015-12-25,0.0109266667462264,0.780457599030067
"12778",2015-12-26,0,0.467295929199821
"12779",2015-12-27,1.36575055366092,0.433043871562138
"12780",2015-12-28,0,0.389005511742259
"12781",2015-12-29,4.23598723422157,0.423257569379942
"12782",2015-12-30,0.807580004953675,0.486868533564211
"12783",2015-12-31,1.59388611663712,0.565158951021773
"12784",2016-01-01,0,0.540693195566285
"12785",2016-01-02,0,0.44772332483543
"12786",2016-01-03,0,0.393898662833357
"12787",2016-01-04,0,0.364539756286771
"12788",2016-01-05,0,0.318054820921344
"12789",2016-01-06,0,0.298482216556954
"12790",2016-01-07,0,0.293589065465856
"12791",2016-01-08,0,0.288695914374758
"12792",2016-01-09,0,0.288695914374758
"12793",2016-01-10,3.67094608174431,1.20126859286446
"12794",2016-01-11,8.6825611553192,1.6343124644266
"12795",2016-01-12,0,0.861194592033178
"12796",2016-01-13,0.445427218788201,0.572498677658419
"12797",2016-01-14,0,0.462402778108723
"12798",2016-01-15,0,0.418364418288845
"12799",2016-01-16,1.9276461180581,0.477082231382016
"12800",2016-01-17,0.521251666410101,0.479528806927565
"12801",2016-01-18,0.0696988891812248,0.418364418288845
"12802",2016-01-19,0,0.376772634014515
"12803",2016-01-20,0,0.359646605195674
"12804",2016-01-21,0,0.34741372746793
"12805",2016-01-22,0,0.327841123103539
"12806",2016-01-23,0,0.330287698649088
"12807",2016-01-24,4.42836276419956,0.330287698649088
"12808",2016-01-25,0,0.337627425285734
"12809",2016-01-26,0,0.330287698649088
"12810",2016-01-27,0,0.354753454104576
"12811",2016-01-28,0,0.364539756286771
"12812",2016-01-29,0,0.34741372746793
"12813",2016-01-30,0.0461072224097118,0.332734274194637
"12814",2016-01-31,0,0.318054820921344
"12815",2016-02-01,0,0.330287698649088
"12816",2016-02-02,0,0.349860303013478
"12817",2016-02-03,0,0.650789095115981
"12818",2016-02-04,6.74059439076319,0.976183642673971
"12819",2016-02-05,2.01174834296439,0.621430188569395
"12820",2016-02-06,4.10975111521615,0.533353468929639
"12821",2016-02-07,0,0.477082231382016
"12822",2016-02-08,0,0.46974250474537
"12823",2016-02-09,2.44351721480158,0.452616475926528
"12824",2016-02-10,0.44840721940001,0.435490447107686
"12825",2016-02-11,0.164976111339923,0.413471267197747
"12826",2016-02-12,0,0.374326058468966
"12827",2016-02-13,0,0.369432907377869
"12828",2016-02-14,0,0.318054820921344
"12829",2016-02-15,0,0.327841123103539
"12830",2016-02-16,4.1542855527136,0.785350750121165
"12831",2016-02-17,4.35320055050319,1.45571244960154
"12832",2016-02-18,0,1.0226685780394
"12833",2016-02-19,0,0.667915123934823
"12834",2016-02-20,0,0.594517857568358
"12835",2016-02-21,0,0.648342519570432
"12836",2016-02-22,0,0.609197310841651
"12837",2016-02-23,0,0.548032922202931
"12838",2016-02-24,2.58192167329788,1.32604394568745
"12839",2016-02-25,15.5347400341034,3.71879482923418
"12840",2016-02-26,0,2.47104130100429
"12841",2016-02-27,0,1.32115079459635
"12842",2016-02-28,0,0.941931585036288
"12843",2016-02-29,0,0.785350750121165
"12844",2016-03-01,0.151317777217159,0.707060332663603
"12845",2016-03-02,3.01236611379516,0.826942534395494
"12846",2016-03-03,8.27777759275504e-05,0.778011023484519
"12847",2016-03-04,0.038491666546402,0.638556217388237
"12848",2016-03-05,0.150738333587431,0.582284979840614
"12849",2016-03-06,0,0.545586346657383
"12850",2016-03-07,0,0.521120591201894
"12851",2016-03-08,0,0.499101411291955
"12852",2016-03-09,0,0.481975382473114
"12853",2016-03-10,0,0.467295929199821
"12854",2016-03-11,0.3158799997237,0.457509627017626
"12855",2016-03-12,0,0.437937022653235
"12856",2016-03-13,0,0.420810993834394
"12857",2016-03-14,0.000248333327782651,0.411024691652198
"12858",2016-03-15,4.39020224306317,0.606750735296102
"12859",2016-03-16,0.0129961112369266,0.560265799930675
"12860",2016-03-17,1.38942499921057,0.523567166747443
"12861",2016-03-18,0.0908900000653746,0.467295929199821
"12862",2016-03-19,0,0.418364418288845
"12863",2016-03-20,0,0.393898662833357
"12864",2016-03-21,1.59827334059609,0.420810993834394
"12865",2016-03-22,0,0.420810993834394
"12866",2016-03-23,0,0.393898662833357
"12867",2016-03-24,0,0.376772634014515
"12868",2016-03-25,0.234840556874768,0.369432907377869
"12869",2016-03-26,0.382681669538219,0.36698633183232
"12870",2016-03-27,0,0.354753454104576
"12871",2016-03-28,1.8423849994474,0.560265799930675
"12872",2016-03-29,4.17762886773214,0.645895944024883
"12873",2016-03-30,0,0.459956202563174
"12874",2016-03-31,0,0.413471267197747
"12875",2016-04-01,0.321417833301756,0.423257569379942
"12876",2016-04-02,1.27826272768113,0.535800044475187
"12877",2016-04-03,7.6870093172921,1.127871326498
"12878",2016-04-04,0.28377049866981,0.853854865396531
"12879",2016-04-05,3.33323760599561,0.685041152753664
"12880",2016-04-06,0,0.626323339660493
"12881",2016-04-07,0.0325647773490184,0.697274030481408
"12882",2016-04-08,3.4689849009514,0.905232951853056
"12883",2016-04-09,0.0340382220503977,0.69238087939031
"12884",2016-04-10,0,0.567605526567322
"12885",2016-04-11,0.0407597778567902,0.521120591201894
"12886",2016-04-12,0.481576273716158,0.614090461932749
"12887",2016-04-13,2.68645345717006,0.616537037478298
"12888",2016-04-14,0,0.521120591201894
"12889",2016-04-15,0,0.477082231382016
"12890",2016-04-16,0,0.44772332483543
"12891",2016-04-17,0,0.42815072047104
"12892",2016-04-18,0,0.415917842743296
"12893",2016-04-19,0,0.403684965015552
"12894",2016-04-20,0,0.38655893619671
"12895",2016-04-21,0,0.376772634014515
"12896",2016-04-22,0,0.371879482923418
"12897",2016-04-23,2.35377782524957,0.425704144925491
"12898",2016-04-24,0,0.396345238378906
"12899",2016-04-25,0,0.364539756286771
"12900",2016-04-26,0.822869059052733,0.391452087287808
"12901",2016-04-27,1.01765344217088,0.393898662833357
"12902",2016-04-28,0.0031124444303827,0.359646605195674
"12903",2016-04-29,0.284614833467536,0.342520576376832
"12904",2016-04-30,0.55826988739554,0.340074000831283
"12905",2016-05-01,0,0.340074000831283
"12906",2016-05-02,1.34686065634092,0.379219209560064
"12907",2016-05-03,3.83641888131036,0.589624706477261
"12908",2016-05-04,1.57048482486274,0.533353468929639
"12909",2016-05-05,0.555538217193552,0.440383598198784
"12910",2016-05-06,1.0889250981013,0.474635655836467
"12911",2016-05-07,2.03461982727051,0.533353468929639
"12912",2016-05-08,0.957589892188709,0.506441137928602
"12913",2016-05-09,0.762226055310833,0.437937022653235
"12914",2016-05-10,0,0.376772634014515
"12915",2016-05-11,0,0.349860303013478
"12916",2016-05-12,0,0.332734274194637
"12917",2016-05-13,0,0.335180849740186
"12918",2016-05-14,1.56495528030395,0.36698633183232
"12919",2016-05-15,0.481890835583211,0.337627425285734
"12920",2016-05-16,0,0.310715094284698
"12921",2016-05-17,0,0.296035641011405
"12922",2016-05-18,0,0.288695914374758
"12923",2016-05-19,0.064939166732928,0.281356187738112
"12924",2016-05-20,0.0207192776883733,0.276463036647014
"12925",2016-05-21,0,0.271569885555917
"12926",2016-05-22,0.493504556794963,0.271569885555917
"12927",2016-05-23,0,0.271569885555917
"12928",2016-05-24,3.08581484708522,0.481975382473114
"12929",2016-05-25,0.879894665218063,0.354753454104576
"12930",2016-05-26,0,0.288695914374758
"12931",2016-05-27,0,0.261783583373722
"12932",2016-05-28,0,0.243434266782106
"12933",2016-05-29,0,0.226797553072374
"12934",2016-05-30,6.25838906288148,0.574945253203968
"12935",2016-05-31,0.264756444576921,0.430597296016589
"12936",2016-06-01,0,0.303375367648051
"12937",2016-06-02,0,0.261783583373722
"12938",2016-06-03,0.0455112218176621,0.242944951672996
"12939",2016-06-04,0.274640112370253,0.234381937263575
"12940",2016-06-05,0.427158164570729,0.376772634014515
"12941",2016-06-06,6.71493332386017,0.560265799930675
"12942",2016-06-07,0,0.352306878559027
"12943",2016-06-08,0.0260501668719031,0.281356187738112
"12944",2016-06-09,0.196812443230818,0.251997281191526
"12945",2016-06-10,0,0.219702483990282
"12946",2016-06-11,0,0.240743033682002
"12947",2016-06-12,2.36242813128895,0.274016461101466
"12948",2016-06-13,0,0.217989881108398
"12949",2016-06-14,0,0.195970701198459
"12950",2016-06-15,0,0.184227138579825
"12951",2016-06-16,0,0.179823302597837
"12952",2016-06-17,0.133727499005734,0.175419466615849
"12953",2016-06-18,0,0.167590424870093
"12954",2016-06-19,0,0.161963301115331
"12955",2016-06-20,0,0.159516725569782
"12956",2016-06-21,0.00309588887789546,0.157804122687898
"12957",2016-06-22,0,0.15242165648769
"12958",2016-06-23,0,0.148751793169367
"12959",2016-06-24,0,0.145326587405599
"12960",2016-06-25,0,0.142146039196385
"12961",2016-06-26,0,0.138231518323507
"12962",2016-06-27,0,0.137742203214397
"12963",2016-06-28,0.814260175413555,0.136029600332513
"12964",2016-06-29,0.760645000868372,0.148751793169367
"12965",2016-06-30,0,0.14336932696916
"12966",2016-07-01,0,0.17248357596119
"12967",2016-07-02,5.70242038408916,0.318054820921344
"12968",2016-07-03,0,0.188875632116367
"12969",2016-07-04,0,0.149485765833032
"12970",2016-07-05,3.69192198181151,0.230467416390697
"12971",2016-07-06,0.00142377781842111,0.177621384606843
"12972",2016-07-07,0,0.156580834915123
"12973",2016-07-08,2.46253954696655,0.175664124170404
"12974",2016-07-09,0.00687055559086407,0.155602204696904
"12975",2016-07-10,0.297387445916732,0.167345767315538
"12976",2016-07-11,0.857908889757261,0.163186588888105
"12977",2016-07-12,0,0.143613984523715
"12978",2016-07-13,0,0.132604394568745
"12979",2016-07-14,2.6288318009509,0.337627425285734
"12980",2016-07-15,2.20600293637647,0.220436456653947
"12981",2016-07-16,0,0.167345767315538
"12982",2016-07-17,0.000347666660052105,0.14239069675094
"12983",2016-07-18,0.000124166666782306,0.131136449241416
"12984",2016-07-19,0.732475722744234,0.125020010377544
"12985",2016-07-20,0,0.119148229068227
"12986",2016-07-21,0,0.115233708195349
"12987",2016-07-22,0,0.112053159986135
"12988",2016-07-23,0.846692500093745,0.113765762868019
"12989",2016-07-24,0,0.11229781754069
"12990",2016-07-25,0,0.125020010377544
"12991",2016-07-26,1.57478099789222,0.116701653522678
"12992",2016-07-27,0,0.108627954222367
"12993",2016-07-28,0,0.104224118240379
"12994",2016-07-29,1.54420288377338,0.116212338413568
"12995",2016-07-30,0.563435226043064,0.168324397533757
"12996",2016-07-31,6.59492203333642,0.342520576376832
"12997",2016-08-01,7.68126456907061,0.667915123934823
"12998",2016-08-02,1.08204627488057,0.320501396466893
"12999",2016-08-03,0.383650165703561,0.203799742944215
"13000",2016-08-04,0,0.165143849324544
"13001",2016-08-05,0,0.147528505396593
"13002",2016-08-06,0,0.144347957187379
"13003",2016-08-07,0.725191281422974,0.138965490987172
"13004",2016-08-08,0,0.125753983041208
"13005",2016-08-09,0,0.117924941295452
"13006",2016-08-10,0.22771338982236,0.12330740749566
"13007",2016-08-11,2.07104206015004,0.217745223553843
"13008",2016-08-12,3.40114851853584,0.195970701198459
"13009",2016-08-13,0.0185587774575882,0.138720833432617
"13010",2016-08-14,2.64424501814445,0.178110699715953
"13011",2016-08-15,0,0.158048780242452
"13012",2016-08-16,0,0.127955901032202
"13013",2016-08-17,1.45481944444444,0.137252888105288
"13014",2016-08-18,0.105905888064913,0.129423846359532
"13015",2016-08-19,0,0.113276447758909
"13016",2016-08-20,0.00643183358582771,0.121594804613775
"13017",2016-08-21,0.937110671430871,0.1729728910703
"13018",2016-08-22,12.4728643858168,0.932145282854093
"13019",2016-08-23,0,0.374326058468966
"13020",2016-08-24,0,0.201842482507776
"13021",2016-08-25,0,0.159516725569782
"13022",2016-08-26,0,0.141167408978166
"13023",2016-08-27,0.26324988964557,0.129179188804977
"13024",2016-08-28,0,0.123062749941105
"13025",2016-08-29,0,0.118169598850007
"13026",2016-08-30,0,0.11131918732247
"13027",2016-08-31,0,0.108383296667812
"13028",2016-09-01,0.346739553923408,0.1127871326498
"13029",2016-09-02,0.592424001140726,0.124286037713879
"13030",2016-09-03,0,0.112542475095245
"13031",2016-09-04,0,0.106181378676818
"13032",2016-09-05,0,0.100798912476611
"13033",2016-09-06,0,0.0995756247038362
"13034",2016-09-07,1.30841038464175,0.116946311077233
"13035",2016-09-08,0.130764054355005,0.120126859286446
"13036",2016-09-09,0.719587224505557,0.12232877727744
"13037",2016-09-10,0.000571166683195366,0.110095899549696
"13038",2016-09-11,0.413930279156815,0.111563844877025
"13039",2016-09-12,0.0619757217449173,0.100554254922056
"13040",2016-09-13,0,0.337627425285734
"13041",2016-09-14,0,0.113031790204355
"13042",2016-09-15,0.151946887436892,0.102511515358495
"13043",2016-09-16,0,0.0990863095947264
"13044",2016-09-17,0,0.0929698707308544
"13045",2016-09-18,0,0.0939485009490739
"13046",2016-09-19,0.196059167530569,0.125020010377544
"13047",2016-09-20,2.70949050082101,0.139699463650836
"13048",2016-09-21,0.00211083341721031,0.110340557104251
"13049",2016-09-22,0,0.107649324004147
"13050",2016-09-23,0,0.0961504189400678
"13051",2016-09-24,1.24565655155314,0.10128822758572
"13052",2016-09-25,0,0.10128822758572
"13053",2016-09-26,0,0.0990863095947264
"13054",2016-09-27,3.53799673340055,0.144837272296489
"13055",2016-09-28,0.0441040000499406,0.155602204696904
"13056",2016-09-29,0.0368526664126614,0.121594804613775
"13057",2016-09-30,0,0.115967680859013
"13058",2016-10-01,1.63527499960528,0.116701653522678
"13059",2016-10-02,0.145937221504334,0.121594804613775
"13060",2016-10-03,0.00339388879761099,0.1127871326498
"13061",2016-10-04,0.273001110976044,0.110829872213361
"13062",2016-10-05,0,0.103000830467604
"13063",2016-10-06,0,0.0990863095947264
"13064",2016-10-07,0,0.0981076793765069
"13065",2016-10-08,0,0.11131918732247
"13066",2016-10-09,2.03084518009093,0.147039190287483
"13067",2016-10-10,3.34689593617121,0.182025220588831
"13068",2016-10-11,0,0.144592614741934
"13069",2016-10-12,0,0.115723023304458
"13070",2016-10-13,0,0.111563844877025
"13071",2016-10-14,0.0375976669346951,0.103979460685824
"13072",2016-10-15,0,0.10128822758572
"13073",2016-10-16,0,0.103979460685824
"13074",2016-10-17,0,0.103490145576714
"13075",2016-10-18,0,0.103245488022159
"13076",2016-10-19,0,0.0971290491582874
"13077",2016-10-20,0,0.101043570031165
"13078",2016-10-21,0.176225611719096,0.0993309671492813
"13079",2016-10-22,0.922988775591055,0.106670693785928
"13080",2016-10-23,2.06969279135598,0.12183946216833
"13081",2016-10-24,0.908982773356966,0.145326587405599
"13082",2016-10-25,0.0103803332154122,0.125264667932099
